tabela;label;modalidade;modalidade_sistema;situacao;orgao;orgao_id;data_publicacao;numero;numero_processo;ano;data_homologacao;data_abertura;data_fechamento;data_protocolo;data_julgamento;valor_estimado;valor_homologado;descricao;fundamento;covid;mp;lei_base;registro_preco;lembretes;orcamento_sigiloso;chave;modalidade_id;situacao_id;ocultar_modalidades;total;empenhos
licitacoes;031/20145;Pregão Presencial;;Homologada;FUNDO MUNICIPAL DE ASSISTÊNCIA SOCIAL;5800;2015-10-06;31;2015047300;20145;2016-04-12;2015-10-21 00:00:00;;;;0.00;;MANUTENÇÃO E CONSERVAÇÃO DE BENS DE IMOVÉIS;;0;;;0;0;0;11539;12;5;;2129;False
licitacoes;000036/2026;Pregão Eletrônico;PREGÃO ELETRÔNICO RP;Aberta;SECRETARIA MUNICIPAL DE INFRAESTRUTURA E SERVIÇOS PÚBLICOS;3500;2026-07-01;000036;622392025;2026;;;;;;1781212.71;0.00;REGISTRO DE PREÇOS PARA A AQUISIÇÃO DE FERRAMENTAS E EQUIPAMENTOS DE USO PROFISSIONAL/INDUSTRIAL, PARA ATENDER AS DEMANDAS DA SECRETARIA MUNICIPAL DE INFRAESTRUTURA E HABITAÇÃO, CONFORME CONDIÇÕES, QUANTIDADES E EXIGÊNCIAS ESTABELECIDAS NO EDITAL E SEUS ANEXOS.;;0;;;0;0;0;41542;13;1;;2129;False
licitacoes;000033/2026;Pregão Eletrônico;PREGÃO ELETRÔNICO RP;Aberta;FUNDO MUNICIPAL DE SAÚDE;3200;2026-06-30;000033;202600984;2026;;2026-07-13 00:00:00;2026-07-13 00:00:00;;;5227848.00;0.00;FUTURA AQUISIÇÃO DE INSUMOS DE ENFERMAGEM, VOLUME III, ÁCIDO PERACÉTICO, PARA ATENDER A REDE MUNICIPAL DE SAÚDE;;0;;;0;0;0;41539;13;1;;2129;False
licitacoes;000031/2026;Pregão Eletrônico;PREGÃO ELETRÔNICO RP;Aberta;SECRETARIA MUNICIPAL DE ZELADORIA URBANA;1900;2026-06-17;000031;2026002372;2026;;;;;;0.00;0.00;AQUISIÇÃO FUTURA E EVENTUAL DE SEMENTES ORNAMENTAIS E MUDAS DE FLORES TIPO ?PLUGS? EM ATENDIMENTO DAS NECESSIDADES DA SECRETARIA MUNICIPAL DE ZELADORIA URBANA, CONFORME CONDIÇÕES, QUANTIDADES E EXIGÊNCIAS ESTABELECIDAS NO EDITAL E SEUS ANEXOS.;;0;;;0;0;0;41526;13;1;;2129;False
licitacoes;000031/2026;Pregão Eletrônico;PREGÃO ELETRÔNICO RP;Aberta;SECRETARIA MUNICIPAL DE ZELADORIA URBANA;1900;2026-06-16;000031;2026002372;2026;;;;;;0.00;0.00;AQUISIÇÃO FUTURA E EVENTUAL DE SEMENTES ORNAMENTAIS E MUDAS DE FLORES TIPO ?PLUGS? EM ATENDIMENTO DAS NECESSIDADES DA SECRETARIA MUNICIPAL DE ZELADORIA URBANA, CONFORME CONDIÇÕES, QUANTIDADES E EXIGÊNCIAS ESTABELECIDAS NO EDITAL E SEUS ANEXOS.;;0;;;0;0;0;41534;13;1;;2129;False
licitacoes;000030/2026;Pregão Eletrônico;PREGAO ELETRONICO;Aberta;INSTITUTO DE PREVIDÊNCIA SOCIAL DO MUNICÍPIO DE PALMAS;6100;2026-06-16;000030;2026000809;2026;;;;;;0.00;0.00;"CONTRATAÇÃO DE EMPRESA PARA A PRESTAÇÃO CONTÍNUA DE SERVIÇOS DE COPEIRAGEM, LIMPEZA E JARDINAGEM, COM DEDICAÇÃO EXCLUSIVA DE MÃO DE OBRA,
INCLUINDO O FORNECIMENTO DE MATERIAIS, INSUMOS, EQUIPAMENTOS E MÁQUINAS NECESSÁRIOS À EXECUÇÃO DOS SERVIÇOS, A SEREM REALIZADOS NAS DEPENDÊNCIAS INTERNAS
E EXTERNAS DA SEDE DO INSTITUTO DE PREVIDÊNCIA SOCIAL DO MUNICÍPIO DE PALMAS.";;0;;;0;0;0;41435;13;1;;2129;False
licitacoes;000029/2026;Pregão Eletrônico;PREGAO ELETRONICO;Aberta;SECRETARIA MUNICIPAL DE DESENVOLVIMENTO RURAL;3300;2026-06-19;000029;2025009753;2026;;;;;;88534.40;0.00;CONTRATAÇÃO DE EMPRESA ESPECIALIZADA NA PRESTAÇÃO DE SERVIÇOS  DE  INSEMINAÇÃO  ARTIFICIAL  EM  TEMPO FIXO  (IATF)  EM  REBANHO  LEITEIRO, COMPREENDENDO O FORNECIMENTO INTEGRAL DE HORMÔNIOS E INSUMOS E OUTROS, EM ATENDIMENTO À META 06 ?ETAPA 6.1 DO PLANO DE TRABALHO DO CONVÊNIO Nº 827714/2016, CELEBRADO ENTRE A PREFEITURA MUNICIPAL DE PALMAS/TO E O MINISTÉRIO DO DESENVOLVIMENTO AGRÁRIO?MDA, VOLTADO  À  OFERTA  EFICIENTE  DE  ASSISTÊNCIA  TÉCNICA  E  EXTENSÃO  RURAL?ATER  AOS  PRODUTORES  RURAIS  DO  MUNICÍPIO  DE  PALMAS/TO.;;0;;;0;0;0;41494;13;1;;2129;False
licitacoes;000028/2026;Pregão Eletrônico;PREGÃO ELETRÔNICO RP;Aberta;FUNDO MUNICIPAL DE SAÚDE;3200;2026-07-01;000028;2026000203;2026;;2026-07-02 00:00:00;;;;0.00;0.00;AQUISIÇÃO DE MEDICAMENTOS (REMUME I) DESTINADOS AO ATENDIMENTO DAS DEMANDAS ASSISTENCIAIS DA REDE MUNICIPAL DE SAÚDE DE PALMAS, VISANDO GARANTIR O ABASTECIMENTO CONTÍNUO E REGULAR DAS UNIDADES DE SAÚDE DO MUNICÍPIO;;0;;;0;0;0;41487;13;1;;2129;False
licitacoes;000026/2026;Pregão Eletrônico;PREGÃO ELETRÔNICO RP;Aberta;FUNDO MUNICIPAL DE SAÚDE;3200;2026-06-15;000026;2026000860;2026;;2026-06-26 00:00:00;;;;5120051.08;0.00;REGISTRO DE PREÇOS PARA A FUTURA AQUISIÇÃO DE FRALDAS DESCARTÁVEIS PARA A REDE MUNICIPAL DE SAÚDE;;0;;;0;0;0;41433;13;1;;2129;False
licitacoes;000025/2026;Pregão Eletrônico;PREGÃO ELETRÔNICO RP;Aberta;FUNDO MUNICIPAL DE SAÚDE;3200;2026-06-16;000025;2026000557;2026;;2026-06-30 00:00:00;;;;442200.50;0.00;REGISTRO DE PREÇOS PARA A AQUISIÇÃO DE INSUMOS DE ENFERMAGEM, VOLUME V, TAPA OLHO, PARA ATENDER A REDE MUNICIPAL DE SAÚDE;;0;;;0;0;0;41442;13;1;;2129;False
licitacoes;000024/2026;Pregão Eletrônico;PREGÃO ELETRÔNICO RP;Aberta;FUNDO MUNICIPAL DE SAÚDE;3200;2026-06-08;000024;2026000252;2026;;2026-06-23 00:00:00;;;;260345.80;0.00;AQUISIÇÃO DE MATERIAIS DE ALMOXARIFADO (BATERIAS, CADEADOS, PILHAS E SIMILARES) PARA A REDE MUNICIPAL DE SAÚDE;;0;;;0;0;0;41401;13;1;;2129;False
licitacoes;000023/2026;Pregão Eletrônico;PREGÃO ELETRÔNICO RP;Aberta;SECRETARIA MUNICIPAL DE ZELADORIA URBANA;1900;2026-06-03;000023;2026002261;2026;;;;;;1408385.50;0.00;REGISTRO DE PREÇOS PARA A AQUISIÇÃO DE MATERIAIS DESTINADOS À MANUTENÇÃO, AMPLIAÇÃO, ADEQUAÇÃO E MODERNIZAÇÃO DOS SISTEMAS DE IRRIGAÇÃO DAS ÁREAS VERDES URBANAS DO MUNICÍPIO DE PALMAS/TO;;0;;;0;0;0;41362;13;1;;2129;False
licitacoes;000021/2026;Pregão Eletrônico;PREGÃO ELETRÔNICO RP;Aberta;SECRETARIA MUNICIPAL DA EDUCAÇÃO;2900;2026-06-01;000021;2026001238;2026;;2026-06-18 00:00:00;;;;140802.84;0.00;CONTRATAÇÃO FUTURA DE EMPRESA ESPECIALIZADA PARA A PRESTAÇÃO DE SERVIÇOS DE LAVAGEM DE VEÍCULOS PARA ATENDER AS DEMANDAS DA SECRETARIA MUNICIPAL DA EDUCAÇÃO DE PALMAS;;0;;;0;0;0;41358;13;1;;2129;False
licitacoes;000020/2026;Pregão Eletrônico;PREGÃO ELETRÔNICO RP;Aberta;SECRETARIA MUNICIPAL DE INFRAESTRUTURA E SERVIÇOS PÚBLICOS;3500;2026-06-02;000020;2025007016;2026;;2026-06-18 00:00:00;;;;9906630.60;0.00;CONTRATAÇÃO DE EMPRESA ESPECIALIZADA PARA FORNECIMENTO DE MATERIAIS BETUMINOSOS RL-1C, RR-2C E EAI;;0;;;0;0;0;41343;13;1;;2129;False
licitacoes;000019/2026;Pregão Eletrônico;PREGAO ELETRONICO;Homologada;SECRETARIA MUNICIPAL DE DESENVOLVIMENTO RURAL;3300;2026-05-29;000019;2025007624;2026;2026-06-30;2026-06-16 00:00:00;;;;211330.56;138000.00;CONTRATAÇÃO DE EMPRESA ESPECIALIZADA PARA A PRESTAÇÃO DE SERVIÇOS DE LOCAÇÃO DE VEÍCULOS AUTOMOTORES, SEM MOTORISTA E SEM FORNECIMENTO DE COMBUSTÍVEL, COM MANUTENÇÃO CORRETIVA E PREVENTIVA INCLUSA, SEGURO TOTAL, E SUBSTITUIÇÃO DE VEÍCULOS EM CASO DE NECESSIDADE, PARA ATENDER AS DEMANDAS OPERACIONAIS RELACIONADAS AO CONVÊNIO Nº 827714/2016, CELEBRADO COM O MINISTÉRIO DO DESENVOLVIMENTO AGRÁRIO ? MDA;;0;;;0;0;0;41338;13;5;;2129;False
licitacoes;000018/2026;Pregão Eletrônico;PREGAO ELETRONICO;Aberta;SECRETARIA MUNICIPAL DE DESENVOLVIMENTO RURAL;3300;2026-05-29;000018;2025009462;2026;;2026-06-08 00:00:00;;;;388854.12;0.00;AQUISIÇÃO DE INSUMOS PARA IMPLANTAÇÃO DE UNIDADES TÉCNICAS DEMONSTRATIVAS, DE ACORDO COM O PREVISTO NO PLANO DE TRABALHO DO CONVÊNIO Nº 827714/2016, CELEBRADO ENTRE A PREFEITURA MUNICIPAL DE PALMAS - TO E O MINISTÉRIO DO DESENVOLVIMENTO AGRÁRIO, OBJETIVANDO A OFERTA EFICIENTE DE ASSISTÊNCIA TÉCNICA E EXTENSÃO RURAL ? ATER AOS PRODUTORES RURAIS DO MUNICÍPIO;;0;;;0;0;0;41331;13;1;;2129;False
licitacoes;000017/2026;Pregão Eletrônico;PREGÃO ELETRÔNICO RP;Aberta;SECRETARIA MUNICIPAL DE INFRAESTRUTURA E SERVIÇOS PÚBLICOS;3500;2026-05-22;000017;2026000757;2026;;2026-06-08 00:00:00;;;;1133985.08;0.00;CONTRATAÇÃO DE EMPRESA PARA FORNECIMENTO, POR MEIO DE SISTEMA DE REGISTRO DE PREÇOS, DE AÇO, TELAS METÁLICAS E TUBOS, DESTINADOS AO ATENDIMENTO DAS DEMANDAS DE MANUTENÇÃO, ADEQUAÇÃO E RECUPERAÇÃO DE EQUIPAMENTOS PÚBLICOS E ESTRUTURAS DE INFRAESTRUTURA URBANA DO MUNICÍPIO DE PALMAS/TO, CONFORME NECESSIDADES DA SECRETARIA MUNICIPAL DE INFRAESTRUTURA E HABITAÇÃO - SEIHAB;;0;;;0;0;0;41274;13;1;;2129;False
licitacoes;000016/2026;Pregão Eletrônico;PREGAO ELETRONICO;Aberta;FUNDO MUNICIPAL DE SAÚDE;3200;2026-05-21;000016;2025008593;2026;;;;;;0.00;0.00;"CONTRATAÇÃO DE EMPRESA ESPECIALIZADA PARA A PRESTAÇÃO DE SERVIÇOS CONTINUADOS DE MANUTENÇÃO PREVENTIVA E CORRETIVA EM ELEVADORES INSTALADOS NAS UNIDADES DA REDE MUNICIPAL
DE SAÚDE DE PALMAS ? TO, INCLUINDO O FORNECIMENTO DE PEÇAS, INSUMOS E ATENDIMENTO EM CARÁTER DE URGÊNCIA E EMERGÊNCIA";;0;;;0;0;0;41271;13;1;;2129;False
licitacoes;000015/2026;Pregão Eletrônico;PREGÃO ELETRÔNICO RP;Aberta;FUNDO MUNICIPAL DE ASSISTÊNCIA SOCIAL;5800;2026-05-14;000015;2026001289;2026;;;;;;0.00;0.00;"REGISTRO DE PREÇOS PARA A ESCOLHA DA PROPOSTA MAIS VANTAJOSA PARA FUTURA CONTRATAÇÃO DE EMPRESA PARA AQUISIÇÃO DE KITS NATALIDADE PARA CONCESSÃO COMO
BENEFÍCIO EVENTUAL DA POLÍTICA DE ASSISTÊNCIA SOCIAL, NA MODALIDADE AUXÍLIO-NATALIDADE, DESTINADO ÀS FAMÍLIAS EM SITUAÇÃO DE VULNERABILIDADE E/OU RISCO SOCIAL, 
ACOMPANHADAS PELA REDE SOCIOASSISTENCIAL DO MUNICÍPIO DE PALMAS-TO.";;0;;;0;0;0;41273;13;1;;2129;False
licitacoes;000014/2026;Pregão Eletrônico;PREGAO ELETRONICO;Homologada;SECRETARIA MUNICIPAL DE ZELADORIA URBANA;1900;2026-05-11;000014;2026001482;2026;2026-06-18;;;;;303346.66;253800.00;A AQUISIÇÃO DE UNIDADE MÓVEL DE PINTURA MECANIZADA URBANA (PINTURA DE MEIO-FIO) DA SECRETARIA MUNICIPAL DE ZELADORIA URBANA.;;0;;;0;0;0;41211;13;5;;2129;False
licitacoes;000013/2026;Pregão Eletrônico;PREGÃO ELETRÔNICO RP;Aberta;FUNDO MUNICIPAL DE SAÚDE;3200;2026-05-14;000013;2026000416;2026;;;;;;0.00;0.00;A ESCOLHA DA PROPOSTA MAIS VANTAJOSA PARA FUTURA AQUISIÇÃO DE INSUMOS DE ENFERMAGEM, VOLUME IV, MÁSCARA TRIPLA.;;0;;;0;0;0;41279;13;1;;2129;False
licitacoes;000010/2026;Pregão Eletrônico;PREGÃO ELETRÔNICO RP;Aberta;SECRETARIA MUNICIPAL DE PLANEJAMENTO E DESENVOLVIMENTO HUMANO;2500;2026-04-29;000010;2026001813;2026;;2026-05-15 00:00:00;;;;28676892.72;0.00;"CONTRATAÇÃO DE EMPRESA ESPECIALIZADA NA PRESTAÇÃO DE SERVIÇOS CONTÍNUOS DE LOCAÇÃO DE VEÍCULOS AUTOMOTORES, DE CARÁTER ADMINISTRATIVO E OPERACIONAL (INCLUINDO VIATURAS ADAPTADAS E CARACTERIZADAS E VEÍCULOS 100% ELÉTRICOS A BATERIA ? BEV,
ACOMPANHADOS DE INFRAESTRUTURA DE RECARGA), DESTINADOS A ATENDER AS DEMANDAS LOGÍSTICAS, OPERACIONAIS E FINALÍSTICAS DOS ÓRGÃOS E ENTIDADES DA ADMINISTRAÇÃO PÚBLICA MUNICIPAL DE PALMAS, MEDIANTE SISTEMA DE REGISTRO DE PREÇOS (SRP).";;0;;;0;0;0;41121;13;1;;2129;False
licitacoes;000009/2026;Concorrência para Compras e Serviços;CONCORRÊNCIA;Aberta;SECRETARIA MUNICIPAL DE INFRAESTRUTURA E SERVIÇOS PÚBLICOS;3500;2026-07-02;000009;2026001448;2026;;2026-07-20 00:00:00;;;;0.00;0.00;CONTRATAÇÃO DE EMPRESA PARA EXECUÇÃO DA OBRA DE TERRAPLANAGEM, PAVIMENTAÇÃO E SINALIZAÇÃO VIÁRIA NA AVENIDA LO-19 (ENTRE AS AVENIDAS NS-09 E NS-15) E AVENIDA NS-15 (ENTRE AS AVENIDAS LO-19 E A PRAIA DO PRATA), NO MUNICÍPIO DE PALMAS, CONFORME TERMOS DO INSTRUMENTO E DEMAIS ELEMENTOS INSTRUTORES ANEXOS;;0;;;0;0;0;41548;5;1;;2129;False
licitacoes;000009/2026;Pregão Eletrônico;PREGÃO ELETRÔNICO RP;Homologada;SECRETARIA MUNICIPAL DE ZELADORIA URBANA;1900;2026-03-16;000009;2025009434;2026;2026-06-15;;;;;786006.37;258487.81;REGISTRO DE PREÇOS PARA A AQUISIÇÃO DE EQUIPAMENTOS DE PROTEÇÃO PARA OS SERVIDORES;;0;;;0;0;0;40770;13;5;;2129;False
licitacoes;000008/2026;Concorrência para Compras e Serviços;CONCORRÊNCIA;Aberta;SECRETARIA MUNICIPAL DE INFRAESTRUTURA E SERVIÇOS PÚBLICOS;3500;2026-05-29;000008;2026000630;2026;;2026-07-30 00:00:00;;;;0.00;0.00;CONTRATAÇÃO DE EMPRESA ESPECIALIZADA NA IMPLANTAÇÃO DO CORREDOR DE TRANSPORTE PÚBLICO COLETIVO POR ÔNIBUS ? TRECHOS 1 E 2 ? SUBMETA 2 - ESTUDOS AMBIENTAIS, PROJETO EXECUTIVO DAS PONTES DE CONCRETO SOBRE O CÓRREGO MACHADO (SENTIDOS NORTE?SUL E SUL?NORTE), EXECUÇÃO DA OBRA DE INFRAESTRUTURA DO TRECHO DA AVENIDA TRAJANO COELHO NETO (ENTRE A AVENIDA L E A AVENIDA ANTÔNIO SAMPAIO), EXECUÇÃO DE SERVIÇOS DE DRENAGEM, TERRAPLENAGEM, PAVIMENTAÇÃO ASFÁLTICA E EM CONCRETO ARMADO, CALÇADAS, SINALIZAÇÃO VIÁRIA E OBRAS DE ARTE CORRENTE;;0;;;0;0;0;41334;5;1;;2129;False
licitacoes;000008/2026;Pregão Eletrônico;PREGÃO ELETRÔNICO RP;Aberta;SECRETARIA MUNICIPAL DE ZELADORIA URBANA;1900;2026-03-11;000008;2025009813;2026;;2026-03-27 00:00:00;;;;3354158.52;0.00;CONTRATAÇÃO DE EMPRESA ESPECIALIZADA NA PRESTAÇÃO DE SERVIÇOS DE LOCAÇÃO DE ROÇADEIRAS TIPO COSTAIS (CORTE COM FIO E COM LÂMINA), MOTOSSERRA, MOTOR PODA, SOPRADOR, PULVERIZADOR E PODADOR DE ARBUSTOS PELO PERÍODO DE 12 (DOZE) MESES, POR MEIO DO SISTEMA DE REGISTRO DE PREÇOS, VISANDO ATENDER ÀS NECESSIDADES OPERACIONAIS DO DEPARTAMENTO TÉCNICO OPERACIONAL DO ÓRGÃO DEMANDANTE, CONFORME CONDIÇÕES, QUANTITATIVOS, ESPECIFICAÇÕES E EXIGÊNCIAS ESTABELECIDAS NESTE EDITAL E SEUS ANEXOS.;;0;;;0;0;0;40698;13;1;;2129;False
licitacoes;000007/2026;Concorrência para Obras e Serviços de Engenharia;CONCORRÊNCIA PÚBLICA PARA OBRAS E SERVIÇOS DE ENGENHARIA;Aberta;SECRETARIA MUNICIPAL DE INFRAESTRUTURA E SERVIÇOS PÚBLICOS;3500;2026-06-09;000007;462842025;2026;;;;;;0.00;0.00;CONTRATAÇÃO DE EMPRESA ESPECIALIZADA PARA EXECUÇÃO E RECUPERAÇÃO DE GUIAS (MEIO-FIO) SEM SARJETA, INCLUINDO FORNECIMENTO DE MATERIAL, MÃO-DE-OBRA, TRANSPORTE DE MATERIAL, EQUIPAMENTO, LIMPEZA E FORNECIMENTO DE MEIO-FIO PRÉ-MOLDADO, NO MUNICÍPIO DE PALMAS ? TO.;;0;;;0;0;0;41432;6;1;;2129;False
licitacoes;000007/2026;Pregão Eletrônico;PREGÃO ELETRÔNICO RP;Homologada;SECRETARIA MUNICIPAL DE ZELADORIA URBANA;1900;2026-03-05;000007;2026000374;2026;2026-05-26;;;;;1976726.01;1081987.44;REGISTRO DE PREÇOS PARA A AQUISIÇÃO DE FERRAMENTAS E MATERIAIS DE CONSTRUÇÃO, PARA A SECRETARIA MUNICIPAL DE ZELADORIA URBANA;;0;;;0;0;0;40641;13;5;;2129;False
licitacoes;000006/2026;Concorrência para Obras e Serviços de Engenharia;CONCORRÊNCIA PÚBLICA PARA OBRAS E SERVIÇOS DE ENGENHARIA;Aberta;SECRETARIA MUNICIPAL DE INFRAESTRUTURA E SERVIÇOS PÚBLICOS;3500;2026-06-01;000006;724682025;2026;;;;;;0.00;0.00;CONTRATAÇÃO DE EMPRESA ESPECIALIZADA PARA EXECUÇÃO DA OBRA DE DRENAGEM PLUVIAL, TERRAPLANAGEM, PAVIMENTAÇÃO, CALÇADAS ACESSÍVEIS E SINALIZAÇÃO VIÁRIA NA AVENIDA NS-A ENTRE AS AVENIDAS LO-25 E LO-27 (QUADRA 1101 SUL - ANTIGA ACSU SO 110) E AVENIDA NS-A ENTRE AS AVENIDAS LO-29 E LO-31 (QUADRA 1301 SUL - ANTIGA ACSU SO 130), NO MUNICÍPIO DE PALMAS.;;0;;;0;0;0;41337;6;1;;2129;False
licitacoes;000005/2026;Concorrência para Obras e Serviços de Engenharia;CONCORRÊNCIA PÚBLICA PARA OBRAS E SERVIÇOS DE ENGENHARIA;Aberta;SECRETARIA MUNICIPAL DA EDUCAÇÃO;2900;2026-05-26;000005;2026002014;2026;;2026-06-19 00:00:00;;;;0.00;0.00;CONTRATAÇÃO DE EMPRESA ESPECIALIZADA PARA A CONSTRUÇÃO DE CENTRO MUNICIPAL DE EDUCAÇÃO INFANTIL ? CMEI, CONFORME TERMOS DESTE INSTRUMENTO E DEMAIS ELEMENTOS INSTRUTORES ANEXOS;;0;;;0;0;0;41270;6;1;;2129;False
licitacoes;000005/2026;Pregão Eletrônico;PREGÃO ELETRÔNICO RP;Anulada;SECRETARIA MUNICIPAL DE ZELADORIA URBANA;1900;2026-02-10;000005;2025009813;2026;;2026-02-27 00:00:00;;;;3354158.52;0.00;FUTURA CONTRATAÇÃO DE EMPRESA ESPECIALIZADA NA PRESTAÇÃO DE SERVIÇOS DE LOCAÇÃO DE ROÇADEIRAS TIPO COSTAIS (CORTE COM FIO E COM LÂMINA), MOTOSSERRA, MOTOR PODA, SOPRADOR, PULVERIZADOR E PODADOR DE ARBUSTOS PELO PERÍODO DE 12 (DOZE) MESES, POR MEIO DO SISTEMA DE REGISTRO DE PREÇOS, VISANDO ATENDER ÀS NECESSIDADES OPERACIONAIS DO DEPARTAMENTO TÉCNICO OPERACIONAL DO ÓRGÃO DEMANDANTE;;0;;;0;0;0;40384;13;9;;2129;False
licitacoes;000004/2026;Concorrência para Obras e Serviços de Engenharia;CONCORRÊNCIA PÚBLICA PARA OBRAS E SERVIÇOS DE ENGENHARIA;Aberta;SECRETARIA MUNICIPAL DA EDUCAÇÃO;2900;2026-05-15;000004;2026002374;2026;;;;;;2686996.47;0.00;CONTRATAÇÃO DE EMPRESA ESPECIALIZADA PARA A CONSTRUÇÃO DA ESCOLA MUNICIPAL DE TEMPO INTEGRAL - ETI AURENY I, PALMAS/TO.;;0;;;0;0;0;41260;6;1;;2129;False
licitacoes;000003/2026;Pregão Eletrônico;PREGÃO ELETRÔNICO RP;Homologada;SECRETARIA MUNICIPAL DE PLANEJAMENTO E DESENVOLVIMENTO HUMANO;2500;2026-03-13;000003;2025003424;2026;;2026-02-27 00:00:00;;;;0.00;0.00;FUTURA CONTRATAÇÃO DE EMPRESA ESPECIALIZADA NA PRESTAÇÃO DE SERVIÇOS DE TELEFONIA MÓVEL, COM TECNOLOGIA DIGITAL 4G OU SUPERIOR, ROAMING NACIONAL E INTERNACIONAL, INCLUINDO PACOTE MÍNIMO DE 30GB DE FRANQUIA DE DADOS POR LINHA, E COM FORNECIMENTO DE APARELHOS EM REGIME DE COMODATO, PARA ATENDER ÀS NECESSIDADES DA PREFEITURA DE PALMAS, CONFORME CONDIÇÕES, QUANTITATIVOS, ESPECIFICAÇÕES E EXIGÊNCIAS ESTABELECIDAS NO EDITAL E SEUS ANEXOS;;0;;;0;0;0;40388;13;5;;2129;False
licitacoes;000003/2026;Pregão Eletrônico;PREGÃO ELETRÔNICO RP;Homologada;CONTROLADORIA-GERAL DO MUNICÍPIO;9908;2026-03-13;000003;2025003424;2026;;2026-02-27 00:00:00;;;;0.00;0.00;FUTURA CONTRATAÇÃO DE EMPRESA ESPECIALIZADA NA PRESTAÇÃO DE SERVIÇOS DE TELEFONIA MÓVEL, COM TECNOLOGIA DIGITAL 4G OU SUPERIOR, ROAMING NACIONAL E INTERNACIONAL, INCLUINDO PACOTE MÍNIMO DE 30GB DE FRANQUIA DE DADOS POR LINHA, E COM FORNECIMENTO DE APARELHOS EM REGIME DE COMODATO, PARA ATENDER ÀS NECESSIDADES DA PREFEITURA DE PALMAS, CONFORME CONDIÇÕES, QUANTITATIVOS, ESPECIFICAÇÕES E EXIGÊNCIAS ESTABELECIDAS NO EDITAL E SEUS ANEXOS;;0;;;0;0;0;41317;13;5;;2129;False
licitacoes;000003/2026;Pregão Eletrônico;PREGÃO ELETRÔNICO RP;Homologada;SECRETARIA MUNICIPAL DE TURISMO;9910;2026-03-13;000003;2025003424;2026;;2026-02-27 00:00:00;;;;0.00;0.00;FUTURA CONTRATAÇÃO DE EMPRESA ESPECIALIZADA NA PRESTAÇÃO DE SERVIÇOS DE TELEFONIA MÓVEL, COM TECNOLOGIA DIGITAL 4G OU SUPERIOR, ROAMING NACIONAL E INTERNACIONAL, INCLUINDO PACOTE MÍNIMO DE 30GB DE FRANQUIA DE DADOS POR LINHA, E COM FORNECIMENTO DE APARELHOS EM REGIME DE COMODATO, PARA ATENDER ÀS NECESSIDADES DA PREFEITURA DE PALMAS, CONFORME CONDIÇÕES, QUANTITATIVOS, ESPECIFICAÇÕES E EXIGÊNCIAS ESTABELECIDAS NO EDITAL E SEUS ANEXOS;;0;;;0;0;0;41318;13;5;;2129;False
licitacoes;000003/2026;Pregão Eletrônico;PREGÃO ELETRÔNICO RP;Homologada;SECRETARIA MUNICIPAL DE PROTEÇÃO E BEM-ESTAR ANIMAL;9901;2026-03-13;000003;2025003424;2026;;2026-02-27 00:00:00;;;;0.00;0.00;FUTURA CONTRATAÇÃO DE EMPRESA ESPECIALIZADA NA PRESTAÇÃO DE SERVIÇOS DE TELEFONIA MÓVEL, COM TECNOLOGIA DIGITAL 4G OU SUPERIOR, ROAMING NACIONAL E INTERNACIONAL, INCLUINDO PACOTE MÍNIMO DE 30GB DE FRANQUIA DE DADOS POR LINHA, E COM FORNECIMENTO DE APARELHOS EM REGIME DE COMODATO, PARA ATENDER ÀS NECESSIDADES DA PREFEITURA DE PALMAS, CONFORME CONDIÇÕES, QUANTITATIVOS, ESPECIFICAÇÕES E EXIGÊNCIAS ESTABELECIDAS NO EDITAL E SEUS ANEXOS;;0;;;0;0;0;41319;13;5;;2129;False
licitacoes;000003/2026;Pregão Eletrônico;PREGÃO ELETRÔNICO RP;Homologada;SECRETARIA MUNICIPAL DE ZELADORIA URBANA;1900;2026-03-13;000003;2025003424;2026;;2026-02-27 00:00:00;;;;0.00;0.00;FUTURA CONTRATAÇÃO DE EMPRESA ESPECIALIZADA NA PRESTAÇÃO DE SERVIÇOS DE TELEFONIA MÓVEL, COM TECNOLOGIA DIGITAL 4G OU SUPERIOR, ROAMING NACIONAL E INTERNACIONAL, INCLUINDO PACOTE MÍNIMO DE 30GB DE FRANQUIA DE DADOS POR LINHA, E COM FORNECIMENTO DE APARELHOS EM REGIME DE COMODATO, PARA ATENDER ÀS NECESSIDADES DA PREFEITURA DE PALMAS, CONFORME CONDIÇÕES, QUANTITATIVOS, ESPECIFICAÇÕES E EXIGÊNCIAS ESTABELECIDAS NO EDITAL E SEUS ANEXOS;;0;;;0;0;0;41320;13;5;;2129;False
licitacoes;000003/2026;Pregão Eletrônico;PREGÃO ELETRÔNICO RP;Homologada;SECRETARIA DO GABINETE DO PREFEITO;9909;2026-03-13;000003;2025003424;2026;;2026-02-27 00:00:00;;;;0.00;0.00;FUTURA CONTRATAÇÃO DE EMPRESA ESPECIALIZADA NA PRESTAÇÃO DE SERVIÇOS DE TELEFONIA MÓVEL, COM TECNOLOGIA DIGITAL 4G OU SUPERIOR, ROAMING NACIONAL E INTERNACIONAL, INCLUINDO PACOTE MÍNIMO DE 30GB DE FRANQUIA DE DADOS POR LINHA, E COM FORNECIMENTO DE APARELHOS EM REGIME DE COMODATO, PARA ATENDER ÀS NECESSIDADES DA PREFEITURA DE PALMAS, CONFORME CONDIÇÕES, QUANTITATIVOS, ESPECIFICAÇÕES E EXIGÊNCIAS ESTABELECIDAS NO EDITAL E SEUS ANEXOS;;0;;;0;0;0;41321;13;5;;2129;False
licitacoes;000003/2026;Pregão Eletrônico;PREGÃO ELETRÔNICO RP;Homologada;PROCURADORIA GERAL DO MUNICÍPIO DE PALMAS;2300;2026-03-13;000003;2025003424;2026;;2026-02-27 00:00:00;;;;0.00;0.00;FUTURA CONTRATAÇÃO DE EMPRESA ESPECIALIZADA NA PRESTAÇÃO DE SERVIÇOS DE TELEFONIA MÓVEL, COM TECNOLOGIA DIGITAL 4G OU SUPERIOR, ROAMING NACIONAL E INTERNACIONAL, INCLUINDO PACOTE MÍNIMO DE 30GB DE FRANQUIA DE DADOS POR LINHA, E COM FORNECIMENTO DE APARELHOS EM REGIME DE COMODATO, PARA ATENDER ÀS NECESSIDADES DA PREFEITURA DE PALMAS, CONFORME CONDIÇÕES, QUANTITATIVOS, ESPECIFICAÇÕES E EXIGÊNCIAS ESTABELECIDAS NO EDITAL E SEUS ANEXOS;;0;;;0;0;0;41322;13;5;;2129;False
licitacoes;000003/2026;Pregão Eletrônico;PREGÃO ELETRÔNICO RP;Homologada;SECRETARIA MUNICIPAL DE DESENVOLVIMENTO ECONÔMICO E EMPREGO;2600;2026-03-13;000003;2025003424;2026;;2026-02-27 00:00:00;;;;0.00;0.00;FUTURA CONTRATAÇÃO DE EMPRESA ESPECIALIZADA NA PRESTAÇÃO DE SERVIÇOS DE TELEFONIA MÓVEL, COM TECNOLOGIA DIGITAL 4G OU SUPERIOR, ROAMING NACIONAL E INTERNACIONAL, INCLUINDO PACOTE MÍNIMO DE 30GB DE FRANQUIA DE DADOS POR LINHA, E COM FORNECIMENTO DE APARELHOS EM REGIME DE COMODATO, PARA ATENDER ÀS NECESSIDADES DA PREFEITURA DE PALMAS, CONFORME CONDIÇÕES, QUANTITATIVOS, ESPECIFICAÇÕES E EXIGÊNCIAS ESTABELECIDAS NO EDITAL E SEUS ANEXOS;;0;;;0;0;0;41323;13;5;;2129;False
licitacoes;000003/2026;Pregão Eletrônico;PREGÃO ELETRÔNICO RP;Homologada;SECRETARIA MUNICIPAL DA FAZENDA E TRANSFORMAÇÃO DIGITAL;2700;2026-03-13;000003;2025003424;2026;;2026-02-27 00:00:00;;;;0.00;0.00;FUTURA CONTRATAÇÃO DE EMPRESA ESPECIALIZADA NA PRESTAÇÃO DE SERVIÇOS DE TELEFONIA MÓVEL, COM TECNOLOGIA DIGITAL 4G OU SUPERIOR, ROAMING NACIONAL E INTERNACIONAL, INCLUINDO PACOTE MÍNIMO DE 30GB DE FRANQUIA DE DADOS POR LINHA, E COM FORNECIMENTO DE APARELHOS EM REGIME DE COMODATO, PARA ATENDER ÀS NECESSIDADES DA PREFEITURA DE PALMAS, CONFORME CONDIÇÕES, QUANTITATIVOS, ESPECIFICAÇÕES E EXIGÊNCIAS ESTABELECIDAS NO EDITAL E SEUS ANEXOS;;0;;;0;0;0;41324;13;5;;2129;False
licitacoes;000003/2026;Pregão Eletrônico;PREGÃO ELETRÔNICO RP;Homologada;SECRETARIA MUNICIPAL DE INFRAESTRUTURA E SERVIÇOS PÚBLICOS;3500;2026-03-13;000003;2025003424;2026;;2026-02-27 00:00:00;;;;0.00;0.00;FUTURA CONTRATAÇÃO DE EMPRESA ESPECIALIZADA NA PRESTAÇÃO DE SERVIÇOS DE TELEFONIA MÓVEL, COM TECNOLOGIA DIGITAL 4G OU SUPERIOR, ROAMING NACIONAL E INTERNACIONAL, INCLUINDO PACOTE MÍNIMO DE 30GB DE FRANQUIA DE DADOS POR LINHA, E COM FORNECIMENTO DE APARELHOS EM REGIME DE COMODATO, PARA ATENDER ÀS NECESSIDADES DA PREFEITURA DE PALMAS, CONFORME CONDIÇÕES, QUANTITATIVOS, ESPECIFICAÇÕES E EXIGÊNCIAS ESTABELECIDAS NO EDITAL E SEUS ANEXOS;;0;;;0;0;0;41346;13;5;;2129;False
licitacoes;000003/2026;Pregão Eletrônico;PREGÃO ELETRÔNICO RP;Homologada;SECRETARIA MUNICIPAL DE DESENVOLVIMENTO SOCIAL;3700;2026-03-13;000003;2025003424;2026;;2026-02-27 00:00:00;;;;0.00;0.00;FUTURA CONTRATAÇÃO DE EMPRESA ESPECIALIZADA NA PRESTAÇÃO DE SERVIÇOS DE TELEFONIA MÓVEL, COM TECNOLOGIA DIGITAL 4G OU SUPERIOR, ROAMING NACIONAL E INTERNACIONAL, INCLUINDO PACOTE MÍNIMO DE 30GB DE FRANQUIA DE DADOS POR LINHA, E COM FORNECIMENTO DE APARELHOS EM REGIME DE COMODATO, PARA ATENDER ÀS NECESSIDADES DA PREFEITURA DE PALMAS, CONFORME CONDIÇÕES, QUANTITATIVOS, ESPECIFICAÇÕES E EXIGÊNCIAS ESTABELECIDAS NO EDITAL E SEUS ANEXOS;;0;;;0;0;0;41347;13;5;;2129;False
licitacoes;000003/2026;Pregão Eletrônico;PREGÃO ELETRÔNICO RP;Homologada;SECRETARIA MUNICIPAL DE COMUNICAÇÃO;5600;2026-03-13;000003;2025003424;2026;;2026-02-27 00:00:00;;;;0.00;0.00;FUTURA CONTRATAÇÃO DE EMPRESA ESPECIALIZADA NA PRESTAÇÃO DE SERVIÇOS DE TELEFONIA MÓVEL, COM TECNOLOGIA DIGITAL 4G OU SUPERIOR, ROAMING NACIONAL E INTERNACIONAL, INCLUINDO PACOTE MÍNIMO DE 30GB DE FRANQUIA DE DADOS POR LINHA, E COM FORNECIMENTO DE APARELHOS EM REGIME DE COMODATO, PARA ATENDER ÀS NECESSIDADES DA PREFEITURA DE PALMAS, CONFORME CONDIÇÕES, QUANTITATIVOS, ESPECIFICAÇÕES E EXIGÊNCIAS ESTABELECIDAS NO EDITAL E SEUS ANEXOS;;0;;;0;0;0;41348;13;5;;2129;False
licitacoes;000003/2026;Pregão Eletrônico;PREGÃO ELETRÔNICO RP;Homologada;FUNDAÇÃO CULTURAL DE PALMAS;7100;2026-03-13;000003;2025003424;2026;;2026-02-27 00:00:00;;;;0.00;0.00;FUTURA CONTRATAÇÃO DE EMPRESA ESPECIALIZADA NA PRESTAÇÃO DE SERVIÇOS DE TELEFONIA MÓVEL, COM TECNOLOGIA DIGITAL 4G OU SUPERIOR, ROAMING NACIONAL E INTERNACIONAL, INCLUINDO PACOTE MÍNIMO DE 30GB DE FRANQUIA DE DADOS POR LINHA, E COM FORNECIMENTO DE APARELHOS EM REGIME DE COMODATO, PARA ATENDER ÀS NECESSIDADES DA PREFEITURA DE PALMAS, CONFORME CONDIÇÕES, QUANTITATIVOS, ESPECIFICAÇÕES E EXIGÊNCIAS ESTABELECIDAS NO EDITAL E SEUS ANEXOS;;0;;;0;0;0;41349;13;5;;2129;False
licitacoes;000003/2026;Pregão Eletrônico;PREGÃO ELETRÔNICO RP;Homologada;FUNDAÇÃO DE MEIO AMBIENTE DE PALMAS;7800;2026-03-13;000003;2025003424;2026;;2026-02-27 00:00:00;;;;0.00;0.00;FUTURA CONTRATAÇÃO DE EMPRESA ESPECIALIZADA NA PRESTAÇÃO DE SERVIÇOS DE TELEFONIA MÓVEL, COM TECNOLOGIA DIGITAL 4G OU SUPERIOR, ROAMING NACIONAL E INTERNACIONAL, INCLUINDO PACOTE MÍNIMO DE 30GB DE FRANQUIA DE DADOS POR LINHA, E COM FORNECIMENTO DE APARELHOS EM REGIME DE COMODATO, PARA ATENDER ÀS NECESSIDADES DA PREFEITURA DE PALMAS, CONFORME CONDIÇÕES, QUANTITATIVOS, ESPECIFICAÇÕES E EXIGÊNCIAS ESTABELECIDAS NO EDITAL E SEUS ANEXOS;;0;;;0;0;0;41350;13;5;;2129;False
licitacoes;000003/2026;Pregão Eletrônico;PREGÃO ELETRÔNICO RP;Homologada;AGENCIA DE REGULACAO, CONTROLE E FISCALIZACAO DE SERVICOS PUBLICOS DE PALMAS;9100;2026-03-13;000003;2025003424;2026;;2026-02-27 00:00:00;;;;0.00;0.00;FUTURA CONTRATAÇÃO DE EMPRESA ESPECIALIZADA NA PRESTAÇÃO DE SERVIÇOS DE TELEFONIA MÓVEL, COM TECNOLOGIA DIGITAL 4G OU SUPERIOR, ROAMING NACIONAL E INTERNACIONAL, INCLUINDO PACOTE MÍNIMO DE 30GB DE FRANQUIA DE DADOS POR LINHA, E COM FORNECIMENTO DE APARELHOS EM REGIME DE COMODATO, PARA ATENDER ÀS NECESSIDADES DA PREFEITURA DE PALMAS, CONFORME CONDIÇÕES, QUANTITATIVOS, ESPECIFICAÇÕES E EXIGÊNCIAS ESTABELECIDAS NO EDITAL E SEUS ANEXOS;;0;;;0;0;0;41351;13;5;;2129;False
licitacoes;000003/2026;Pregão Eletrônico;PREGÃO ELETRÔNICO RP;Homologada;CASA CIVIL DO MUNICÍPIO DE PALMAS;9300;2026-03-13;000003;2025003424;2026;;2026-02-27 00:00:00;;;;0.00;0.00;FUTURA CONTRATAÇÃO DE EMPRESA ESPECIALIZADA NA PRESTAÇÃO DE SERVIÇOS DE TELEFONIA MÓVEL, COM TECNOLOGIA DIGITAL 4G OU SUPERIOR, ROAMING NACIONAL E INTERNACIONAL, INCLUINDO PACOTE MÍNIMO DE 30GB DE FRANQUIA DE DADOS POR LINHA, E COM FORNECIMENTO DE APARELHOS EM REGIME DE COMODATO, PARA ATENDER ÀS NECESSIDADES DA PREFEITURA DE PALMAS, CONFORME CONDIÇÕES, QUANTITATIVOS, ESPECIFICAÇÕES E EXIGÊNCIAS ESTABELECIDAS NO EDITAL E SEUS ANEXOS;;0;;;0;0;0;41352;13;5;;2129;False
licitacoes;000003/2026;Pregão Eletrônico;PREGÃO ELETRÔNICO RP;Homologada;SECRETARIA MUNICIPAL DE DESENVOLVIMENTO URBANO E SERVIÇOS REGIONAIS;9400;2026-03-13;000003;2025003424;2026;;2026-02-27 00:00:00;;;;0.00;0.00;FUTURA CONTRATAÇÃO DE EMPRESA ESPECIALIZADA NA PRESTAÇÃO DE SERVIÇOS DE TELEFONIA MÓVEL, COM TECNOLOGIA DIGITAL 4G OU SUPERIOR, ROAMING NACIONAL E INTERNACIONAL, INCLUINDO PACOTE MÍNIMO DE 30GB DE FRANQUIA DE DADOS POR LINHA, E COM FORNECIMENTO DE APARELHOS EM REGIME DE COMODATO, PARA ATENDER ÀS NECESSIDADES DA PREFEITURA DE PALMAS, CONFORME CONDIÇÕES, QUANTITATIVOS, ESPECIFICAÇÕES E EXIGÊNCIAS ESTABELECIDAS NO EDITAL E SEUS ANEXOS;;0;;;0;0;0;41353;13;5;;2129;False
licitacoes;000003/2026;Pregão Eletrônico;PREGÃO ELETRÔNICO RP;Homologada;SECRETARIA MUNICIPAL DA EDUCAÇÃO;2900;2026-03-13;000003;2025003424;2026;;2026-02-27 00:00:00;;;;0.00;0.00;FUTURA CONTRATAÇÃO DE EMPRESA ESPECIALIZADA NA PRESTAÇÃO DE SERVIÇOS DE TELEFONIA MÓVEL, COM TECNOLOGIA DIGITAL 4G OU SUPERIOR, ROAMING NACIONAL E INTERNACIONAL, INCLUINDO PACOTE MÍNIMO DE 30GB DE FRANQUIA DE DADOS POR LINHA, E COM FORNECIMENTO DE APARELHOS EM REGIME DE COMODATO, PARA ATENDER ÀS NECESSIDADES DA PREFEITURA DE PALMAS, CONFORME CONDIÇÕES, QUANTITATIVOS, ESPECIFICAÇÕES E EXIGÊNCIAS ESTABELECIDAS NO EDITAL E SEUS ANEXOS;;0;;;0;0;0;41354;13;5;;2129;False
licitacoes;000003/2026;Pregão Eletrônico;PREGÃO ELETRÔNICO RP;Homologada;FUNDO MUNICIPAL DE SAÚDE;3200;2026-03-13;000003;2025003424;2026;;2026-02-27 00:00:00;;;;0.00;0.00;FUTURA CONTRATAÇÃO DE EMPRESA ESPECIALIZADA NA PRESTAÇÃO DE SERVIÇOS DE TELEFONIA MÓVEL, COM TECNOLOGIA DIGITAL 4G OU SUPERIOR, ROAMING NACIONAL E INTERNACIONAL, INCLUINDO PACOTE MÍNIMO DE 30GB DE FRANQUIA DE DADOS POR LINHA, E COM FORNECIMENTO DE APARELHOS EM REGIME DE COMODATO, PARA ATENDER ÀS NECESSIDADES DA PREFEITURA DE PALMAS, CONFORME CONDIÇÕES, QUANTITATIVOS, ESPECIFICAÇÕES E EXIGÊNCIAS ESTABELECIDAS NO EDITAL E SEUS ANEXOS;;0;;;0;0;0;41355;13;5;;2129;False
licitacoes;000003/2026;Pregão Eletrônico;PREGÃO ELETRÔNICO RP;Homologada;SECRETARIA MUNICIPAL DE PLANEJAMENTO E DESENVOLVIMENTO HUMANO;2500;2026-03-13;000003;2025003424;2026;2026-06-08;2026-02-27 00:00:00;;;;28274.40;28274.40;FUTURA CONTRATAÇÃO DE EMPRESA ESPECIALIZADA NA PRESTAÇÃO DE SERVIÇOS DE TELEFONIA MÓVEL, COM TECNOLOGIA DIGITAL 4G OU SUPERIOR, ROAMING NACIONAL E INTERNACIONAL, INCLUINDO PACOTE MÍNIMO DE 30GB DE FRANQUIA DE DADOS POR LINHA, E COM FORNECIMENTO DE APARELHOS EM REGIME DE COMODATO, PARA ATENDER ÀS NECESSIDADES DA PREFEITURA DE PALMAS, CONFORME CONDIÇÕES, QUANTITATIVOS, ESPECIFICAÇÕES E EXIGÊNCIAS ESTABELECIDAS NO EDITAL E SEUS ANEXOS;;0;;;0;0;0;41368;13;5;;2129;False
licitacoes;000003/2026;Pregão Eletrônico;PREGÃO ELETRÔNICO RP;Homologada;CONTROLADORIA-GERAL DO MUNICÍPIO;9908;2026-03-13;000003;2025003424;2026;2026-06-08;2026-02-27 00:00:00;;;;28274.40;5821.20;FUTURA CONTRATAÇÃO DE EMPRESA ESPECIALIZADA NA PRESTAÇÃO DE SERVIÇOS DE TELEFONIA MÓVEL, COM TECNOLOGIA DIGITAL 4G OU SUPERIOR, ROAMING NACIONAL E INTERNACIONAL, INCLUINDO PACOTE MÍNIMO DE 30GB DE FRANQUIA DE DADOS POR LINHA, E COM FORNECIMENTO DE APARELHOS EM REGIME DE COMODATO, PARA ATENDER ÀS NECESSIDADES DA PREFEITURA DE PALMAS, CONFORME CONDIÇÕES, QUANTITATIVOS, ESPECIFICAÇÕES E EXIGÊNCIAS ESTABELECIDAS NO EDITAL E SEUS ANEXOS;;0;;;0;0;0;41369;13;5;;2129;False
licitacoes;000003/2026;Pregão Eletrônico;PREGÃO ELETRÔNICO RP;Homologada;SECRETARIA MUNICIPAL DE TURISMO;9910;2026-03-13;000003;2025003424;2026;2026-06-08;2026-02-27 00:00:00;;;;5821.20;10810.80;FUTURA CONTRATAÇÃO DE EMPRESA ESPECIALIZADA NA PRESTAÇÃO DE SERVIÇOS DE TELEFONIA MÓVEL, COM TECNOLOGIA DIGITAL 4G OU SUPERIOR, ROAMING NACIONAL E INTERNACIONAL, INCLUINDO PACOTE MÍNIMO DE 30GB DE FRANQUIA DE DADOS POR LINHA, E COM FORNECIMENTO DE APARELHOS EM REGIME DE COMODATO, PARA ATENDER ÀS NECESSIDADES DA PREFEITURA DE PALMAS, CONFORME CONDIÇÕES, QUANTITATIVOS, ESPECIFICAÇÕES E EXIGÊNCIAS ESTABELECIDAS NO EDITAL E SEUS ANEXOS;;0;;;0;0;0;41370;13;5;;2129;False
licitacoes;000003/2026;Pregão Eletrônico;PREGÃO ELETRÔNICO RP;Homologada;SECRETARIA MUNICIPAL DE PROTEÇÃO E BEM-ESTAR ANIMAL;9901;2026-03-13;000003;2025003424;2026;2026-06-08;2026-02-27 00:00:00;;;;10810.80;4158.00;FUTURA CONTRATAÇÃO DE EMPRESA ESPECIALIZADA NA PRESTAÇÃO DE SERVIÇOS DE TELEFONIA MÓVEL, COM TECNOLOGIA DIGITAL 4G OU SUPERIOR, ROAMING NACIONAL E INTERNACIONAL, INCLUINDO PACOTE MÍNIMO DE 30GB DE FRANQUIA DE DADOS POR LINHA, E COM FORNECIMENTO DE APARELHOS EM REGIME DE COMODATO, PARA ATENDER ÀS NECESSIDADES DA PREFEITURA DE PALMAS, CONFORME CONDIÇÕES, QUANTITATIVOS, ESPECIFICAÇÕES E EXIGÊNCIAS ESTABELECIDAS NO EDITAL E SEUS ANEXOS;;0;;;0;0;0;41371;13;5;;2129;False
licitacoes;000003/2026;Pregão Eletrônico;PREGÃO ELETRÔNICO RP;Homologada;SECRETARIA MUNICIPAL DE ZELADORIA URBANA;1900;2026-03-13;000003;2025003424;2026;2026-06-08;2026-02-27 00:00:00;;;;4158.00;1663.20;FUTURA CONTRATAÇÃO DE EMPRESA ESPECIALIZADA NA PRESTAÇÃO DE SERVIÇOS DE TELEFONIA MÓVEL, COM TECNOLOGIA DIGITAL 4G OU SUPERIOR, ROAMING NACIONAL E INTERNACIONAL, INCLUINDO PACOTE MÍNIMO DE 30GB DE FRANQUIA DE DADOS POR LINHA, E COM FORNECIMENTO DE APARELHOS EM REGIME DE COMODATO, PARA ATENDER ÀS NECESSIDADES DA PREFEITURA DE PALMAS, CONFORME CONDIÇÕES, QUANTITATIVOS, ESPECIFICAÇÕES E EXIGÊNCIAS ESTABELECIDAS NO EDITAL E SEUS ANEXOS;;0;;;0;0;0;41372;13;5;;2129;False
licitacoes;000003/2026;Pregão Eletrônico;PREGÃO ELETRÔNICO RP;Homologada;SECRETARIA DO GABINETE DO PREFEITO;9909;2026-03-13;000003;2025003424;2026;2026-06-08;2026-02-27 00:00:00;;;;1663.20;13305.60;FUTURA CONTRATAÇÃO DE EMPRESA ESPECIALIZADA NA PRESTAÇÃO DE SERVIÇOS DE TELEFONIA MÓVEL, COM TECNOLOGIA DIGITAL 4G OU SUPERIOR, ROAMING NACIONAL E INTERNACIONAL, INCLUINDO PACOTE MÍNIMO DE 30GB DE FRANQUIA DE DADOS POR LINHA, E COM FORNECIMENTO DE APARELHOS EM REGIME DE COMODATO, PARA ATENDER ÀS NECESSIDADES DA PREFEITURA DE PALMAS, CONFORME CONDIÇÕES, QUANTITATIVOS, ESPECIFICAÇÕES E EXIGÊNCIAS ESTABELECIDAS NO EDITAL E SEUS ANEXOS;;0;;;0;0;0;41373;13;5;;2129;False
licitacoes;000003/2026;Pregão Eletrônico;PREGÃO ELETRÔNICO RP;Homologada;PROCURADORIA GERAL DO MUNICÍPIO DE PALMAS;2300;2026-03-13;000003;2025003424;2026;2026-06-08;2026-02-27 00:00:00;;;;13305.60;6652.80;FUTURA CONTRATAÇÃO DE EMPRESA ESPECIALIZADA NA PRESTAÇÃO DE SERVIÇOS DE TELEFONIA MÓVEL, COM TECNOLOGIA DIGITAL 4G OU SUPERIOR, ROAMING NACIONAL E INTERNACIONAL, INCLUINDO PACOTE MÍNIMO DE 30GB DE FRANQUIA DE DADOS POR LINHA, E COM FORNECIMENTO DE APARELHOS EM REGIME DE COMODATO, PARA ATENDER ÀS NECESSIDADES DA PREFEITURA DE PALMAS, CONFORME CONDIÇÕES, QUANTITATIVOS, ESPECIFICAÇÕES E EXIGÊNCIAS ESTABELECIDAS NO EDITAL E SEUS ANEXOS;;0;;;0;0;0;41374;13;5;;2129;False
licitacoes;000003/2026;Pregão Eletrônico;PREGÃO ELETRÔNICO RP;Homologada;SECRETARIA MUNICIPAL DE DESENVOLVIMENTO ECONÔMICO E EMPREGO;2600;2026-03-13;000003;2025003424;2026;2026-06-08;2026-02-27 00:00:00;;;;6652.80;5821.20;FUTURA CONTRATAÇÃO DE EMPRESA ESPECIALIZADA NA PRESTAÇÃO DE SERVIÇOS DE TELEFONIA MÓVEL, COM TECNOLOGIA DIGITAL 4G OU SUPERIOR, ROAMING NACIONAL E INTERNACIONAL, INCLUINDO PACOTE MÍNIMO DE 30GB DE FRANQUIA DE DADOS POR LINHA, E COM FORNECIMENTO DE APARELHOS EM REGIME DE COMODATO, PARA ATENDER ÀS NECESSIDADES DA PREFEITURA DE PALMAS, CONFORME CONDIÇÕES, QUANTITATIVOS, ESPECIFICAÇÕES E EXIGÊNCIAS ESTABELECIDAS NO EDITAL E SEUS ANEXOS;;0;;;0;0;0;41375;13;5;;2129;False
licitacoes;000003/2026;Pregão Eletrônico;PREGÃO ELETRÔNICO RP;Homologada;SECRETARIA MUNICIPAL DA FAZENDA E TRANSFORMAÇÃO DIGITAL;2700;2026-03-13;000003;2025003424;2026;2026-06-08;2026-02-27 00:00:00;;;;5821.20;14137.20;FUTURA CONTRATAÇÃO DE EMPRESA ESPECIALIZADA NA PRESTAÇÃO DE SERVIÇOS DE TELEFONIA MÓVEL, COM TECNOLOGIA DIGITAL 4G OU SUPERIOR, ROAMING NACIONAL E INTERNACIONAL, INCLUINDO PACOTE MÍNIMO DE 30GB DE FRANQUIA DE DADOS POR LINHA, E COM FORNECIMENTO DE APARELHOS EM REGIME DE COMODATO, PARA ATENDER ÀS NECESSIDADES DA PREFEITURA DE PALMAS, CONFORME CONDIÇÕES, QUANTITATIVOS, ESPECIFICAÇÕES E EXIGÊNCIAS ESTABELECIDAS NO EDITAL E SEUS ANEXOS;;0;;;0;0;0;41376;13;5;;2129;False
licitacoes;000003/2026;Pregão Eletrônico;PREGÃO ELETRÔNICO RP;Homologada;SECRETARIA MUNICIPAL DA EDUCAÇÃO;2900;2026-03-13;000003;2025003424;2026;2026-06-08;2026-02-27 00:00:00;;;;14137.20;24948.00;FUTURA CONTRATAÇÃO DE EMPRESA ESPECIALIZADA NA PRESTAÇÃO DE SERVIÇOS DE TELEFONIA MÓVEL, COM TECNOLOGIA DIGITAL 4G OU SUPERIOR, ROAMING NACIONAL E INTERNACIONAL, INCLUINDO PACOTE MÍNIMO DE 30GB DE FRANQUIA DE DADOS POR LINHA, E COM FORNECIMENTO DE APARELHOS EM REGIME DE COMODATO, PARA ATENDER ÀS NECESSIDADES DA PREFEITURA DE PALMAS, CONFORME CONDIÇÕES, QUANTITATIVOS, ESPECIFICAÇÕES E EXIGÊNCIAS ESTABELECIDAS NO EDITAL E SEUS ANEXOS;;0;;;0;0;0;41378;13;5;;2129;False
licitacoes;000003/2026;Pregão Eletrônico;PREGÃO ELETRÔNICO RP;Homologada;FUNDO MUNICIPAL DE SAÚDE;3200;2026-03-13;000003;2025003424;2026;2026-06-08;2026-02-27 00:00:00;;;;24948.00;99792.00;FUTURA CONTRATAÇÃO DE EMPRESA ESPECIALIZADA NA PRESTAÇÃO DE SERVIÇOS DE TELEFONIA MÓVEL, COM TECNOLOGIA DIGITAL 4G OU SUPERIOR, ROAMING NACIONAL E INTERNACIONAL, INCLUINDO PACOTE MÍNIMO DE 30GB DE FRANQUIA DE DADOS POR LINHA, E COM FORNECIMENTO DE APARELHOS EM REGIME DE COMODATO, PARA ATENDER ÀS NECESSIDADES DA PREFEITURA DE PALMAS, CONFORME CONDIÇÕES, QUANTITATIVOS, ESPECIFICAÇÕES E EXIGÊNCIAS ESTABELECIDAS NO EDITAL E SEUS ANEXOS;;0;;;0;0;0;41379;13;5;;2129;False
licitacoes;000003/2026;Pregão Eletrônico;PREGÃO ELETRÔNICO RP;Homologada;SECRETARIA MUNICIPAL DE INFRAESTRUTURA E SERVIÇOS PÚBLICOS;3500;2026-03-13;000003;2025003424;2026;2026-06-08;2026-02-27 00:00:00;;;;33264.00;33264.00;FUTURA CONTRATAÇÃO DE EMPRESA ESPECIALIZADA NA PRESTAÇÃO DE SERVIÇOS DE TELEFONIA MÓVEL, COM TECNOLOGIA DIGITAL 4G OU SUPERIOR, ROAMING NACIONAL E INTERNACIONAL, INCLUINDO PACOTE MÍNIMO DE 30GB DE FRANQUIA DE DADOS POR LINHA, E COM FORNECIMENTO DE APARELHOS EM REGIME DE COMODATO, PARA ATENDER ÀS NECESSIDADES DA PREFEITURA DE PALMAS, CONFORME CONDIÇÕES, QUANTITATIVOS, ESPECIFICAÇÕES E EXIGÊNCIAS ESTABELECIDAS NO EDITAL E SEUS ANEXOS;;0;;;0;0;0;41380;13;5;;2129;False
licitacoes;000003/2026;Pregão Eletrônico;PREGÃO ELETRÔNICO RP;Homologada;SECRETARIA MUNICIPAL DE DESENVOLVIMENTO SOCIAL;3700;2026-03-13;000003;2025003424;2026;2026-06-08;2026-02-27 00:00:00;;;;33264.00;35758.80;FUTURA CONTRATAÇÃO DE EMPRESA ESPECIALIZADA NA PRESTAÇÃO DE SERVIÇOS DE TELEFONIA MÓVEL, COM TECNOLOGIA DIGITAL 4G OU SUPERIOR, ROAMING NACIONAL E INTERNACIONAL, INCLUINDO PACOTE MÍNIMO DE 30GB DE FRANQUIA DE DADOS POR LINHA, E COM FORNECIMENTO DE APARELHOS EM REGIME DE COMODATO, PARA ATENDER ÀS NECESSIDADES DA PREFEITURA DE PALMAS, CONFORME CONDIÇÕES, QUANTITATIVOS, ESPECIFICAÇÕES E EXIGÊNCIAS ESTABELECIDAS NO EDITAL E SEUS ANEXOS;;0;;;0;0;0;41381;13;5;;2129;False
licitacoes;000003/2026;Pregão Eletrônico;PREGÃO ELETRÔNICO RP;Homologada;SECRETARIA MUNICIPAL DE COMUNICAÇÃO;5600;2026-03-13;000003;2025003424;2026;2026-06-08;2026-02-27 00:00:00;;;;35758.80;8316.00;FUTURA CONTRATAÇÃO DE EMPRESA ESPECIALIZADA NA PRESTAÇÃO DE SERVIÇOS DE TELEFONIA MÓVEL, COM TECNOLOGIA DIGITAL 4G OU SUPERIOR, ROAMING NACIONAL E INTERNACIONAL, INCLUINDO PACOTE MÍNIMO DE 30GB DE FRANQUIA DE DADOS POR LINHA, E COM FORNECIMENTO DE APARELHOS EM REGIME DE COMODATO, PARA ATENDER ÀS NECESSIDADES DA PREFEITURA DE PALMAS, CONFORME CONDIÇÕES, QUANTITATIVOS, ESPECIFICAÇÕES E EXIGÊNCIAS ESTABELECIDAS NO EDITAL E SEUS ANEXOS;;0;;;0;0;0;41382;13;5;;2129;False
licitacoes;000003/2026;Pregão Eletrônico;PREGÃO ELETRÔNICO RP;Homologada;FUNDAÇÃO CULTURAL DE PALMAS;7100;2026-03-13;000003;2025003424;2026;2026-06-08;2026-02-27 00:00:00;;;;8316.00;16632.00;FUTURA CONTRATAÇÃO DE EMPRESA ESPECIALIZADA NA PRESTAÇÃO DE SERVIÇOS DE TELEFONIA MÓVEL, COM TECNOLOGIA DIGITAL 4G OU SUPERIOR, ROAMING NACIONAL E INTERNACIONAL, INCLUINDO PACOTE MÍNIMO DE 30GB DE FRANQUIA DE DADOS POR LINHA, E COM FORNECIMENTO DE APARELHOS EM REGIME DE COMODATO, PARA ATENDER ÀS NECESSIDADES DA PREFEITURA DE PALMAS, CONFORME CONDIÇÕES, QUANTITATIVOS, ESPECIFICAÇÕES E EXIGÊNCIAS ESTABELECIDAS NO EDITAL E SEUS ANEXOS;;0;;;0;0;0;41383;13;5;;2129;False
licitacoes;000003/2026;Pregão Eletrônico;PREGÃO ELETRÔNICO RP;Homologada;FUNDAÇÃO DE MEIO AMBIENTE DE PALMAS;7800;2026-03-13;000003;2025003424;2026;2026-06-08;2026-02-27 00:00:00;;;;16632.00;4989.60;FUTURA CONTRATAÇÃO DE EMPRESA ESPECIALIZADA NA PRESTAÇÃO DE SERVIÇOS DE TELEFONIA MÓVEL, COM TECNOLOGIA DIGITAL 4G OU SUPERIOR, ROAMING NACIONAL E INTERNACIONAL, INCLUINDO PACOTE MÍNIMO DE 30GB DE FRANQUIA DE DADOS POR LINHA, E COM FORNECIMENTO DE APARELHOS EM REGIME DE COMODATO, PARA ATENDER ÀS NECESSIDADES DA PREFEITURA DE PALMAS, CONFORME CONDIÇÕES, QUANTITATIVOS, ESPECIFICAÇÕES E EXIGÊNCIAS ESTABELECIDAS NO EDITAL E SEUS ANEXOS;;0;;;0;0;0;41384;13;5;;2129;False
licitacoes;000003/2026;Pregão Eletrônico;PREGÃO ELETRÔNICO RP;Homologada;AGENCIA DE REGULACAO, CONTROLE E FISCALIZACAO DE SERVICOS PUBLICOS DE PALMAS;9100;2026-03-13;000003;2025003424;2026;2026-06-08;2026-02-27 00:00:00;;;;4989.60;2494.80;FUTURA CONTRATAÇÃO DE EMPRESA ESPECIALIZADA NA PRESTAÇÃO DE SERVIÇOS DE TELEFONIA MÓVEL, COM TECNOLOGIA DIGITAL 4G OU SUPERIOR, ROAMING NACIONAL E INTERNACIONAL, INCLUINDO PACOTE MÍNIMO DE 30GB DE FRANQUIA DE DADOS POR LINHA, E COM FORNECIMENTO DE APARELHOS EM REGIME DE COMODATO, PARA ATENDER ÀS NECESSIDADES DA PREFEITURA DE PALMAS, CONFORME CONDIÇÕES, QUANTITATIVOS, ESPECIFICAÇÕES E EXIGÊNCIAS ESTABELECIDAS NO EDITAL E SEUS ANEXOS;;0;;;0;0;0;41385;13;5;;2129;False
licitacoes;000003/2026;Pregão Eletrônico;PREGÃO ELETRÔNICO RP;Homologada;CASA CIVIL DO MUNICÍPIO DE PALMAS;9300;2026-03-13;000003;2025003424;2026;2026-06-08;2026-02-27 00:00:00;;;;2494.80;8316.00;FUTURA CONTRATAÇÃO DE EMPRESA ESPECIALIZADA NA PRESTAÇÃO DE SERVIÇOS DE TELEFONIA MÓVEL, COM TECNOLOGIA DIGITAL 4G OU SUPERIOR, ROAMING NACIONAL E INTERNACIONAL, INCLUINDO PACOTE MÍNIMO DE 30GB DE FRANQUIA DE DADOS POR LINHA, E COM FORNECIMENTO DE APARELHOS EM REGIME DE COMODATO, PARA ATENDER ÀS NECESSIDADES DA PREFEITURA DE PALMAS, CONFORME CONDIÇÕES, QUANTITATIVOS, ESPECIFICAÇÕES E EXIGÊNCIAS ESTABELECIDAS NO EDITAL E SEUS ANEXOS;;0;;;0;0;0;41386;13;5;;2129;False
licitacoes;000003/2026;Pregão Eletrônico;PREGÃO ELETRÔNICO RP;Homologada;SECRETARIA MUNICIPAL DE DESENVOLVIMENTO URBANO E SERVIÇOS REGIONAIS;9400;2026-03-13;000003;2025003424;2026;2026-06-08;2026-02-27 00:00:00;;;;8316.00;34095.60;FUTURA CONTRATAÇÃO DE EMPRESA ESPECIALIZADA NA PRESTAÇÃO DE SERVIÇOS DE TELEFONIA MÓVEL, COM TECNOLOGIA DIGITAL 4G OU SUPERIOR, ROAMING NACIONAL E INTERNACIONAL, INCLUINDO PACOTE MÍNIMO DE 30GB DE FRANQUIA DE DADOS POR LINHA, E COM FORNECIMENTO DE APARELHOS EM REGIME DE COMODATO, PARA ATENDER ÀS NECESSIDADES DA PREFEITURA DE PALMAS, CONFORME CONDIÇÕES, QUANTITATIVOS, ESPECIFICAÇÕES E EXIGÊNCIAS ESTABELECIDAS NO EDITAL E SEUS ANEXOS;;0;;;0;0;0;41387;13;5;;2129;False
licitacoes;000003/2026;Concorrência para Compras e Serviços;CONCORRÊNCIA;Aberta;SECRETARIA MUNICIPAL DE INFRAESTRUTURA E SERVIÇOS PÚBLICOS;3500;2026-03-11;000003;2025005343;2026;;2026-05-12 00:00:00;;;;0.00;0.00;CONTRATAÇÃO DE EMPRESA ESPECIALIZADA EM ENGENHARIA PARA ELABORAÇÃO DE ESTUDOS TÉCNICOS NECESSÁRIOS PARA O LICENCIAMENTO AMBIENTAL DE OBRAS DE INFRAESTRUTURA URBANA;;0;;;0;0;0;40713;5;1;;2129;False
licitacoes;000002/2026;Concorrência para Compras e Serviços;CONCORRÊNCIA;Aberta;SECRETARIA MUNICIPAL DE DESENVOLVIMENTO URBANO E SERVIÇOS REGIONAIS;9400;2026-02-10;000002;2025006656;2026;;2026-02-26 00:00:00;;;;0.00;0.00;ESTA CONCORRÊNCIA PARA REGISTRO DE PREÇOS TEM POR OBJETO A ESCOLHA DA PROPOSTA MAIS VANTAJOSA PARA CONTRATAÇÃO DE LICENÇA DE USO DE SOLUÇÃO INTEGRADA DE SOFTWARE, NÃO EXCLUSIVO, PARA LICENCIAMENTO DE CONSTRUÇÃO COM SUPORTE À METODOLOGIA BIM ? BUILDING INFORMATION MODELING;;0;;;0;0;0;40376;5;1;;2129;False
licitacoes;000002/2026;Registro de Preço;CONCORRENCIA REGISTRO DE PREÇO;Homologada;SECRETARIA MUNICIPAL DE DESENVOLVIMENTO URBANO E SERVIÇOS REGIONAIS;9400;2026-02-10;000002;2025006656;2026;2026-06-16;2026-02-26 00:00:00;;;;10061308.14;8090000.00;"CONTRATAÇÃO DE LICENÇA DE USO DE SOLUÇÃO INTEGRADA DE SOFTWARE, NÃO EXCLUSIVO, PARA LICENCIAMENTO DE CONSTRUÇÃO COM SUPORTE À METODOLOGIA BIM ? BUILDING INFORMATION MODELING, PARA 3.500 PROCESSOS ANO, SENDO 2.500 RESIDENCIAL UNIFAMILIAR E 1.000 PARA DEMAIS TIPOLOGIAS, INCLUINDO OS SERVIÇOS DE DESENVOLVIMENTO E IMPLEMENTAÇÃO DE CUSTOMIZAÇÕES E INTEGRAÇÕES COM SISTEMAS LEGADOS, TESTES E IMPLANTAÇÃO EM AMBIENTE DE PRODUÇÃO, CAPACITAÇÃO E 
TUTORIAS, TOTALIZANDO 9.000 (NOVE MIL) PONTOS DE FUNÇÃO E 1.000 (MIL) PONTOS DE FUNÇÃO PARA SERVIÇO SOB DEMANDA (OBRIGAÇÕES ADICIONAIS), ALÉM DE SUPORTE TÉCNICO E MANUTENÇÃO DE NATUREZA CORRETIVA E EVOLUTIVA (ATUALIZAÇÃO DE VERSÕES), NAS CONDIÇÕES, QUANTITATIVOS E ESPECIFICAÇÕES ESTABELECIDAS NESTE DITAL E SEUS ANEXOS.";;0;;;0;0;0;40403;90;5;;2129;False
licitacoes;000002/2026;Pregão Eletrônico;PREGÃO ELETRÔNICO RP;Homologada;FUNDO MUNICIPAL DE ASSISTÊNCIA SOCIAL;5800;2026-01-23;000002;2025008068;2026;2026-05-19;2026-02-09 00:00:00;;;;1084083.94;1084083.94;REGISTRO DE PREÇOS PARA FUTURA AQUISIÇÃO DE MOBILIÁRIO PARA EQUIPAR E ESTRUTURAR OS EQUIPAMENTOS DE RESPONSABILIDADE DOS SERVIÇOS DE PROTEÇÃO SOCIAL BÁSICA E ESPECIAL;;0;;;0;0;0;40312;13;5;;2129;False
licitacoes;000002/2026;Pregão Eletrônico;PREGÃO ELETRÔNICO RP;Homologada;CASA CIVIL DO MUNICÍPIO DE PALMAS;9300;2026-01-23;000002;2025008068;2026;2026-05-07;2026-02-09 00:00:00;;;;410728.10;208319.46;ÓRGÃO PARTICIPANTE DO PREGÃO ELETRÔNICO SRP Nº 002/2026 - AQUISIÇÃO DE MOBILIÁRIO PARA EQUIPAR E ESTRUTURAR OS EQUIPAMENTOS DE RESPONSABILIDADE DOS SERVIÇOS DE PROTEÇÃO SOCIAL BÁSICA E ESPECIAL;;0;;;0;0;0;41170;13;5;;2129;False
licitacoes;000001/2026;Outros;CHAMADA PUBLICA - EDUCAÇÃO;Homologada;SECRETARIA MUNICIPAL DA EDUCAÇÃO;2900;2026-03-10;000001;2026000516;2026;2026-05-08;;;;;1094047.40;1094047.40;AQUISIÇÃO DE GÊNEROS ALIMENTÍCIOS DIRETAMENTE DA AGRICULTURA FAMILIAR E DO EMPREENDEDOR FAMILIAR RURAL CONFORME §1º DO ART.14 DA LEI N.º 11.947/2009 E RESOLUÇÕES DO FNDE RELATIVAS AO PROGRAMA NACIONAL DE ALIMENTAÇÃO ESCOLAR - PNAE.;;0;;;0;0;0;40803;99;5;;2129;False
licitacoes;000001/2026;Concorrência para Compras e Serviços;CONCORRÊNCIA;Aberta;SECRETARIA MUNICIPAL DE INFRAESTRUTURA E SERVIÇOS PÚBLICOS;3500;2026-02-03;000001;2025006636;2026;;2026-03-16 00:00:00;;;;0.00;0.00;CONTRATAÇÃO DE EMPRESA DE ENGENHARIA ESPECIALIZADA PARA A EXECUÇÃO DE ESTUDOS GEOTÉCNICOS, ELABORAÇÃO DE PROJETOS EXECUTIVOS DE ESTABILIZAÇÃO DE TALUDES, DIMENSIONAMENTO DE SISTEMAS DE DRENAGEM SUPERFICIAL, PROJETO E IMPLANTAÇÃO DE INSTRUMENTAÇÃO GEOTÉCNICA E INSTALAÇÃO DE INSTRUMENTAÇÃO BÁSICA, COM VISTAS À REABILITAÇÃO E AO MONITORAMENTO TÉCNICO DAS CÉLULAS 01 A 06 DO ATERRO SANITÁRIO DE PALMAS/TO;;0;;;0;0;0;40348;5;1;;2129;False
licitacoes;000059/2025;Pregão Eletrônico;PREGÃO ELETRÔNICO RP;Aberta;SECRETARIA MUNICIPAL DE INFRAESTRUTURA E SERVIÇOS PÚBLICOS;3500;2025-12-10;000059;2025007579;2025;;2025-12-23 00:00:00;;;;0.00;0.00;FUTURA CONTRATAÇÃO  DE  EMPRESA  ESPECIALIZADA  PARA  FORNECIMENTO  DE  PÓ  DE  BRITA, PEDRISCO, PEDRA BRITADA Nº 0, Nº 1, Nº 3 E PEDRA DE MÃO (RACHÃO) PARA ARRIMO OU FUNDAÇÃO;;0;;;0;0;0;40209;13;1;;2129;False
licitacoes;058/2025;Pregão Eletrônico;PREGÃO ELETRÔNICO RP;Homologada;SECRETARIA DO GABINETE DO PREFEITO;9909;2025-11-25;58;2025007460;2025;2026-02-02;2025-12-05 00:00:00;;;;126780.59;126780.59;REGISTRO DE PREÇOS PARA A ESCOLHA DA PROPOSTA MAIS VANTAJOSA PARA FUTURA CONTRATAÇÃO DE EMPRESA PARA FORNECIMENTO (AQUISIÇÃO) DE MATERIAIS DE COPA E COZINHA, PARA ATENDER AS DEMANDAS DA SECRETARIA DO GABINETE DO PREFEITO E SEUS ÓRGÃOS SUBORDINADOS;;0;;;0;0;0;40098;13;5;;2129;False
licitacoes;057/2025;Pregão Eletrônico;PREGAO ELETRONICO;Homologada;SECRETARIA DO GABINETE DO PREFEITO;9909;2025-11-14;57;2025008139;2025;2025-12-22;;;;;70415.79;59856.15;"CONTRATAÇÃO DE EMPRESA ESPECIALIZADA VISANDO A AQUISIÇÃO DE 
ELETRODOMÉSTICOS DIVERSIFICADOS, DESTINADOS A EQUIPAR AS DEPENDÊNCIAS DO PAÇO MUNICIPAL, 
CONFORME CONDIÇÕES, QUANTIDADES E EXIGÊNCIAS ESTABELECIDAS NESTE EDITAL E SEUS ANEXOS";;0;;;0;2,A,1,B;0;40063;13;5;;2129;False
licitacoes;056/2025;Pregão Eletrônico;PREGÃO ELETRÔNICO RP;Aberta;SECRETARIA DO GABINETE DO PREFEITO;9909;2025-11-06;56;2025003602;2025;;2025-11-25 00:00:00;;;;39330028.32;0.00;CONTRATAÇÃO DE EMPRESA ESPECIALIZADA NA PRESTAÇÃO DE SERVIÇOS CONTÍNUOS DE VIGILÂNCIA PATRIMONIAL ARMADA E DESARMADA, COM DEDICAÇÃO EXCLUSIVA DE MÃO DE OBRA, PARA ATENDER ÀS NECESSIDADES DOS ÓRGÃOS E ENTIDADES DA ADMINISTRAÇÃO DIRETA E INDIRETA DO PODER EXECUTIVO DO MUNICÍPIO DE PALMAS;;0;;;0;2,E;0;40037;13;1;;2129;False
licitacoes;055/2025;Pregão Eletrônico;PREGAO ELETRONICO;Aberta;SECRETARIA DO GABINETE DO PREFEITO;9909;2025-10-28;55;2025003070;2025;;2025-11-12 00:00:00;;;;0.00;0.00;"CONTRATAÇÃO DE EMPRESA ESPECIALIZADA PARA A PRESTAÇÃO DE
SERVIÇOS DE LOCAÇÃO DE VEÍCULOS AUTOMOTORES, SEM CONDUTOR, COM QUILOMETRAGEM
LIVRE, SEGURO TOTAL SEM FRANQUIA, ASSISTÊNCIA 24H, E SISTEMA DE RASTREAMENTO VEICULAR
VIA SATÉLITE, COM VISTAS A ATENDER ÀS DEMANDAS DOS ÓRGÃOS E ENTIDADES DA PREFEITURA
MUNICIPAL DE PALMAS, CONFORME ESPECIFICAÇÕES TÉCNICAS (ANEXO I-A), CONDIÇÕES E
EXIGÊNCIAS ESTABELECIDAS NO EDITAL E SEUS ANEXOS.";;0;;;0;0;0;39976;13;1;;2129;False
licitacoes;000054/2025;Pregão Eletrônico;PREGÃO ELETRÔNICO RP;Homologada;FUNDO MUNICIPAL DE SAÚDE;3200;2025-11-06;000054;2025006674;2025;2026-03-02;;;;;2427383.16;2427383.16;AQUISIÇÃO E INSTALAÇÃO DE AR CONDICIONADO PARA ATENDER A REDE MUNICIPAL DE SAÚDE E ÓRGÃOS PARTICIPANTES.;;0;;;0;0;0;39964;13;5;;2129;False
licitacoes;053/2025;Pregão Eletrônico;PREGÃO ELETRÔNICO RP;Homologada;FUNDO MUNICIPAL DE SAÚDE;3200;2025-10-16;53;2025008076;2025;2025-12-09;2025-10-29 00:00:00;;;;523500.00;523500.00;REGISTRO DE PREÇOS PARA FUTURA CONTRATAÇÃO DE EMPRESA PARA FORNECIMENTO DE TIRAS REAGENTES PARA TESTE DE GLICEMIA CAPILAR PARA ATENDER A REDE MUNICIPAL DE SAÚDE DE PALMAS;;0;;;0;0;0;39939;13;5;;2129;False
licitacoes;052/2025;Pregão Eletrônico;PREGAO ELETRONICO;Suspensão/Paralisada;SECRETARIA MUNICIPAL DA FAZENDA E TRANSFORMAÇÃO DIGITAL;2700;2025-10-09;52;2025003373;2025;;2025-10-29 00:00:00;;;;195276.80;0.00;"CONTRATAÇÃO DE EMPRESA ESPECIALIZADA PARA FORNECIMENTO DE SOFTWARE INTEGRADO DE RELACIONAMENTO  COM  CIDADÃOS  E  CONTRIBUINTES,  CONTENDO:  FERRAMENTAS  DE GESTÃO DE CADASTRO; DISPARO DE COMUNICAÇÕES EM MASSA VIA E -MAIL, SMS E/OU APLICATIVO DE MENSAGENS; ATENDIMENTO VIRTUAL OTIMIZADO POR INTELIGÊNCIA ARTIFICIAL; E  DOMICÍLIO  ELETRÔNICO";;0;;;0;0;0;39911;13;11;;2129;False
licitacoes;051/2025;Pregão Eletrônico;PREGÃO ELETRÔNICO RP;Aberta;SECRETARIA MUNICIPAL DE INFRAESTRUTURA E SERVIÇOS PÚBLICOS;3500;2025-10-13;51;2025007418;2025;;;;;;0.00;0.00;O OBJETO DA PRESENTE LICITAÇÃO É O REGISTRO DE PREÇOS PARA A ESCOLHA DA PROPOSTA MAIS VANTAJOSA PARA A FUTURA CONTRATAÇÃO DE EMPRESA ESPECIALIZADA NO FORNECIMENTO DE AREI GROSSA LAVADA, AREIA FINA LAVADA, SEIXO BRITADO Nº 0, SEIXO BRITADO Nº 1 E SEIXO ROLADO Nº 3.;;0;;;0;2,E;0;39924;13;1;;2129;False
licitacoes;000051/2025;Pregão Eletrônico;PREGÃO ELETRÔNICO RP;Homologada;SECRETARIA MUNICIPAL DE ZELADORIA URBANA;1900;2025-10-13;000051;2025008291;2025;2026-03-10;;;;;696787.60;696787.60;"O OBJETO DA PRESENTE LICITAÇÃO É O REGISTRO DE PREÇOS PARA A ESCOLHA DA PROPOSTA MAIS VANTAJOSA PARA A FUTURA CONTRATAÇÃO DE EMPRESA ESPECIALIZADA NO FORNECIMENTO DE AREI GROSSA LAVADA, AREIA FINA LAVADA, SEIXO BRITADO Nº 0, SEIXO BRITADO Nº 1 E SEIXO ROLADO Nº 3.

ÓRGÃO PARTICIPANTE";;0;;;0;2,A,1,H,B;0;40683;13;5;;2129;False
licitacoes;050/2025;Pregão Eletrônico;PREGAO ELETRONICO;Homologada;FUNDO MUNICIPAL DOS DIREITOS DA CRIANÇA E DO ADOLESCENTE;1500;2025-10-08;50;2025007622;2025;2025-11-25;2025-10-23 00:00:00;;;;132996.66;117000.00;AQUISIÇÃO DE VEÍCULO AUTOMOTOR TIPO SUV, ANO 2025/2026, NA COR BRANCA E EMPLACADO PARA ATENDER AS DEMANDAS DO CONSELHO MUNICIPAL DOS DIREITOS DA CRIANÇA E DO ADOLESCENTE CMDCA;;0;;;0;2,A;0;39913;13;5;;2129;False
licitacoes;000049/2025;Pregão Eletrônico;PREGÃO ELETRÔNICO RP;Homologada;FUNDO MUNICIPAL DE SAÚDE;3200;2025-10-06;000049;2025007843;2025;2026-03-05;2025-10-21 00:00:00;;;;888048.00;660000.00;REGISTRO DE PREÇOS PARA A ESCOLHA DA PROPOSTA MAIS VANTAJOSA PARA FUTURA AQUISIÇÃO DE SENSORES E MATERIAIS COMPLEMENTARES PARA MONITORAMENTO CONTÍNUO DE GLICOSE (MCG) PARA PACIENTES COM DIABETES MELLITUS TIPO 1 (DM1)   RESIDENTES EM PALMAS ? TO, COM VISTAS À MELHORIA DO CONTROLE GLICÊMICO E REDUÇÃO DE COMPLICAÇÕES ASSOCIADAS AO DM1, CONFORME CRITÉRIOS CLÍNICOS E DIRETRIZES DO MINISTÉRIO DA SAÚDE, CONFORME CONDIÇÕES, QUANTIDADES E EXIGÊNCIAS ESTABELECIDAS NESTE EDITAL E SEUS ANEXOS;;0;;;0;0;0;39898;13;5;;2129;False
licitacoes;048/2025;Pregão Eletrônico;PREGÃO ELETRÔNICO RP;Fracassada;SECRETARIA MUNICIPAL DE PLANEJAMENTO E DESENVOLVIMENTO HUMANO;2500;2025-09-26;48;2025003424;2025;;2025-10-13 00:00:00;;;;0.00;0.00;CONTRATAÇÃO DE EMPRESA ESPECIALIZADA NA PRESTAÇÃO DE SERVIÇOS DE TELEFONIA MÓVEL, COM TECNOLOGIA DIGITAL 4G OU SUPERIOR, ROAMING NACIONAL E INTERNACIONAL, INCLUINDO PACOTE MÍNIMO DE 30GB DE FRANQUIA DE DADOS POR LINHA, E COM FORNECIMENTO DE APARELHOS EM REGIME DE COMODATO, PARA ATENDER ÀS NECESSIDADES DA PREFEITURA DE PALMAS;;0;;;0;0;0;39865;13;7;;2129;False
licitacoes;000047/2025;Pregão Eletrônico;PREGÃO ELETRÔNICO RP;Homologada;FUNDO MUNICIPAL DE SAÚDE;3200;2025-09-17;000047;2025007556;2025;2026-02-24;2025-09-18 00:00:00;2025-10-01 00:00:00;;;90526.62;90526.62;O OBJETO DA PRESENTE LICITAÇÃO É O REGISTRO DE PREÇOS PARA A ESCOLHA DA PROPOSTA MAIS VANTAJOSA  PARA FUTURA AQUISIÇÃO FORNECIMENTO DE MEDICAMENTOS RESULTANTES DE DEMANDA JUDICIAL EM CUMPRIMENTO, OS QUAIS RESTARAM DESERTO/FRACASSADO NO PROCESSO 2024/2025, CONFORME CONDIÇÕES, QUANTIDADES E EXIGÊNCIAS ESTABELECIDAS NESTE EDITAL E SEUS ANEXOS.;;0;;;0;0;0;40212;13;5;;2129;False
licitacoes;000046/2025;Pregão Eletrônico;PREGAO ELETRONICO;Homologada;SECRETARIA MUNICIPAL DE DESENVOLVIMENTO URBANO E SERVIÇOS REGIONAIS;9400;2025-09-18;000046;2025003159;2025;2026-03-12;;;;;53949.59;51558.20;CONTRATAÇÃO DE EMPRESA ESPECIALIZADA EM FORNECIMENTO DE UNIFORMES PADRONIZADOS, DESTINADOS AOS SERVIDORES DA SECRETARIA MUNICIPAL DE DESENVOLVIMENTO URBANO E REGULARIZAÇÃO FUNDIÁRIA. NUP: 0000.0.024545/2025;;0;;;0;2,E;0;39874;13;5;;2129;False
licitacoes;045/2025;Pregão Eletrônico;PREGAO ELETRONICO;Aberta;SECRETARIA MUNICIPAL DE PROTEÇÃO E BEM-ESTAR ANIMAL;9901;2025-09-01;45;2025006498;2025;;2025-09-18 00:00:00;;;;0.00;0.00;CONTRATAÇÃO DE EMPRESA ESPECIALIZADA EM FORNECIMENTO DE REFEIÇÕES COMPLETAS PREPARADAS E ACONDICIONADAS EM EMBALAGENS DESCARTÁVEIS (MARMITEX, LANCHE INDIVIDUAL E BEBIDA);;0;;;0;2,E;0;39744;13;1;;2129;False
licitacoes;043/2025;Pregão Eletrônico;PREGAO ELETRONICO;Aberta;SECRETARIA DO GABINETE DO PREFEITO;9909;2025-08-18;43;2025007024;2025;;;;;;0.00;0.00;CONTRATAÇÃO DE EMPRESA ESPECIALIZADA NO FORNECIMENTO DE MATERIAIS DE EXPEDIENTE PARA ATENDER AS DEMANDAS DA SECRETARIA DO GABINETE DO PREFEITO E SEUS ÓRGÃOS. NUP: 00000.0.049744/2025;;0;;;0;0;0;39672;13;1;;2129;False
licitacoes;043/2025;Pregão Eletrônico;PREGÃO ELETRÔNICO RP;Homologada;SECRETARIA DO GABINETE DO PREFEITO;9909;2025-08-18;43;2025007024;2025;2025-11-10;;;;;65521.84;37517.39;CONTRATAÇÃO DE EMPRESA ESPECIALIZADA NO FORNECIMENTO DE MATERIAIS DE EXPEDIENTE PARA ATENDER AS DEMANDAS DA SECRETARIA DO GABINETE DO PREFEITO E SEUS ÓRGÃOS. NUP: 00000.0.049744/2025;;0;;;0;2,A;0;39872;13;5;;2129;False
licitacoes;000041/2025;Pregão Eletrônico;PREGÃO ELETRÔNICO RP;Homologada;SECRETARIA MUNICIPAL DE PLANEJAMENTO E DESENVOLVIMENTO HUMANO;2500;2025-09-04;000041;2025003907;2025;2026-02-10;2025-09-23 00:00:00;;;;649911.05;649911.04;"ESTE PREGÃO TEM POR OBJETO A ESCOLHA DA PROPOSTA MAIS VANTAJOSA PARA FUTURA CONTRATAÇÃO DE EMPRESA ESPECIALIZADA NA PRESTAÇÃO DE SERVIÇOS DE CONTROLE SANITÁRIO INTEGRADO DE
VETORES E PRAGAS URBANAS, COMPREENDENDO A EXECUÇÃO DOS SERVIÇOS DE DEDETIZAÇÃO, DESRATIZAÇÃO, DESCUPINIZAÇÃO E DESALOJAMENTO DE POMBO E MORCEGO DAS DEPENDÊNCIAS
INTERNAS E EXTERNAS DOS ÓRGÃOS DA ADMINISTRAÇÃO PÚBLICA DIRETA E INDIRETA DO MUNICÍPIO DE PALMAS, CONFORME CONDIÇÕES, QUANTITATIVOS, ESPECIFICAÇÕES E EXIGÊNCIAS ESTABELECIDAS NESTE EDITAL E SEUS ANEXOS.";;0;;;0;0;0;39641;13;5;;2129;False
licitacoes;040/2025;Pregão Eletrônico;PREGÃO ELETRÔNICO RP;Homologada;SECRETARIA DO GABINETE DO PREFEITO;9909;2025-08-05;40;2025006404;2025;2025-09-05;2025-08-19 00:00:00;;;;670411.65;616950.00;REGISTRO DE PREÇOS PARA FUTURA CONTRATAÇÃO DE EMPRESA ESPECIALIZADA NO FORNECIMENTO E INSTALAÇÃO DE MOBILIÁRIOS ADMINISTRATIVOS, DESTINADOS À AMBIENTAÇÃO DO PAÇO MUNICIPAL DA PREFEITURA DE PALMAS, CONFORME CONDIÇÕES, QUANTIDADES E EXIGÊNCIAS ESTABELECIDAS NESTE EDITAL E SEUS ANEXOS.;;0;;;0;0;0;39638;13;5;;2129;False
licitacoes;036/2025;Pregão Eletrônico;PREGAO ELETRONICO;Aberta;FUNDO MUNICIPAL DE SAÚDE;3200;2025-07-17;36;2025002754;2025;;;;;;0.00;0.00;AQUISIÇÃO DE INSUMOS ODONTOLÓGICOS;;0;;;0;0;0;39605;13;1;;2129;False
licitacoes;036/2025;Pregão Eletrônico;PREGÃO ELETRÔNICO RP;Homologada;FUNDO MUNICIPAL DE SAÚDE;3200;2025-07-17;36;2025002754;2025;2025-11-03;;;;;1518553.81;1518553.81;AQUISIÇÃO DE INSUMOS ODONTOLÓGICOS;;0;;;0;2,A;0;39966;13;5;;2129;False
licitacoes;035/2025;Pregão Eletrônico;PREGAO ELETRONICO;Aberta;SECRETARIA MUNICIPAL DE PROTEÇÃO E BEM-ESTAR ANIMAL;9901;2025-06-30;35;2025003748;2025;;2025-08-13 00:00:00;;;;0.00;0.00;A ESCOLHA DA PROPOSTA MAIS VANTAJOSA DE REGISTRO DE PREÇOS PARA FUTURA E EVENTUAL CONTRATAÇÃO PRESTAÇÃO DE SERVIÇOS VETERINÁRIOS EM UNIDADE MÓVEL DE ESTERILIZAÇÃO, PARA REALIZAR SERVIÇOS DE ORIENTAÇÃO DOS CUIDADOS PRÉ E PÓS CIRÚRGICOS, CASTRAÇÃO CIRÚRGICA PELAS TÉCNICAS DE OVÁRIOSALPINGOHISTERECTOMIA E ORQUIECTOMIA, IMPLANTAÇÃO DE MICROCHIP EM CÃES E GATOS DE PEQUENO, MÉDIO E GRANDE PORTE.;;0;;;0;0;0;39387;13;1;;2129;False
licitacoes;035/2025;Pregão Eletrônico;PREGÃO ELETRÔNICO RP;Aberta;SECRETARIA MUNICIPAL DE PROTEÇÃO E BEM-ESTAR ANIMAL;9901;2025-06-26;35;2025003748;2025;;;;;;0.00;0.00;A ESCOLHA DA PROPOSTA MAIS VANTAJOSA DE REGISTRO DE PREÇOS PARA FUTURA E EVENTUAL CONTRATAÇÃO PRESTAÇÃO DE SERVIÇOS VETERINÁRIOS EM UNIDADE MÓVEL DE ESTERILIZAÇÃO, PARA REALIZAR SERVIÇOS DE ORIENTAÇÃO DOS CUIDADOS PRÉ E PÓS CIRÚRGICOS, CASTRAÇÃO CIRÚRGICA PELAS TÉCNICAS DE OVÁRIOSALPINGOHISTERECTOMIA E ORQUIECTOMIA, IMPLANTAÇÃO DE MICROCHIP EM CÃES E GATOS DE PEQUENO, MÉDIO E GRANDE PORTE.;;0;;;0;0;0;39878;13;1;;2129;False
licitacoes;034/2025;Pregão Eletrônico;PREGÃO ELETRÔNICO RP;Homologada;SECRETARIA MUNICIPAL DE INFRAESTRUTURA E SERVIÇOS PÚBLICOS;3500;2025-06-27;34;;2025;2025-08-18;2025-07-10 00:00:00;;;;6920040.00;6846500.00;REGISTRO DE PREÇOS PARA AQUISIÇÃO DE CASCALHO E MATERIAL ARGILOSO (ARGILA), CONFORME CONDIÇÕES, QUANTIDADES E EXIGÊNCIAS ESTABELECIDAS NO EDITAL E SEUS ANEXOS.;;0;;;0;0;0;39381;13;5;;2129;False
licitacoes;033/2025;Pregão Eletrônico;PREGÃO ELETRÔNICO RP;Homologada;SECRETARIA MUNICIPAL DE ZELADORIA URBANA;1900;2025-06-26;33;2025004338;2025;2025-09-05;2025-07-09 00:00:00;;;;497112.00;369432.00;REGISTRO DE PREÇOS, PARA FUTURA AQUISIÇÃO DE CAL HIDRATADO CH1 (CONFORME NORMAS ABNT NBR 6473), SACO COM 20KG.;;0;;;0;0;0;39363;13;5;;2129;False
licitacoes;000032/2025;Pregão Eletrônico;PREGAO ELETRONICO;Homologada;SECRETARIA MUNICIPAL DE PROTEÇÃO E BEM-ESTAR ANIMAL;9901;2025-09-03;000032;2025001868;2025;2026-03-05;;;;;345677.69;345677.69;"O OBJETO DA PRESENTE LICITAÇÃO PARA AQUISIÇÃO DE EQUIPAMENTOS DE INFORMÁTICA E TECNOLOGIA DA INFORMAÇÃO, VISANDO ATENDER À DEMANDA DE MODERNIZAÇÃO E SUPORTE ÀS ATIVIDADES
ADMINISTRATIVAS, TÉCNICAS E OPERACIONAIS DA SECRETARIA MUNICIPAL DE PROTEÇÃO E BEM-ESTAR ANIMAL, CONFORME CONDIÇÕES, QUANTIDADES E EXIGÊNCIAS ESTABELECIDAS NESTE EDITAL E SEUS ANEXOS.";;0;;;0;2,A,1,B;0;39654;13;5;;2129;False
licitacoes;031/2025;Pregão Eletrônico;PREGÃO ELETRÔNICO RP;Homologada;FUNDO MUNICIPAL DE SAÚDE;3200;2025-07-02;31;2025002193;2025;2025-09-19;;;;;749837.50;749837.50;"O OBJETO DA PRESENTE LICITAÇÃO PARA REGISTRO DE PREÇO PARA AQUISIÇÃO DE INSUMOS/MATERIAL DE ENFERMAGEM (LISTA IV CÂNULA) PARA ATENDER DEMANDA DA SECRETARIA MUNICIPAL DE SAÚDE DE PALMAS-TO, CONFORME CONDIÇÕES, QUANTIDADES E
EXIGÊNCIAS ESTABELECIDAS NESTE EDITAL E SEUS ANEXOS.";;0;;;0;0;0;39810;13;5;;2129;False
licitacoes;030/2025;Pregão Eletrônico;PREGÃO ELETRÔNICO RP;Homologada;SECRETARIA MUNICIPAL DE ZELADORIA URBANA;1900;2025-06-06;30;2025003492;2025;2025-07-23;2025-06-24 00:00:00;;;;1518251.46;1275010.00;REGISTRO DE PREÇOS, PARA AQUISIÇÃO DE CONCRETO USINADO PARA CONSTRUÇÃO DE RECUO DE MEIO FIO PARA ATENDER AS DEMANDAS DA SECRETARIA MUNICIPAL DE ZELADORIA URBANA, CONFORME CONDIÇÕES, QUANTIDADES E EXIGÊNCIAS ESTABELECIDAS NO EDITAL E SEUS ANEXOS;;0;;;0;2,A;0;39269;13;5;;2129;False
licitacoes;029/2025;Pregão Eletrônico;PREGÃO ELETRÔNICO RP;Homologada;SECRETARIA MUNICIPAL DE ZELADORIA URBANA;1900;2025-06-06;29;2025003728;2025;2025-09-15;2025-06-23 00:00:00;;;;1902744.96;898752.00;REGISTRO DE PREÇOS, PARA AQUISIÇÃO DE MEIO FIO PRÉ-MOLDADO DE CONCRETO, MEDINDO:  1M DE COMPRIMENTO, 30CM DE ALTURA E 10CM DE LARGURA, INCLUSO OS SERVIÇOS DE TRANSPORTE, PARA ATENDER AS DEMANDAS DA SECRETARIA MUNICIPAL DE ZELADORIA URBANA, CONFORME CONDIÇÕES, QUANTIDADES E EXIGÊNCIAS ESTABELECIDAS NO EDITAL E SEUS ANEXOS;;0;;;0;2,A;0;39268;13;5;;2129;False
licitacoes;028/2025;Pregão Eletrônico;PREGÃO ELETRÔNICO RP;Aberta;SECRETARIA MUNICIPAL DE PROTEÇÃO E BEM-ESTAR ANIMAL;9901;2025-06-06;28;2025003088;2025;;2025-04-26 00:00:00;2025-06-24 00:00:00;;;142211.82;0.00;REGISTRO DE PREÇOS PARA A ESCOLHA DA PROPOSTA MAIS VANTAJOSA PARA FUTURA AQUISIÇÃO DE ALIMENTOS PARA ANIMAIS, VISANDO SUPRIR DEMANDAS DA SECRETARIA MUNICIPAL DE PROTEÇÃO E BEM-ESTAR ANIMAL;;0;;;0;2,E;0;39272;13;1;;2129;False
licitacoes;025/2025;Pregão Eletrônico;PREGÃO ELETRÔNICO RP;Homologada;SECRETARIA DO GABINETE DO PREFEITO;9909;2025-06-05;25;2025003114;2025;2025-09-12;2025-06-23 00:00:00;;;;1488935.86;836022.75;REGISTRO DE PREÇOS PARA A CONTRATAÇÃO DE EMPRESA ESPECIALIZADA NA PRESTAÇÃO DE SERVIÇOS DE BUFFET, SOB DEMANDA, ABRANGENDO COQUETEL, BRUNCH, COFFEE BREAK E OUTROS, DESTINADOS AOS EVENTOS REALIZADOS PELA SECRETARIA MUNICIPAL DO GABINETE DO PREFEITO E SEUS ÓRGÃOS SUBORDINADOS, CONFORME CRONOGRAMA ESTABELECIDO.;;0;;;0;0;0;39266;13;5;;2129;False
licitacoes;025/2025;Pregão Eletrônico;PREGÃO ELETRÔNICO RP;Homologada;SECRETARIA MUNICIPAL DE ZELADORIA URBANA;1900;2025-06-05;25;2025004112;2025;2025-09-12;2025-06-23 00:00:00;;;;1488935.86;13000.00;"REGISTRO DE PREÇOS PARA A CONTRATAÇÃO DE EMPRESA ESPECIALIZADA NA PRESTAÇÃO DE SERVIÇOS DE BUFFET, SOB DEMANDA, ABRANGENDO COQUETEL, BRUNCH, COFFEE BREAK E OUTROS, DESTINADOS AOS EVENTOS REALIZADOS PELA SECRETARIA MUNICIPAL DO GABINETE DO PREFEITO E SEUS ÓRGÃOS SUBORDINADOS, CONFORME CRONOGRAMA ESTABELECIDO.

ÓRGÃO PARTICIPANTE: SECRETARIA MUNICIPAL DE ZELADORIA URBANA
PREGÃO ELETRÔNICO Nº 025/2025";;0;;;0;2,A,1,H,B;0;39788;13;5;;2129;False
licitacoes;025/2025;Pregão Eletrônico;PREGÃO ELETRÔNICO RP;Homologada;SECRETARIA MUNICIPAL DE GOVERNO E RELAÇÕES INSTITUCIONAIS;7900;2025-06-05;25;2025003114;2025;2025-09-12;2025-06-23 00:00:00;;;;1488935.86;337050.00;"REGISTRO DE PREÇOS PARA A CONTRATAÇÃO DE EMPRESA ESPECIALIZADA NA PRESTAÇÃO DE SERVIÇOS DE BUFFET, SOB DEMANDA, ABRANGENDO COQUETEL, BRUNCH, COFFEE BREAK E OUTROS, DESTINADOS AOS EVENTOS REALIZADOS PELA SECRETARIA MUNICIPAL DO GABINETE DO PREFEITO E SEUS ÓRGÃOS SUBORDINADOS, CONFORME CRONOGRAMA ESTABELECIDO.

ÓRGÃO PARTICIPANTE: SECRETARIA MUNICIPAL DE GOVERNO
PREGÃO ELETRÔNICO Nº 025/2025";;0;;;0;2,A,1,H,B;0;39790;13;5;;2129;False
licitacoes;025/2025;Pregão Eletrônico;PREGÃO ELETRÔNICO RP;Homologada;SECRETARIA MUNICIPAL DE DESENVOLVIMENTO RURAL;3300;2025-06-05;25;2025003114;2025;2025-09-12;2025-06-23 00:00:00;;;;1488935.86;60315.00;"REGISTRO DE PREÇOS PARA A CONTRATAÇÃO DE EMPRESA ESPECIALIZADA NA PRESTAÇÃO DE SERVIÇOS DE BUFFET, SOB DEMANDA, ABRANGENDO COQUETEL, BRUNCH, COFFEE BREAK E OUTROS, DESTINADOS AOS EVENTOS REALIZADOS PELA SECRETARIA MUNICIPAL DO GABINETE DO PREFEITO E SEUS ÓRGÃOS SUBORDINADOS, CONFORME CRONOGRAMA ESTABELECIDO.

ÓRGÃO PARTICIPANTE: SECRETARIA MUNICIPAL DE AGRICULTURA E SERVIÇOS DO INTERIOR
PREGÃO ELETRÔNICO Nº 025/2025";;0;;;0;2,A,1,H,B;0;39792;13;5;;2129;False
licitacoes;025/2025;Pregão Eletrônico;PREGÃO ELETRÔNICO RP;Homologada;CASA CIVIL DO MUNICÍPIO DE PALMAS;9300;2025-06-05;25;2025003114;2025;2025-09-12;2025-06-23 00:00:00;;;;1488935.86;49590.00;"REGISTRO DE PREÇOS PARA A CONTRATAÇÃO DE EMPRESA ESPECIALIZADA NA PRESTAÇÃO DE SERVIÇOS DE BUFFET, SOB DEMANDA, ABRANGENDO COQUETEL, BRUNCH, COFFEE BREAK E OUTROS, DESTINADOS AOS EVENTOS REALIZADOS PELA SECRETARIA MUNICIPAL DO GABINETE DO PREFEITO E SEUS ÓRGÃOS SUBORDINADOS, CONFORME CRONOGRAMA ESTABELECIDO.

ÓRGÃO PARTICIPANTE: CASA CIVIL DO MUNICÍPIO DE PALMAS
PREGÃO ELETRÔNICO Nº 025/2025";;0;;;0;2,A,1,H,B;0;39793;13;5;;2129;False
licitacoes;024/2025;Pregão Eletrônico;PREGAO ELETRONICO;Aberta;SECRETARIA MUNICIPAL DA FAZENDA E TRANSFORMAÇÃO DIGITAL;2700;2025-06-02;24;2025000664;2025;;2025-06-18 00:00:00;2025-06-18 00:00:00;;;0.00;0.00;CONTRATAÇÃO DE EMPRESA PARA FORNECIMENTO DE EQUIPAMENTOS DE INFORMÁTICA, INCLUINDO COMPUTADORES, NOBREAKS E OUTROS, PARA ATENDER AS SECRETARIAS ENVOLVIDAS NO PROGRAMA NACIONAL DE APOIO À GESTÃO ADMINISTRATIVA E FISCAL DOS MUNICÍPIO BRASILEIROS - PNAFM;;0;;;0;0;0;39245;13;1;;2129;False
licitacoes;023/2025;Pregão Eletrônico;PREGÃO ELETRÔNICO RP;Homologada;FUNDO MUNICIPAL DE SAÚDE;3200;2025-06-02;23;2025002167;2025;2025-08-06;2025-06-16 00:00:00;2025-06-16 00:00:00;;;5140151.26;5140151.26;REGISTRO DE PREÇOS PARA A ESCOLHA DA PROPOSTA MAIS VANTAJOSA PARA FUTURA AQUISIÇÃO DE INSUMOS DE ENFERMAGEM (ABAIXADOR DE LÍNGUA EM MADEIRA - VASELINA LÍQUIDA E OUTROS), DE INTERESSE DA SECRETARIA MUNICIPAL DE SAÚDE;;0;;;0;0;0;39243;13;5;;2129;False
licitacoes;000022/2025;Pregão Eletrônico;PREGÃO ELETRÔNICO RP;Homologada;FUNDO MUNICIPAL DE SAÚDE;3200;2025-06-05;000022;2025001688;2025;2026-03-05;2025-06-16 00:00:00;;;;1583971.75;1583971.75;AQUISIÇÃO DE MATERIAIS DE CONSUMO E PERMANENTES PARA OS SERVIÇOS DE URGÊNCIA E EMERGÊNCIA (UPAS E SAMU), PARA ATENDER A SECRETARIA MUNICIPAL DE SAÚDE DE PALMAS - TO.;;0;;;0;0;0;39264;13;5;;2129;False
licitacoes;021/2025;Pregão Eletrônico;PREGÃO ELETRÔNICO RP;Aberta;SECRETARIA MUNICIPAL DA FAZENDA E TRANSFORMAÇÃO DIGITAL;2700;2025-05-15;21;2025003449;2025;;2025-05-30 00:00:00;;;;828862.00;0.00;CONTRATAÇÃO DE EMPRESA ESPECIALIZADA NA PRESTAÇÃO DE SERVIÇOS DE BUFFET, INCLUINDO A ORGANIZAÇÃO E FORNECIMENTO DE COFFEE BREAK, COQUETEL, REFEIÇÃO (ALMOÇO/JANTAR), E LANCHE INDIVIDUAL, PARA ATENDER AS DEMANDAS DE EVENTOS INSTITUCIONAIS DA SECRETARIA MUNICIPAL DE FINANÇAS;;0;;;0;0;0;39098;13;1;;2129;False
licitacoes;000020/2025;Pregão Eletrônico;PREGÃO ELETRÔNICO RP;Homologada;SECRETARIA MUNICIPAL DE SEGURANCA E MOBILIDADE URBANA;1200;2025-05-14;000020;2025002133;2025;2026-04-27;2025-05-30 00:00:00;;;;3763200.00;3763200.00;1.1.	ESTE PREGÃO PARA REGISTRO DE PREÇOS VISANDO A CONTRATAÇÃO DE EMPRESA ESPECIALIZADA NA PRESTAÇÃO DE SERVIÇOS DE LOCAÇÃO, INSTALAÇÃO, TRANSPORTE, MANUTENÇÃO E DESINSTALAÇÃO DE BANHEIROS QUÍMICOS PARA ATENDER O INTERESSE PÚBLICO E A NECESSIDADE DO MUNICÍPIO NOS ABRIGOS DE ÔNIBUS ESPALHADOS NA CIDADE, CONFORME CONDIÇÕES E EXIGÊNCIAS ESTABELECIDAS NESTE EDITAL E SEUS ANEXOS;;0;;;0;2,E;0;39086;13;5;;2129;False
licitacoes;019/2025;Pregão Eletrônico;PREGAO ELETRONICO;Aberta;SECRETARIA MUNICIPAL DE SEGURANCA E MOBILIDADE URBANA;1200;2025-05-09;19;2025001951;2025;;;;;;0.00;0.00;"REGISTRO DE PREÇOS PARA FUTURA AQUISIÇÃO DE UNIFORMES E ACESSÓRIOS/EQUIPAMENTOS PARA OS AGENTES DE TRÂNSITO E TRANSPORTE NA 
ÁREA OPERACIONAL E ADMINISTRATIVA, PARA OS SERVIDORES QUE DESEMPENHAM ATRIBUIÇÕES RELACIONADAS À SEGURANÇA VIÁRIA, PARA OS SERVIDORES OPERACIONAIS DE COMBATE A INCÊNDIOS FLORESTAIS E URBANOS (BRIGADISTAS) E DO ADMINISTRATIVO LOTADOS NA DEFESA CIVIL MUNICIPAL, CONFORME CONDIÇÕES, QUANTIDADES E EXIGÊNCIAS ESTABELECIDAS NO EDITAL E SEUS ANEXOS.";;0;;;0;2,E;0;39061;13;1;;2129;False
licitacoes;018/2025;Pregão Eletrônico;PREGAO ELETRONICO;Homologada;INSTITUTO DE PREVIDÊNCIA SOCIAL DO MUNICÍPIO DE PALMAS;6100;2025-05-07;18;2025001458;2025;2025-07-08;2025-05-23 00:00:00;;;;608264.80;261750.00;CONTRATAÇÃO DE FORNECIMENTO DE LICENÇA DE DIREITO DE USO (LOCAÇÃO) DE SOFTWARE ESPECÍFICO EM GESTÃO DE REGIMES PRÓPRIOS DE PREVIDÊNCIA (RPPS), COM ACESSO VIA WEB, VOLTADO PARA INFORMATIZAÇÃO DE PROCESSOS, OFÍCIOS, EMISSÃO DE DOCUMENTOS COM ASSINATURAS ELETRÔNICAS SEM UTILIZAÇÃO DE CERTIFICADOS DIGITAIS, BEM COMO DOS SERVIÇOS DE IMPLANTAÇÃO, TREINAMENTO DE PESSOAL, MANUTENÇÃO (CORRETIVA, EVOLUTIVA E ADAPTATIVA), ATUALIZAÇÃO E SUPORTE TÉCNICO.;;0;;;0;2,A;0;39045;13;5;;2129;False
licitacoes;017/2025;Pregão Eletrônico;PREGÃO ELETRÔNICO RP;Homologada;SECRETARIA MUNICIPAL DE ZELADORIA URBANA;1900;2025-05-14;17;2025002997;2025;2025-07-16;2025-05-28 00:00:00;;;;3897500.00;1997500.00;REGISTRO DE PREÇOS, PARA FUTURA AQUISIÇÃO DE GRAMA ESMERALDA EM PLACAS, PARA PLANTIO EM PRAÇAS, PARQUES, CANTEIROS CENTRAIS E OUTROS, PARA ATENDER AS NECESSIDADES DA SECRETARIA MUNICIPAL DE ZELADORIA URBANA;;0;;;0;0;0;39054;13;5;;2129;False
licitacoes;000015/2025;Pregão Eletrônico;PREGÃO ELETRÔNICO RP;Homologada;SECRETARIA MUNICIPAL DE INFRAESTRUTURA E SERVIÇOS PÚBLICOS;3500;2025-04-24;000015;2025001327;2025;2026-02-25;2025-05-13 00:00:00;;;;551168.75;551168.75;REGISTRO DE PREÇOS PARA A ESCOLHA DA PROPOSTA MAIS VANTAJOSA PARA FUTURA AQUISIÇÃO DE MATERIAIS ELÉTRICOS, PARA MANUTENÇÃO DA INFRAESTRUTURA DE ILUMINAÇÃO PÚBLICA DO MUNICÍPIO DE PALMAS - TO, DE INTERESSE DA SECRETARIA MUNICIPAL DE INFRAESTRUTURA E OBRAS PÚBLICAS, CONFORME CONDIÇÕES, QUANTIDADES E EXIGÊNCIAS ESTABELECIDAS NESTE EDITAL E SEUS ANEXOS;;0;;;0;0;0;38989;13;5;;2129;False
licitacoes;000015/2025;Pregão Eletrônico;PREGÃO ELETRÔNICO RP;Homologada;SECRETARIA MUNICIPAL DE INFRAESTRUTURA E SERVIÇOS PÚBLICOS;3500;2025-04-24;000015;2025001327;2025;2026-02-25;2025-05-13 00:00:00;;;;4194.00;4194.00;REGISTRO DE PREÇOS PARA A ESCOLHA DA PROPOSTA MAIS VANTAJOSA PARA FUTURA AQUISIÇÃO DE MATERIAIS ELÉTRICOS, PARA MANUTENÇÃO DA INFRAESTRUTURA DE ILUMINAÇÃO PÚBLICA DO MUNICÍPIO DE PALMAS - TO, DE INTERESSE DA SECRETARIA MUNICIPAL DE INFRAESTRUTURA E OBRAS PÚBLICAS, CONFORME CONDIÇÕES, QUANTIDADES E EXIGÊNCIAS ESTABELECIDAS NESTE EDITAL E SEUS ANEXOS;;0;;;0;2,A,1,H,B;0;40556;13;5;;2129;False
licitacoes;000015/2025;Pregão Eletrônico;PREGÃO ELETRÔNICO RP;Homologada;SECRETARIA MUNICIPAL DE INFRAESTRUTURA E SERVIÇOS PÚBLICOS;3500;2025-04-24;000015;2025001327;2025;2026-02-25;2025-05-13 00:00:00;;;;4275.00;4275.00;REGISTRO DE PREÇOS PARA A ESCOLHA DA PROPOSTA MAIS VANTAJOSA PARA FUTURA AQUISIÇÃO DE MATERIAIS ELÉTRICOS, PARA MANUTENÇÃO DA INFRAESTRUTURA DE ILUMINAÇÃO PÚBLICA DO MUNICÍPIO DE PALMAS - TO, DE INTERESSE DA SECRETARIA MUNICIPAL DE INFRAESTRUTURA E OBRAS PÚBLICAS, CONFORME CONDIÇÕES, QUANTIDADES E EXIGÊNCIAS ESTABELECIDAS NESTE EDITAL E SEUS ANEXOS;;0;;;0;2,A,1,H,B;0;40557;13;5;;2129;False
licitacoes;000015/2025;Pregão Eletrônico;PREGÃO ELETRÔNICO RP;Homologada;SECRETARIA MUNICIPAL DE INFRAESTRUTURA E SERVIÇOS PÚBLICOS;3500;2025-04-24;000015;2025001327;2025;2026-02-25;2025-05-13 00:00:00;;;;202800.00;202800.00;REGISTRO DE PREÇOS PARA A ESCOLHA DA PROPOSTA MAIS VANTAJOSA PARA FUTURA AQUISIÇÃO DE MATERIAIS ELÉTRICOS, PARA MANUTENÇÃO DA INFRAESTRUTURA DE ILUMINAÇÃO PÚBLICA DO MUNICÍPIO DE PALMAS - TO, DE INTERESSE DA SECRETARIA MUNICIPAL DE INFRAESTRUTURA E OBRAS PÚBLICAS, CONFORME CONDIÇÕES, QUANTIDADES E EXIGÊNCIAS ESTABELECIDAS NESTE EDITAL E SEUS ANEXOS;;0;;;0;2,A,1,H,B;0;40558;13;5;;2129;False
licitacoes;000015/2025;Pregão Eletrônico;PREGÃO ELETRÔNICO RP;Homologada;SECRETARIA MUNICIPAL DE INFRAESTRUTURA E SERVIÇOS PÚBLICOS;3500;2025-04-24;000015;2025001327;2025;2026-02-27;2025-05-13 00:00:00;;;;81064.00;81064.00;REGISTRO DE PREÇOS PARA A ESCOLHA DA PROPOSTA MAIS VANTAJOSA PARA FUTURA AQUISIÇÃO DE MATERIAIS ELÉTRICOS, PARA MANUTENÇÃO DA INFRAESTRUTURA DE ILUMINAÇÃO PÚBLICA DO MUNICÍPIO DE PALMAS - TO, DE INTERESSE DA SECRETARIA MUNICIPAL DE INFRAESTRUTURA E OBRAS PÚBLICAS, CONFORME CONDIÇÕES, QUANTIDADES E EXIGÊNCIAS ESTABELECIDAS NESTE EDITAL E SEUS ANEXOS;;0;;;0;2,A,1,H,B;0;40560;13;5;;2129;False
licitacoes;000015/2025;Pregão Eletrônico;PREGÃO ELETRÔNICO RP;Homologada;SECRETARIA MUNICIPAL DE INFRAESTRUTURA E SERVIÇOS PÚBLICOS;3500;2025-04-24;000015;2025001327;2025;2026-02-25;2025-05-13 00:00:00;;;;43802.50;43802.50;REGISTRO DE PREÇOS PARA A ESCOLHA DA PROPOSTA MAIS VANTAJOSA PARA FUTURA AQUISIÇÃO DE MATERIAIS ELÉTRICOS, PARA MANUTENÇÃO DA INFRAESTRUTURA DE ILUMINAÇÃO PÚBLICA DO MUNICÍPIO DE PALMAS - TO, DE INTERESSE DA SECRETARIA MUNICIPAL DE INFRAESTRUTURA E OBRAS PÚBLICAS, CONFORME CONDIÇÕES, QUANTIDADES E EXIGÊNCIAS ESTABELECIDAS NESTE EDITAL E SEUS ANEXOS;;0;;;0;2,A,1,H,B;0;40561;13;5;;2129;False
licitacoes;000015/2025;Pregão Eletrônico;PREGÃO ELETRÔNICO RP;Homologada;SECRETARIA MUNICIPAL DE INFRAESTRUTURA E SERVIÇOS PÚBLICOS;3500;2025-04-24;000015;2025001327;2025;2026-02-25;2025-05-13 00:00:00;;;;84975.00;84975.00;REGISTRO DE PREÇOS PARA A ESCOLHA DA PROPOSTA MAIS VANTAJOSA PARA FUTURA AQUISIÇÃO DE MATERIAIS ELÉTRICOS, PARA MANUTENÇÃO DA INFRAESTRUTURA DE ILUMINAÇÃO PÚBLICA DO MUNICÍPIO DE PALMAS - TO, DE INTERESSE DA SECRETARIA MUNICIPAL DE INFRAESTRUTURA E OBRAS PÚBLICAS, CONFORME CONDIÇÕES, QUANTIDADES E EXIGÊNCIAS ESTABELECIDAS NESTE EDITAL E SEUS ANEXOS;;0;;;0;2,A,1,H,B;0;40562;13;5;;2129;False
licitacoes;000015/2025;Pregão Eletrônico;PREGÃO ELETRÔNICO RP;Homologada;SECRETARIA MUNICIPAL DE INFRAESTRUTURA E SERVIÇOS PÚBLICOS;3500;2025-04-24;000015;2025001327;2025;2026-02-25;2025-05-13 00:00:00;;;;44195.60;44195.60;REGISTRO DE PREÇOS PARA A ESCOLHA DA PROPOSTA MAIS VANTAJOSA PARA FUTURA AQUISIÇÃO DE MATERIAIS ELÉTRICOS, PARA MANUTENÇÃO DA INFRAESTRUTURA DE ILUMINAÇÃO PÚBLICA DO MUNICÍPIO DE PALMAS - TO, DE INTERESSE DA SECRETARIA MUNICIPAL DE INFRAESTRUTURA E OBRAS PÚBLICAS, CONFORME CONDIÇÕES, QUANTIDADES E EXIGÊNCIAS ESTABELECIDAS NESTE EDITAL E SEUS ANEXOS;;0;;;0;2,A,1,H,B;0;40563;13;5;;2129;False
licitacoes;000015/2025;Pregão Eletrônico;PREGÃO ELETRÔNICO RP;Homologada;SECRETARIA MUNICIPAL DE INFRAESTRUTURA E SERVIÇOS PÚBLICOS;3500;2025-04-24;000015;2025001327;2025;2026-02-25;2025-05-13 00:00:00;;;;314265.00;314265.00;REGISTRO DE PREÇOS PARA A ESCOLHA DA PROPOSTA MAIS VANTAJOSA PARA FUTURA AQUISIÇÃO DE MATERIAIS ELÉTRICOS, PARA MANUTENÇÃO DA INFRAESTRUTURA DE ILUMINAÇÃO PÚBLICA DO MUNICÍPIO DE PALMAS - TO, DE INTERESSE DA SECRETARIA MUNICIPAL DE INFRAESTRUTURA E OBRAS PÚBLICAS, CONFORME CONDIÇÕES, QUANTIDADES E EXIGÊNCIAS ESTABELECIDAS NESTE EDITAL E SEUS ANEXOS;;0;;;0;2,A,1,H,B;0;40564;13;5;;2129;False
licitacoes;000015/2025;Pregão Eletrônico;PREGÃO ELETRÔNICO RP;Homologada;SECRETARIA MUNICIPAL DE INFRAESTRUTURA E SERVIÇOS PÚBLICOS;3500;2025-04-24;000015;2025001327;2025;2026-02-25;2025-05-13 00:00:00;;;;399675.00;399675.00;REGISTRO DE PREÇOS PARA A ESCOLHA DA PROPOSTA MAIS VANTAJOSA PARA FUTURA AQUISIÇÃO DE MATERIAIS ELÉTRICOS, PARA MANUTENÇÃO DA INFRAESTRUTURA DE ILUMINAÇÃO PÚBLICA DO MUNICÍPIO DE PALMAS - TO, DE INTERESSE DA SECRETARIA MUNICIPAL DE INFRAESTRUTURA E OBRAS PÚBLICAS, CONFORME CONDIÇÕES, QUANTIDADES E EXIGÊNCIAS ESTABELECIDAS NESTE EDITAL E SEUS ANEXOS;;0;;;0;2,A,1,H,B;0;40565;13;5;;2129;False
licitacoes;000015/2025;Pregão Eletrônico;PREGÃO ELETRÔNICO RP;Homologada;SECRETARIA MUNICIPAL DE INFRAESTRUTURA E SERVIÇOS PÚBLICOS;3500;2025-04-24;000015;2025001327;2025;2026-02-26;2025-05-13 00:00:00;;;;12500.00;12500.00;REGISTRO DE PREÇOS PARA A ESCOLHA DA PROPOSTA MAIS VANTAJOSA PARA FUTURA AQUISIÇÃO DE MATERIAIS ELÉTRICOS, PARA MANUTENÇÃO DA INFRAESTRUTURA DE ILUMINAÇÃO PÚBLICA DO MUNICÍPIO DE PALMAS - TO, DE INTERESSE DA SECRETARIA MUNICIPAL DE INFRAESTRUTURA E OBRAS PÚBLICAS, CONFORME CONDIÇÕES, QUANTIDADES E EXIGÊNCIAS ESTABELECIDAS NESTE EDITAL E SEUS ANEXOS;;0;;;0;2,A,1,H,B;0;40571;13;5;;2129;False
licitacoes;000015/2025;Pregão Eletrônico;PREGÃO ELETRÔNICO RP;Homologada;SECRETARIA MUNICIPAL DE INFRAESTRUTURA E SERVIÇOS PÚBLICOS;3500;2025-04-24;000015;2025001327;2025;2026-02-26;2025-05-13 00:00:00;;;;347250.00;348150.00;REGISTRO DE PREÇOS PARA A ESCOLHA DA PROPOSTA MAIS VANTAJOSA PARA FUTURA AQUISIÇÃO DE MATERIAIS ELÉTRICOS, PARA MANUTENÇÃO DA INFRAESTRUTURA DE ILUMINAÇÃO PÚBLICA DO MUNICÍPIO DE PALMAS - TO, DE INTERESSE DA SECRETARIA MUNICIPAL DE INFRAESTRUTURA E OBRAS PÚBLICAS, CONFORME CONDIÇÕES, QUANTIDADES E EXIGÊNCIAS ESTABELECIDAS NESTE EDITAL E SEUS ANEXOS;;0;;;0;2,A,1,H,B;0;40572;13;5;;2129;False
licitacoes;000015/2025;Pregão Eletrônico;PREGÃO ELETRÔNICO RP;Homologada;SECRETARIA MUNICIPAL DE INFRAESTRUTURA E SERVIÇOS PÚBLICOS;3500;2025-04-24;000015;2025001327;2025;2026-02-26;2025-05-13 00:00:00;;;;579990.00;579990.00;REGISTRO DE PREÇOS PARA A ESCOLHA DA PROPOSTA MAIS VANTAJOSA PARA FUTURA AQUISIÇÃO DE MATERIAIS ELÉTRICOS, PARA MANUTENÇÃO DA INFRAESTRUTURA DE ILUMINAÇÃO PÚBLICA DO MUNICÍPIO DE PALMAS - TO, DE INTERESSE DA SECRETARIA MUNICIPAL DE INFRAESTRUTURA E OBRAS PÚBLICAS, CONFORME CONDIÇÕES, QUANTIDADES E EXIGÊNCIAS ESTABELECIDAS NESTE EDITAL E SEUS ANEXOS;;0;;;0;2,A,1,H,B;0;40573;13;5;;2129;False
licitacoes;000015/2025;Pregão Eletrônico;PREGÃO ELETRÔNICO RP;Homologada;SECRETARIA MUNICIPAL DE INFRAESTRUTURA E SERVIÇOS PÚBLICOS;3500;2025-04-24;000015;2025001327;2025;2026-02-26;2025-05-13 00:00:00;;;;22330.00;22330.00;REGISTRO DE PREÇOS PARA A ESCOLHA DA PROPOSTA MAIS VANTAJOSA PARA FUTURA AQUISIÇÃO DE MATERIAIS ELÉTRICOS, PARA MANUTENÇÃO DA INFRAESTRUTURA DE ILUMINAÇÃO PÚBLICA DO MUNICÍPIO DE PALMAS - TO, DE INTERESSE DA SECRETARIA MUNICIPAL DE INFRAESTRUTURA E OBRAS PÚBLICAS, CONFORME CONDIÇÕES, QUANTIDADES E EXIGÊNCIAS ESTABELECIDAS NESTE EDITAL E SEUS ANEXOS;;0;;;0;2,A,1,H,B;0;40574;13;5;;2129;False
licitacoes;000015/2025;Pregão Eletrônico;PREGÃO ELETRÔNICO RP;Homologada;SECRETARIA MUNICIPAL DE INFRAESTRUTURA E SERVIÇOS PÚBLICOS;3500;2025-04-24;000015;2025001327;2025;2026-02-27;2025-05-13 00:00:00;;;;2320.00;2320.00;REGISTRO DE PREÇOS PARA A ESCOLHA DA PROPOSTA MAIS VANTAJOSA PARA FUTURA AQUISIÇÃO DE MATERIAIS ELÉTRICOS, PARA MANUTENÇÃO DA INFRAESTRUTURA DE ILUMINAÇÃO PÚBLICA DO MUNICÍPIO DE PALMAS - TO, DE INTERESSE DA SECRETARIA MUNICIPAL DE INFRAESTRUTURA E OBRAS PÚBLICAS, CONFORME CONDIÇÕES, QUANTIDADES E EXIGÊNCIAS ESTABELECIDAS NESTE EDITAL E SEUS ANEXOS;;0;;;0;2,A,1,H,B;0;40586;13;5;;2129;False
licitacoes;000015/2025;Pregão Eletrônico;PREGÃO ELETRÔNICO RP;Homologada;SECRETARIA MUNICIPAL DE INFRAESTRUTURA E SERVIÇOS PÚBLICOS;3500;2025-04-24;000015;2025001327;2025;2026-02-27;2025-05-13 00:00:00;;;;729671.85;729671.85;REGISTRO DE PREÇOS PARA A ESCOLHA DA PROPOSTA MAIS VANTAJOSA PARA FUTURA AQUISIÇÃO DE MATERIAIS ELÉTRICOS, PARA MANUTENÇÃO DA INFRAESTRUTURA DE ILUMINAÇÃO PÚBLICA DO MUNICÍPIO DE PALMAS - TO, DE INTERESSE DA SECRETARIA MUNICIPAL DE INFRAESTRUTURA E OBRAS PÚBLICAS, CONFORME CONDIÇÕES, QUANTIDADES E EXIGÊNCIAS ESTABELECIDAS NESTE EDITAL E SEUS ANEXOS;;0;;;0;2,A,1,H,B;0;40587;13;5;;2129;False
licitacoes;013/2025;Pregão Eletrônico;PREGAO ELETRONICO;Homologada;FUNDO MUNICIPAL DE SAÚDE;3200;2025-06-06;13;2025001390;2025;2025-08-12;2025-06-25 00:00:00;;;;100000.00;100000.00;AQUISIÇÃO DE MOTOCICLETAS PARA ATENDER DEMANDA DA SECRETARIA MUNICIPAL DE SAÚDE DE PALMAS -TO/CENTRO DE CONTROLE DE ZOONOSES, DE ACORDO COM EMENDA PARLAMENTAR ESTADUAL Nº 010414.01130/2024 DESTINADOS A AQUISIÇÃO DE MOTOCICLETAS.;;0;;;0;2,A;0;39299;13;5;;2129;False
licitacoes;000012/2025;Concorrência para Compras e Serviços;CONCORRÊNCIA;Homologada;AGÊNCIA DE TRANSPORTE COLETIVO DE PALMAS;1201;2026-01-06;000012;2025000511;2025;2026-04-16;2026-02-09 00:00:00;;;;23131878.98;23131878.98;CONCESSÃO, POR MEIO DE PROCEDIMENTO LICITATÓRIO, PARA PRESTAÇÃO DE SERVIÇOS DE TRANSPORTE PÚBLICO COLETIVO DE PASSAGEIROS NO MUNICÍPIO DE PALMAS-TO, COMPREENDENDO A OPERAÇÃO E MANUTENÇÃO DO SERVIÇO DE TRANSPORTE COLETIVO, MEDIANTE A DISPONIBILIZAÇÃO DE ÔNIBUS E A IMPLANTAÇÃO, DISPONIBILIZAÇÃO, OPERAÇÃO E MANUTENÇÃO DE SISTEMAS INTELIGENTES DE TRANSPORTE, PELO PERÍODO DE 240 (DUZENTOS E QUARENTA) MESES, (20 ANOS);;0;;;0;2,E;0;40206;5;5;;2129;False
licitacoes;012/2025;Pregão Eletrônico;PREGÃO ELETRÔNICO RP;Homologada;FUNDO MUNICIPAL DE SAÚDE;3200;2025-05-19;12;2025000703;2025;2025-08-05;;;;;657112.83;657112.83;FUTURA CONTRATAÇÃO DE EMPRESA(S) ESPECIALIZADA(S) PARA FORNECIMENTO DE INSULINAS RESULTANTES DE DECISÕES JUDICIAIS.;;0;;;0;0;0;39611;13;5;;2129;False
licitacoes;000011/2025;Concorrência para Compras e Serviços;CONCORRÊNCIA;Aberta;SECRETARIA MUNICIPAL DE INFRAESTRUTURA E SERVIÇOS PÚBLICOS;3500;2026-02-05;000011;2025000701;2025;;2026-01-05 00:00:00;;;;19872512.40;0.00;CONTRATAÇÃO DE EMPRESA DE ENGENHARIA PARA CONTROLE TECNOLÓGICO DE SOLOS, ASFALTO E CONCRETO ATRAVÉS DE ENSAIOS DE LABORATÓRIO E EXECUÇÃO DE SERVIÇOS TÉCNICOS DE TOPOGRAFIA, NO MUNICÍPIO DE PALMAS;;0;;;0;0;0;40092;5;1;;2129;False
licitacoes;011/2025;Pregão Eletrônico;PREGÃO ELETRÔNICO RP;Homologada;SECRETARIA DO GABINETE DO PREFEITO;9909;2025-04-09;11;2025007580;2025;2025-08-05;2025-04-16 00:00:00;;;;2178708.18;1007206.30;FUTURA AQUISIÇÃO DE UNIFORMES SOCIAIS E OPERACIONAIS PARA ATENDER AS NECESSIDADES DA GUARDA METROPOLITANA DE PALMAS, SERVIDORES DA SECRETARIA MUNICIPAL DO GABINETE DO PREFEITO, SENDO QUE É INDISPENSÁVEL À UTILIZAÇÃO DE UNIFORME, QUE DESTACA, DISTINGUE E IDENTIFICA O SERVIDOR PÚBLICO DA GUARDA METROPOLITANA, PROPORCIONANDO AO USUÁRIO SEGURANÇA SUBJETIVA E GARANTIA DE DISPONIBILIDADE, PARA O EXERCÍCIO DE 2025, CONFORME CONDIÇÕES, QUANTIDADES E EXIGÊNCIAS ESTABELECIDAS NO EDITAL E SEUS ANEXOS.;;0;;;0;0;0;38780;13;5;;2129;False
licitacoes;010/2025;Concorrência para Compras e Serviços;CONCORRÊNCIA;Aberta;INSTITUTO DE PREVIDÊNCIA SOCIAL DO MUNICÍPIO DE PALMAS;6100;2025-10-21;10;2025007164;2025;;2025-11-05 00:00:00;;;;0.00;0.00;CONTRATAÇÃO DE EMPRESA ESPECIALIZADA PARA REFORMA DA SEDE DO PREVIPALMAS, NO MUNICÍPIO DE PALMAS - TO, CONFORME ESPECIFICAÇÕES TÉCNICAS, MEMORIAL DESCRITIVO E DEMAIS DOCUMENTOS QUE COMPÕEM O INSTRUMENTO CONVOCATÓRIO;;0;;;0;2,E;0;39963;5;1;;2129;False
licitacoes;010/2025;Pregão Eletrônico;PREGÃO ELETRÔNICO RP;Homologada;FUNDO MUNICIPAL DE SAÚDE;3200;2025-04-09;10;2025001108;2025;2025-07-01;2025-04-24 00:00:00;;;;3847958.00;3847958.00;REGISTRO DE PREÇOS TEM POR OBJETO A FUTURA AQUISIÇÃO DE INSUMOS DE ENFERMAGEM (VOLUME II: ÁCIDO PERACÉTICO ? TOUCA SANFONADA), VISANDO ATENDER ÀS NECESSIDADES DA SECRETARIA MUNICIPAL DE SAÚDE DE PALMAS-TO, CONFORME CONDIÇÕES, QUANTIDADES E EXIGÊNCIAS ESTABELECIDAS NO EDITAL E SEUS ANEXOS.;;0;;;0;0;0;38843;13;5;;2129;False
licitacoes;000009/2025;Concorrência para Obras e Serviços de Engenharia;CONCORRÊNCIA PÚBLICA PARA OBRAS E SERVIÇOS DE ENGENHARIA;Homologada;FUNDO MUNICIPAL DE SAÚDE;3200;2025-10-21;000009;2025007122;2025;2026-03-05;;;;;7498000.00;6173319.00;CONTRATAÇÃO DE EMPRESA ESPECIALIZADA PARA A EXECUÇÃO DE OBRA DE ENGENHARIA VOLTADA À CONSTRUÇÃO DE UMA UNIDADE BÁSICA DE SAÚDE DO JARDIM AURENY II PORTE V (UBS AURENY II);;0;;;0;1,B;0;39962;6;5;;2129;False
licitacoes;009/2025;Pregão Eletrônico;PREGAO ELETRONICO;Homologada;SECRETARIA MUNICIPAL DE INFRAESTRUTURA E SERVIÇOS PÚBLICOS;3500;2025-04-24;9;2025002174;2025;2025-07-09;2025-05-13 00:00:00;;;;115828.40;89422.00;OBJETO DA PRESENTE LICITAÇÃO É O REGISTRO DE PREÇOS PARA A AQUISIÇÃO DE UNIFORMES PARA SERVIDORES ELETRICISTAS DA SUPERINTENDÊNCIA DE ENERGIA, DE INTERESSE DA SECRETARIA MUNICIPAL DE INFRAESTRUTURA E OBRAS PÚBLICAS;;0;;;0;2,A;0;38743;13;5;;2129;False
licitacoes;008/2025;Pregão Eletrônico;PREGÃO ELETRÔNICO RP;Homologada;SECRETARIA MUNICIPAL DE INFRAESTRUTURA E SERVIÇOS PÚBLICOS;3500;2025-03-18;8;2025000459;2025;2025-05-08;2025-04-01 00:00:00;;;;220545.55;162328.00;REGISTRO DE PREÇOS PARA A ESCOLHA DA PROPOSTA MAIS VANTAJOSA PARA FUTURA AQUISIÇÃO DE CIMENTO TIPO PORTLAND CP TIPO II - 32 (COMPOSTO COM FILER, CONFORME NORMAS ABNT  NBR 11.758), SACO COM 50KG E CAL HIDRATADO CH1 (CONFORME NORMAS ABNT NBR 6473), SACO COM 20KG;;0;;;0;2,A;0;38671;13;5;;2129;False
licitacoes;007/2025;Concorrência para Obras e Serviços de Engenharia;CONCORRÊNCIA PÚBLICA PARA OBRAS E SERVIÇOS DE ENGENHARIA;Aberta;FUNDO MUNICIPAL DE SAÚDE;3200;2025-10-15;7;38618;2025;;;;;;0.00;0.00;"A CONTRATAÇÃO DE EMPRESA ESPECIALIZADA PARA A EXECUÇÃO DE OBRA DE ENGENHARIA VOLTADA À CONSTRUÇÃO DE UMA UNIDADE DE ATENÇÃO ESPECIALIZADA 
(POLICLÍNICA DA REGIÃO SUL).";;0;;;0;2,E;0;39936;6;1;;2129;False
licitacoes;007/2025;Pregão Eletrônico;PREGÃO ELETRÔNICO RP;Homologada;SECRETARIA MUNICIPAL DE INFRAESTRUTURA E SERVIÇOS PÚBLICOS;3500;2025-02-26;7;2023066257;2025;2025-08-19;2025-03-13 00:00:00;;;;3446104.66;2296142.43;REGISTRO DE PREÇOS PARA A ESCOLHA DA PROPOSTA MAIS VANTAJOSA PARA FUTURA AQUISIÇÃO DE MATERIAIS DE CONSTRUÇÃO E ELÉTRICOS, VISANDO SUPRIR DEMANDAS EM EQUIPAMENTOS PÚBLICOS NO MUNICÍPIO DE PALMAS - TO, DE INTERESSE DA SECRETARIA MUNICIPAL DE INFRAESTRUTURA E OBRAS PÚBLICAS;;0;;;0;0;0;38507;13;5;;2129;False
licitacoes;000007/2025;Pregão Eletrônico;PREGÃO ELETRÔNICO RP;Homologada;FUNDO MUNICIPAL DE SAÚDE;3200;2025-02-26;000007;2023066257;2025;2026-03-17;2025-03-13 00:00:00;;;;1093066.05;616899.35;"ÓRGÃO PARTICIPANTE DO PREGÃO ELETRÔNICO Nº 007/2025 - REGISTRO DE PREÇOS PARA AQUISIÇÃO DE MATERIAIS DE CONSTRUÇÃO E ELÉTRICOS.

REGISTRO DE PREÇOS PARA A ESCOLHA DA PROPOSTA MAIS VANTAJOSA PARA FUTURA AQUISIÇÃO DE MATERIAIS DE CONSTRUÇÃO E ELÉTRICOS, VISANDO SUPRIR DEMANDAS EM EQUIPAMENTOS PÚBLICOS NO MUNICÍPIO DE PALMAS - TO.";;0;;;0;1,H;0;39124;13;5;;2129;False
licitacoes;006/2025;Concorrência para Compras e Serviços;CONCORRÊNCIA;Homologada;FUNDO MUNICIPAL DE SAÚDE;3200;2025-10-13;6;2025007124;2025;2025-12-15;2025-11-03 00:00:00;;;;1078131.98;1078131.98;CONTRATAÇÃO DE EMPRESA ESPECIALIZADA PARA A EXECUÇÃO DE OBRA DE ENGENHARIA VOLTADA À CONSTRUÇÃO DE UM CENTRO DE PARTO NORMAL PERI- HOSPITALAR (CPNP), EM ATENDIMENTO ÀS DEMANDAS DA SECRETARIA MUNICIPAL DA SAÚDE DE PALMAS- TO, NO ÂMBITO DO PROGRAMA DE ACELERAÇÃO DO CRESCIMENTO (PAC 2023-2026);;0;;;0;2,A,1,B;0;39932;5;5;;2129;False
licitacoes;006/2025;Pregão Eletrônico;PREGAO ELETRONICO;Homologada;SECRETARIA MUNICIPAL DE DESENVOLVIMENTO RURAL;3300;2025-02-20;6;2024026730;2025;2025-06-04;2025-03-11 00:00:00;;;;211194.18;211194.18;"CONTRATAÇÃO DE EMPRESA ESPECIALIZADA NA PRESTAÇÃO DE SERVIÇOS COMUNS DE ENGENHARIA PARA REFORMA DAS ESTRUTURAS FÍSICAS E SUBSTITUIÇÕES DOS PORTÕES DAS 06 (SEIS) HORTAS COMUNITÁRIAS, NOS SEGUINTES ENDEREÇOS:  SETOR TAQUARI ? RUA NS-3 ? QUADRA. T-31 ? CEP: 77063-442, SETOR JARDIM AURENY II ? RUA 15 DE JANEIRO ? CEP: 77060-200; QUADRA 1.006 SUL, ALAMEDA 15 ? CEP: 77023-600; QUADRA 1.206  SUL,  ALAMEDA  09  ?  CEP:  77024-462;  QUADRA  303  NORTE  ?  AVENIDA  NS-3,  APM  09  ? CEP: 77001-242 E QUADRA 407 NORTE ? AVENIDA NS-15, APM 25 ? CEP: 77001-548, COM ÁREA TOTAL DE 10.566,54 M², NA ZONA URBANA DO MUNICÍPIO DE PALMAS";;0;;;0;2,A;0;38479;13;5;;2129;False
licitacoes;005/2025;Concorrência para Obras e Serviços de Engenharia;CONCORRÊNCIA PÚBLICA PARA OBRAS E SERVIÇOS DE ENGENHARIA;Aberta;FUNDAÇÃO MUNICIPAL DE ESPORTES E LAZER DE PALMAS;1600;2025-09-23;5;;2025;;2025-10-10 00:00:00;;;;0.00;0.00;CONTRATAÇÃO DE EMPRESA ESPECIALIZADA PARA CONSTRUÇÃO DO ESPAÇO ESPORTIVO COMUNITÁRIO NO SETOR IRMÃ DULCE, NO MUNICÍPIO DE PALMAS - TO, NO ÂMBITO DO PLANO DE CONTRATAÇÕES ANUAL 2025 ? PAC 2025, VINCULADA À EXECUÇÃO DO TERMO DE COMPROMISSO N° 960001/2024/MESP/CAIXA, CONFORME ESPECIFICAÇÕES TÉCNICAS, MEMORIAL DESCRITIVO E DEMAIS DOCUMENTOS QUE COMPÕEM O INSTRUMENTO DO CERTAME;;0;;;0;0;0;39833;6;1;;2129;False
licitacoes;005/2025;Pregão Eletrônico;PREGÃO ELETRÔNICO RP;Homologada;FUNDO MUNICIPAL DE ASSISTÊNCIA SOCIAL;5800;2025-02-20;5;2024028668;2025;2025-08-26;;;;;60173.65;60173.65;A AQUISIÇÃO DE MATERIAL ESCOLAR E PEDAGÓGICO PARA ATENDER AS DEMANDAS DA SECRETARIA MUNICIPAL DE AÇÃO SOCIAL (SEMAS) DO MUNICÍPIO DE PALMAS;;0;;;0;0;0;38483;13;5;;2129;False
licitacoes;004/2025;Concorrência para Obras e Serviços de Engenharia;CONCORRÊNCIA PÚBLICA PARA OBRAS E SERVIÇOS DE ENGENHARIA;Homologada;FUNDO MUNICIPAL DE SAÚDE;3200;2025-09-16;4;38620;2025;2025-12-18;;;;;917230.70;4438900.00;CONTRATAÇÃO DE EMPRESA ESPECIALIZADA PARA A EXECUÇÃO DE OBRA VISANDO À CONSTRUÇÃO DE UM CENTRO DE ATENÇÃO PSICOSSOCIAL PORTE II ? CAPS II, EM TAQUARALTO 3ª ETAPA ? VALE DO SOL, PALMAS -TO, NO ÂMBITO DO PROGRAMA DE ACELERAÇÃO DO CRESCIMENTO (PAC 2023-2026), DE ACORDO COM AS CONDIÇÕES E ESPECIFICAÇÕES CONSTANTES NO EDITAL E SEUS ANEXOS.;;0;;;0;1,B;0;40245;6;5;;2129;False
licitacoes;004/2025;Pregão Eletrônico;PREGAO ELETRONICO;Aberta;FUNDO MUNICIPAL DE ASSISTÊNCIA SOCIAL;5800;2025-02-18;4;2024028417;2025;;;;;;0.00;0.00;O OBJETO DA PRESENTE LICITAÇÃO É O REGISTRO DE PREÇOS PARA A ESCOLHA DA PROPOSTA MAIS VANTAJOSA PARA FUTURA AQUISIÇÃO DE GÊNEROS ALIMENTÍCIOS PERECÍVEIS E NÃO PERECÍVEIS, DESTINADOS AO SUPRIMENTO DE PROGRAMAS SOCIAIS, DE INTERESSE DA SECRETARIA MUNICIPAL DE AÇÃO SOCIAL, CONFORME CONDIÇÕES, QUANTIDADES E EXIGÊNCIAS ESTABELECIDAS NO EDITAL E SEUS ANEXOS.;;0;;;0;2,E;0;38451;13;1;;2129;False
licitacoes;003/2025;Concorrência para Compras e Serviços;CONCORRÊNCIA;Homologada;SECRETARIA MUNICIPAL DE INFRAESTRUTURA E SERVIÇOS PÚBLICOS;3500;2025-08-05;3;2024028753;2025;2025-10-09;2025-08-25 00:00:00;;;;572752.11;21362160.73;CONTRATAÇÃO DE EMPRESA ESPECIALIZADA PARA A EXECUÇÃO DA OBRA DE DRENAGEM PLUVIAL, TERRAPLANAGEM, PAVIMENTAÇÃO, SINALIZAÇÃO VIÁRIA  NO SETOR JARDIM AURENY III E LOTEAMENTO MACHADO, NO MUNICÍPIO DE PALMAS;;0;;;0;2,A,1,B;0;39640;5;5;;2129;False
licitacoes;003/2025;Pregão Eletrônico;PREGÃO ELETRÔNICO RP;Homologada;SECRETARIA MUNICIPAL DE INFRAESTRUTURA E SERVIÇOS PÚBLICOS;3500;2025-02-07;3;2024029486;2025;2025-05-30;2025-02-21 00:00:00;;;;2258526.32;1750385.00;REGISTRO DE PREÇOS PARA A ESCOLHA DA PROPOSTA MAIS VANTAJOSA PARA FUTURA AQUISIÇÃO DE ARTEFATOS DE CONCRETO (TUBOS, GRELHAS, CHAPÉU, SUPORTE, KIT BOCA DE LOBO, CANALETA E ADUELA);;0;;;0;0;0;38387;13;5;;2129;False
licitacoes;002/2025;Concorrência para Compras e Serviços;CONCORRÊNCIA;Suspensão/Paralisada;SECRETARIA MUNICIPAL DE COMUNICAÇÃO;5600;2025-06-09;2;2025001692;2025;;2025-09-11 00:00:00;;;;0.00;0.00;A PRESENTE LICITAÇÃO TEM POR FINALIDADE A SELEÇÃO DA MELHOR PROPOSTA DO TIPO TÉCNICA E PREÇO, QUE POSSIBILITE, NA FORMA E NOS TERMOS DESTE EDITAL, A CONTRATAÇÃO DE 03 (TRÊS) AGÊNCIAS DE PUBLICIDADE E PROPAGANDA PARA A PRESTAÇÃO DE SERVIÇOS DE PUBLICIDADE E PROPAGANDA, PARA DIVULGAÇÃO DOS PROGRAMAS E AÇÕES DA PREFEITURA MUNICIPAL DE PALMAS/TO., CONFORME CONDIÇÕES E ESPECIFICAÇÕES ESTABELECIDAS NO PRESENTE EDITAL, BEM COMO EM SEUS ANEXOS.;;0;;;0;0;0;39310;5;11;;2129;False
licitacoes;002/2025;Pregão Eletrônico;PREGÃO ELETRÔNICO RP;Homologada;FUNDO MUNICIPAL DE SAÚDE;3200;2025-02-06;2;2024025963;2025;2025-04-22;;;;;303389.02;303389.02;"CONTRATAÇÃO DE EMPRESA PARA FORNECIMENTO
DE GÁS DE COZINHA ATENDER A REDE MUNICIPAL
DE SAÚDE.";;0;;;0;0;0;38354;13;5;;2129;False
licitacoes;001/2025;Concorrência para Compras e Serviços;CONCORRÊNCIA;Homologada;SECRETARIA MUNICIPAL DE INFRAESTRUTURA E SERVIÇOS PÚBLICOS;3500;2025-04-14;1;2025001000;2025;2025-08-22;2025-05-05 00:00:00;;;;9300000.00;9300000.00;CONTRATAÇÃO DE EMPRESA ESPECIALIZADA PARA A EXECUÇÃO DA OBRA DE AMPLIAÇÃO DO ATERRO SANITÁRIO DE PALMAS/TO - 7ª CÉLULA DE DISPOSIÇÃO DE REJEITOS;;0;;;0;2,A;0;38884;5;5;;2129;False
licitacoes;001/2025;Pregão Eletrônico;PREGÃO ELETRÔNICO RP;Homologada;FUNDO MUNICIPAL DE ASSISTÊNCIA SOCIAL;5800;2025-02-11;1;2024025228;2025;2025-05-29;;;;;47016.45;47016.45;REGISTRO DE PREÇOS PARA FUTURAS AQUISIÇÕES DE PRODUTOS DE HIGIENE PESSOAL PARA O ATENDIMENTO AOS USUÁRIOS DO SUAS ATRAVÉS DA CASA DE ACOLHIDA, CASA ABRIGO RAIO DE SOL, CASA ABRIGO DA MULHER, CASA ACOLHIDA, ACOLHIMENTO DOS IMIGRANTES VENEZUELANOS, CREAS E MEDIDA SOCIOEDUCATIVAS EM MEIO ABERTO.;;0;;;0;2,A;0;38452;13;5;;2129;False
licitacoes;<b>Processo </b>2025006873/2025;Outros;ADESÃO A REGISTRO DE PREÇOS;Homologada;SECRETARIA DO GABINETE DO PREFEITO;9909;2025-10-02;;2025006873;2025;2025-10-02;;;;;140735.00;140735.00;CONTRATAÇÃO DE EMPRESA ESPECIALIZADA PARA FORNECIMENTO DE ARTIGOS DE FLORICULTURA (ARRANJOS, BUQUÊS, VASOS E COROAS DE FLORES) VISANDO ATENDER AS NECESSIDADES DA SECRETARIA DO GABINETE DO PREFEITO E DE SEUS ÓRGÃOS SUBORDINADOS.;;0;;;0;1,H;0;39884;99;5;;2129;False
licitacoes;<b>Processo </b>2025006884/2025;Outros;ADESÃO A REGISTRO DE PREÇOS;Aberta;SECRETARIA MUNICIPAL DE INFRAESTRUTURA E SERVIÇOS PÚBLICOS;3500;2025-10-02;;2025006884;2025;;;;;;0.00;0.00;OBJETO: CONTRATAÇÃO DE EMPRESA PARA PRESTAÇÃO DE SERVIÇOS DE SISTEMA MODULAR PRÉ-FABRICADO (CONSTRUÇÃO OFF-SITE) EM PAINÉIS DE AÇO GALVALUME (LIGA DE ALUMÍNIO E ZINCO) REVESTIDO POR ESPUMA RÍGIDA DE POLIISOCIANURATO (PIR), COM FORNECIMENTO INTEGRADO DE MATERIAIS DE CONSUMO E PERMANENTE PARA ATENDER AS DEMANDAS DA SECRETARIA MUNICIPAL DE INFRAESTRUTURA E OBRAS PÚBLICAS DE PALMAS/TO;;0;;;0;1,H;0;39891;99;1;;2129;False
licitacoes;<b>Processo </b>2025006536/2025;Adesão à ata de registro de preço ou participação(carona) em Pregão de Outros Órgãos;ADESAO A REG DE PRECOS (EXT);Homologada;SECRETARIA MUNICIPAL DE ZELADORIA URBANA;1900;2025-09-11;;2025006536;2025;2025-09-11;;;;;978585.85;978585.85;AQUISIÇÃO E INSTALAÇÃO DE BRINQUEDOS E PLAYGROUNDS;;0;;;0;1,H,C;0;39776;16;5;;2129;False
licitacoes;<b>Processo </b>2025006608/2025;Outros;ADESÃO A REGISTRO DE PREÇOS;Homologada;AGÊNCIA MUNICIPAL DE TURISMO;1400;2025-09-04;;2025006608;2025;2025-09-04;;;;;278185.00;278185.00;AQUISIÇÃO DE COMPUTADORES PARA ATENDER DEMANDA ADMINISTRATIVA DA AGTUR;;0;;;0;1,H;0;39757;99;5;;2129;False
licitacoes;<b>Processo </b>2025006789/2025;Outros;ADESÃO A REGISTRO DE PREÇOS;Homologada;SECRETARIA MUNICIPAL DA EDUCAÇÃO;2900;2025-09-02;;2025006789;2025;2025-09-02;;;;;391921.29;391921.29;"CONTRATAÇÃO DE EMPRESA ESPECIALIZADA NA PRESTAÇÃO DE SERVIÇOS DE GERENCIAMENTO E CONTROLE DE MANUTENÇÃO PREVENTIVA E CORRETIVA (MECÂNICA EM GERAL) COM
FORNECIMENTO DE PEÇAS, PRODUTOS DE LIMPEZA AUTOMOTIVA, PNEUS E ACESSÓRIOS DE REPOSIÇÃO ORIGINAL OU SIMILAR DE PRIMEIRA LINHA, COM IMPLANTAÇÃO E OPERAÇÃO
DE SISTEMA INFORMATIZADO, COM UTILIZAÇÃO DE CARTÃO MAGNÉTICO, VIA WEB, POR INTERMÉDIO DE REDES DE ESTABELECIMENTOS CREDENCIADOS, PARA ATENDER AS DEMANDAS
DA SECRETARIA MUNICIPAL DA EDUCAÇÃO DE PALMAS/TO.";;0;;;0;1,H;0;39749;99;5;;2129;False
licitacoes;<b>Processo </b>2025006789/2025;Outros;ADESÃO A REGISTRO DE PREÇOS;Homologada;SECRETARIA MUNICIPAL DA EDUCAÇÃO;2900;2025-09-02;;2025006789;2025;2025-09-02;;;;;148495.54;148495.54;"CONTRATAÇÃO DE EMPRESA ESPECIALIZADA NA PRESTAÇÃO DE SERVIÇOS DE GERENCIAMENTO E CONTROLE DE MANUTENÇÃO PREVENTIVA E CORRETIVA (MECÂNICA EM GERAL) COM
FORNECIMENTO DE PEÇAS, PRODUTOS DE LIMPEZA AUTOMOTIVA, PNEUS E ACESSÓRIOS DE REPOSIÇÃO ORIGINAL OU SIMILAR DE PRIMEIRA LINHA, COM IMPLANTAÇÃO E OPERAÇÃO
DE SISTEMA INFORMATIZADO, COM UTILIZAÇÃO DE CARTÃO MAGNÉTICO, VIA WEB, POR INTERMÉDIO DE REDES DE ESTABELECIMENTOS CREDENCIADOS, PARA ATENDER AS DEMANDAS
DA SECRETARIA MUNICIPAL DA EDUCAÇÃO DE PALMAS/TO.";;0;;;0;1,H;0;39750;99;5;;2129;False
licitacoes;<b>Processo </b>2025006894/2025;Outros;ADESÃO A REGISTRO DE PREÇOS;Homologada;SECRETARIA MUNICIPAL DE PLANEJAMENTO E DESENVOLVIMENTO HUMANO;2500;2025-08-29;;2025006894;2025;2025-08-29;;;;;246220.00;246220.00;AQUISIÇÃO DE COMPUTADORES E MONITORES PARA ATENDER AS NECESSIDADES DA SECRETARIA DE PLANEJAMENTO, ORÇAMENTO E LICITAÇÕES.;;0;;;0;1,H;0;39727;99;5;;2129;False
licitacoes;<b>Processo </b>2025004070/2025;Outros;ADESÃO A REGISTRO DE PREÇOS;Homologada;SECRETARIA MUNICIPAL DE ADMINISTRAÇÃO E MODERNIZAÇÃO;9906;2025-08-29;;2025004070;2025;2025-08-29;;;;;493075.20;493075.20;ADESÃO A ATA DE REGISTRO DE PREÇO TERCEIRIZAÇÃO DE MÃO DE OBRA - GOLDEN;;0;;;0;1,H;0;39729;99;5;;2129;False
licitacoes;<b>Processo </b>2025004070/2025;Outros;ADESÃO A REGISTRO DE PREÇOS;Homologada;SECRETARIA MUNICIPAL DE PROTEÇÃO E BEM-ESTAR ANIMAL;9901;2025-08-29;;2025004070;2025;2025-08-29;;;;;43334.40;43334.40;ADESÃO A ATA DE REGISTRO DE PREÇO TERCEIRIZAÇÃO DE MÃO DE OBRA - GOLDEN;;0;;;0;1,H;0;39730;99;5;;2129;False
licitacoes;<b>Processo </b>2025004070/2025;Outros;ADESÃO A REGISTRO DE PREÇOS;Homologada;FUNDAÇÃO MUNICIPAL DE ESPORTES E LAZER DE PALMAS;1600;2025-08-29;;2025004070;2025;2025-08-29;;;;;43334.40;43334.40;ADESÃO A ATA DE REGISTRO DE PREÇO TERCEIRIZAÇÃO DE MÃO DE OBRA - GOLDEN;;0;;;0;1,H;0;39731;99;5;;2129;False
licitacoes;<b>Processo </b>2025004070/2025;Outros;ADESÃO A REGISTRO DE PREÇOS;Homologada;AGÊNCIA DE TECNOLOGIA DA INFORMAÇÃO DO  MUNICÍPIO  DE  PALMAS;9600;2025-08-29;;2025004070;2025;2025-08-29;;;;;130752.00;130752.00;ADESÃO A ATA DE REGISTRO DE PREÇO TERCEIRIZAÇÃO DE MÃO DE OBRA - GOLDEN;;0;;;0;1,H;0;39732;99;5;;2129;False
licitacoes;<b>Processo </b>2025004070/2025;Outros;ADESÃO A REGISTRO DE PREÇOS;Homologada;FUNDAÇÃO MUNICIPAL DA JUVENTUDE DE PALMAS;8900;2025-08-29;;2025004070;2025;2025-08-29;;;;;37375.92;37375.92;FUNDAÇÃO MUNICIPAL DA JUVENTUDE DE PALMAS;;0;;;0;1,H;0;39733;99;5;;2129;False
licitacoes;<b>Processo </b>2025007270/2025;Outros;ADESÃO A REGISTRO DE PREÇOS;Homologada;AGÊNCIA MUNICIPAL DE TURISMO;1400;2025-08-21;;2025007270;2025;2025-08-21;;;;;240820.00;240820.00;ADESÃO PARA SERVIÇOS DE SEGURANÇÃO E APOIO LOGISTICO DO FGT 2025;;0;;;0;1,H;0;39695;99;5;;2129;False
licitacoes;<b>Processo </b>2025003630/2025;Outros;ADESÃO A REGISTRO DE PREÇOS;Homologada;FUNDO MUNICIPAL DE ASSISTÊNCIA SOCIAL;5800;2025-07-31;;2025003630;2025;2025-07-31;;;;;14943.85;14943.85;"REQUISIÇÃO REFERENTE A  CONTRATAÇÃO DE EMPRESA ESPECIALIZADA NA PRESTAÇÃO DE SERVIÇOS DE BUFFET ? REFEIÇÃO- ALMOÇO/JANTA E CAFÉ DA MANHÃ/LANCHE, PARA
ATENDER DEMANDAS DA SECRETARIA MUNICIPAL DEAÇÃO SOCIAL";;0;;;0;1,H;0;39610;99;5;;2129;False
licitacoes;<b>Processo </b>2025003630/2025;Outros;ADESÃO A REGISTRO DE PREÇOS;Homologada;FUNDO MUNICIPAL DE ASSISTÊNCIA SOCIAL;5800;2025-07-30;;2025003630;2025;2025-07-30;;;;;4437.00;4437.00;"CONTRATAÇÃO DE EMPRESA ESPECIALIZADA NA PRESTAÇÃO DE SERVIÇOS DE BUFFET ? REFEIÇÃO-
ALMOÇO/JANTA E CAFÉ DA MANHÃ/LANCHE, PARA ATENDER DEMANDAS DA SECRETARIA MUNICIPAL DE
AÇÃO SOCIAL";;0;;;0;1,H;0;39417;99;5;;2129;False
licitacoes;<b>Processo </b>2025003630/2025;Outros;ADESÃO A REGISTRO DE PREÇOS;Homologada;FUNDO MUNICIPAL DOS DIREITOS DA PESSOA IDOSA DE PALMAS;9700;2025-07-30;;2025003630;2025;2025-07-30;;;;;8992.15;8992.15;"REQUISIÇÃO E RESERVA REFERENTE A CONTRATAÇÃO DE EMPRESA ESPECIALIZADA NA PRESTAÇÃO DE SERVIÇOS DE BUFFET - REFEIÇÃO ALMOÇO / JANTA E CAFÉ DA MANHÃ / LANCHE
PARA ATENDER AS DEMANDAS DA SECRETARIA MUNICIPAL DE AÇÃO SOCIAL - IDOSO - NUP 028812-2025";;0;;;0;1,H;0;39608;99;5;;2129;False
licitacoes;<b>Processo </b>2025006487/2025;Outros;ADESÃO A REGISTRO DE PREÇOS;Homologada;SECRETARIA MUNICIPAL DE DESENVOLVIMENTO SOCIAL;3700;2025-07-29;;2025006487;2025;2025-07-29;;;;;16954.67;16954.67;AQUISIÇÃO DE CONDICIONADORES DE AR PARA ATENDER OS EQUIPAMENTOS DE RESPONSABILIDADE DA SECRETARIA MUNICIPAL DE AÇÃO SOCIAL;;0;;;0;1,H;0;39592;99;5;;2129;False
licitacoes;<b>Processo </b>2025006487/2025;Outros;ADESÃO A REGISTRO DE PREÇOS;Homologada;SECRETARIA MUNICIPAL DE DESENVOLVIMENTO SOCIAL;3700;2025-07-29;;2025006487;2025;2025-07-29;;;;;67818.68;67818.68;AQUISIÇÃO DE CONDICIONADORES DE AR PARA ATENDER OS EQUIPAMENTOS DE RESPONSABILIDADE DA SECRETARIA MUNICIPAL DE AÇÃO SOCIAL;;0;;;0;1,H;0;39593;99;5;;2129;False
licitacoes;<b>Processo </b>2025006487/2025;Outros;ADESÃO A REGISTRO DE PREÇOS;Homologada;SECRETARIA MUNICIPAL DE DESENVOLVIMENTO SOCIAL;3700;2025-07-29;;2025006487;2025;2025-07-29;;;;;16954.67;16954.67;AQUISIÇÃO DE CONDICIONADORES DE AR PARA ATENDER OS EQUIPAMENTOS DE RESPONSABILIDADE DA SECRETARIA MUNICIPAL DE AÇÃO SOCIAL;;0;;;0;1,H;0;39594;99;5;;2129;False
licitacoes;<b>Processo </b>2025006487/2025;Outros;ADESÃO A REGISTRO DE PREÇOS;Homologada;FUNDO MUNICIPAL DE ASSISTÊNCIA SOCIAL;5800;2025-07-29;;2025006487;2025;2025-07-29;;;;;120752.36;120752.36;AQUISIÇÃO DE CONDICIONADORES DE AR PARA ATENDER OS EQUIPAMENTOS DE RESPONSABILIDADE DA SECRETARIA MUNICIPAL DE AÇÃO SOCIAL;;0;;;0;1,H;0;39595;99;5;;2129;False
licitacoes;<b>Processo </b>2025006487/2025;Outros;ADESÃO A REGISTRO DE PREÇOS;Homologada;FUNDO MUNICIPAL DE ASSISTÊNCIA SOCIAL;5800;2025-07-29;;2025006487;2025;2025-07-29;;;;;101728.02;101728.02;AQUISIÇÃO DE CONDICIONADORES DE AR PARA ATENDER OS EQUIPAMENTOS DE RESPONSABILIDADE DA SECRETARIA MUNICIPAL DE AÇÃO SOCIAL;;0;;;0;1,H;0;39596;99;5;;2129;False
licitacoes;<b>Processo </b>2025006487/2025;Outros;ADESÃO A REGISTRO DE PREÇOS;Homologada;FUNDO MUNICIPAL DE ASSISTÊNCIA SOCIAL;5800;2025-07-29;;2025006487;2025;2025-07-29;;;;;14885.00;14885.00;AQUISIÇÃO DE CONDICIONADORES DE AR - 60.000BTUS PARA ATENDER OS EQUIPAMENTOS DA SECRETARIA MUNICIPAL DE AÇÃO SOCIAL.;;0;;;0;1,H;0;39597;99;5;;2129;False
licitacoes;<b>Processo </b>2025004195/2025;Outros;ADESÃO A REGISTRO DE PREÇOS;Homologada;SECRETARIA DO GABINETE DO PREFEITO;9909;2025-07-28;;2025004195;2025;2025-07-28;;;;;490899.47;490899.47;FORNECIMENTO E INSTALAÇÃO DE MÓVEIS PLANEJADOS, COM O INTUITO DE EQUIPAR O GABINETE DO PREFEITO E A SECRETARIA DO GABINETE DO PREFEITO.;;0;;;0;1,H;0;39584;99;5;;2129;False
licitacoes;<b>Processo </b>2022035801/2025;Outros;ADESÃO A REGISTRO DE PREÇOS;Homologada;FUNDO MUNICIPAL DE SAÚDE;3200;2025-07-28;;2022035801;2025;2025-07-28;;;;;8848.40;8848.40;"PRESTAÇÃO DE SERVIÇOS DE INTRANET 
REF: MAIO E JUNHO DE 2025 
CAPS";;0;;;0;1,H;0;39587;99;5;;2129;False
licitacoes;<b>Processo </b>2022035801/2025;Outros;ADESÃO A REGISTRO DE PREÇOS;Homologada;FUNDO MUNICIPAL DE SAÚDE;3200;2025-07-28;;2022035801;2025;2025-07-28;;;;;15554.00;15554.00;"PRESTAÇÃO DE SERVIÇOS DE INTRANET 
REF: MAIO E JUNHO DE 2025 
UPAS";;0;;;0;1,H;0;39589;99;5;;2129;False
licitacoes;<b>Processo </b>2022035801/2025;Outros;ADESÃO A REGISTRO DE PREÇOS;Homologada;FUNDO MUNICIPAL DE SAÚDE;3200;2025-07-28;;2022035801;2025;2025-07-28;;;;;15554.00;15554.00;"PRESTAÇÃO DE SERVIÇOS DE INTRANET 
REF: MAIO E JUNHO DE 2025 
UPAS";;0;;;0;1,H;0;39590;99;5;;2129;False
licitacoes;<b>Processo </b>2025006450/2025;Outros;ADESÃO A REGISTRO DE PREÇOS;Homologada;FUNDO MUNICIPAL DE SAÚDE;3200;2025-07-24;;2025006450;2025;2025-07-24;;;;;420139.92;420139.92;LOCAÇÃO DE VEÍCULOS;;0;;;0;1,H;0;39570;99;5;;2129;False
licitacoes;<b>Processo </b>2025006450/2025;Outros;ADESÃO A REGISTRO DE PREÇOS;Homologada;FUNDO MUNICIPAL DE SAÚDE;3200;2025-07-24;;2025006450;2025;2025-07-24;;;;;504179.76;504179.76;LOCAÇÃO DE VEÍCULOS;;0;;;0;1,H;0;39572;99;5;;2129;False
licitacoes;<b>Processo </b>2025006450/2025;Outros;ADESÃO A REGISTRO DE PREÇOS;Homologada;FUNDO MUNICIPAL DE SAÚDE;3200;2025-07-24;;2025006450;2025;2025-07-24;;;;;118499.94;118499.94;LOCAÇÃO DE VEÍCULOS;;0;;;0;1,H;0;39573;99;5;;2129;False
licitacoes;<b>Processo </b>2025006450/2025;Outros;ADESÃO A REGISTRO DE PREÇOS;Homologada;FUNDO MUNICIPAL DE SAÚDE;3200;2025-07-24;;2025006450;2025;2025-07-24;;;;;444779.82;444779.82;LOCAÇÃO DE VEÍCULOS;;0;;;0;1,H;0;39574;99;5;;2129;False
licitacoes;<b>Processo </b>2025000092/2025;Outros;ADESÃO A REGISTRO DE PREÇOS;Homologada;SECRETARIA MUNICIPAL DE INFRAESTRUTURA E SERVIÇOS PÚBLICOS;3500;2025-07-11;;2025000092;2025;2025-07-11;;;;;4227159.44;4227159.44;ADESÃO DA ATA DE REGISTRO DE PREÇOS Nº 01/2024, PROCESSO ADMINISTRATIVO Nº 898.995/2023, GERENCIADA PELO CREA/ES, CUJO OBJETO CONSISTE NA CONTRATAÇÃO DE FUTURA EMPRESA DE ENGENHARIA PARA, SOB DEMANDA, REALIZAR OBRA, REFORMA, RECUPERAÇÃO, AMPLIAÇÃO, DEMOLIÇÃO, ADAPTAÇÃO E MANUTENÇÃO PREDIAL (PEQUENAS REFORMAS), COM FORNECIMENTO DE PEÇAS, EQUIPAMENTOS, MATERIAIS E MÃO DE OBRA, NA FORMA ESTABELECIDA EM PLANILHAS DE SERVIÇOS COM INSUMOS DIVERSOS DESCRITOS PELO SISTEMA NACIONAL DE PESQUISA DE CUSTOS E ÍNDICES DA CONSTRUÇÃO CIVIL, DORAVANTE DENOMINADO SINAPI.;;0;;;0;1,H;0;39507;99;5;;2129;False
licitacoes;<b>Processo </b>2025003630/2025;Outros;ADESÃO A REGISTRO DE PREÇOS;Homologada;SECRETARIA MUNICIPAL DE DESENVOLVIMENTO SOCIAL;3700;2025-07-09;;2025003630;2025;2025-07-09;;;;;9265.00;9265.00;"CONTRATAÇÃO DE EMPRESA ESPECIALIZADA NA PRESTAÇÃO DE SERVIÇOS DE BUFFET ? REFEIÇÃO-
ALMOÇO/JANTA E CAFÉ DA MANHÃ/LANCHE, PARA ATENDER DEMANDAS DA SECRETARIA MUNICIPAL DE
AÇÃO SOCIAL";;0;;;0;1,H,B;0;39418;99;5;;2129;False
licitacoes;<b>Processo </b>2025003630/2025;Outros;ADESÃO A REGISTRO DE PREÇOS;Homologada;SECRETARIA MUNICIPAL DE DESENVOLVIMENTO SOCIAL;3700;2025-07-09;;2025003630;2025;2025-07-09;;;;;2023.00;2023.00;"CONTRATAÇÃO DE EMPRESA ESPECIALIZADA NA PRESTAÇÃO DE SERVIÇOS DE BUFFET ? REFEIÇÃO-
ALMOÇO/JANTA E CAFÉ DA MANHÃ/LANCHE, PARA ATENDER DEMANDAS DA SECRETARIA MUNICIPAL DE
AÇÃO SOCIAL";;0;;;0;1,H,B;0;39419;99;5;;2129;False
licitacoes;<b>Processo </b>2025006471/2025;Outros;ADESÃO A REGISTRO DE PREÇOS;Homologada;AGÊNCIA MUNICIPAL DE TURISMO;1400;2025-07-07;;2025006471;2025;2025-07-07;;;;;399375.00;399375.00;ADESÃO A ARP PARA AQUISIÇÃO DE AREIA E SEIXO PARA REPOSIÇÃO E MANUTENÇÃO NAS PRAIAS;;0;;;0;1,H;0;39411;99;5;;2129;False
licitacoes;<b>Processo </b>2024027987/2025;Outros;ADESÃO A REGISTRO DE PREÇOS;Homologada;AGÊNCIA DE TRANSPORTE COLETIVO DE PALMAS;1201;2025-07-07;;2024027987;2025;2025-07-07;;;;;20146.00;20146.00;CONTRATAÇÃO DE EMPRESA ESPECIALIZADA EM PRESTAÇÃO DE SERVIÇOS CONTINUADOS COM DEDICAÇÃO EXCLUSIVA DE MÃO DE OBRA DE APOIO ADMINISTRATIVO: RECEPCIONISTA, PARA ATENDER ÀS NECESSIDADES DAS AGÊNCIA DE TRANSPORTE COLETIVO DE PALMAS - ATCP.;;0;;;0;1,H;0;39412;99;5;;2129;False
licitacoes;<b>Processo </b>2024028599/2025;Outros;ADESÃO A REGISTRO DE PREÇOS;Homologada;AGÊNCIA DE TRANSPORTE COLETIVO DE PALMAS;1201;2025-06-27;;2024028599;2025;2025-06-27;;;;;14084.04;14084.04;"CONTRATAÇÃO DE EMPRESA OPERADORA DE SISTEMA DE CARTÕES PARA PRESTAÇÃO DE SERVIÇOS DE ADMINISTRAÇÃO, COMBUSTÍVEIS, ATRAVÉS DA UTILIZAÇÃO DE SISTEMA VIA
WEB PRÓPRIO DA EMPRESA,, PARA ATENDER A AGÊNCIA DE TRANSPORTE COLETIVO DE PALMAS - ATCP";;0;;;0;1,H;0;39383;99;5;;2129;False
licitacoes;<b>Processo </b>2025003239/2025;Outros;ADESÃO A REGISTRO DE PREÇOS;Homologada;SECRETARIA DO GABINETE DO PREFEITO;9909;2025-06-23;;2025003239;2025;2025-06-23;;;;;456520.00;456520.00;CONTRATAÇÃO DE EMPRESA ESPECIALIZADA PARA A AQUISIÇÃO DE EQUIPAMENTOS DE INFORMÁTICA (COMPUTADORES, MONITORES E NOTEBOOKS) DESTINADOS A SUPRIR AS NECESSIDADES DA SECRETARIA DO GABINETE DO PREFEITO E DE SEUS ÓRGÃOS SUBORDINADOS.;;0;;;0;1,H;0;39351;99;5;;2129;False
licitacoes;<b>Processo </b>2025003239/2025;Outros;ADESÃO A REGISTRO DE PREÇOS;Homologada;SECRETARIA DO GABINETE DO PREFEITO;9909;2025-06-23;;2025003239;2025;2025-06-23;;;;;225380.00;225380.00;CONTRATAÇÃO DE EMPRESA ESPECIALIZADA PARA A AQUISIÇÃO DE EQUIPAMENTOS DE INFORMÁTICA (COMPUTADORES, MONITORES E NOTEBOOKS) DESTINADOS A SUPRIR AS NECESSIDADES DA SECRETARIA DO GABINETE DO PREFEITO E DE SEUS ÓRGÃOS SUBORDINADOS.;;0;;;0;1,H;0;39353;99;5;;2129;False
licitacoes;<b>Processo </b>2025001058/2025;Outros;ADESÃO A REGISTRO DE PREÇOS;Homologada;SECRETARIA MUNICIPAL DE ZELADORIA URBANA;1900;2025-06-16;;2025001058;2025;2025-06-16;;;;;399523.85;399523.85;AQUISIÇÃO DE AREIA GROSSA LAVADA, AREIA FINA E SEIXO ROLADO;;0;;;0;1,H;0;39328;99;5;;2129;False
licitacoes;<b>Processo </b>2025001771/2025;Outros;ADESÃO A REGISTRO DE PREÇOS;Homologada;SECRETARIA MUNICIPAL DE INFRAESTRUTURA E SERVIÇOS PÚBLICOS;3500;2025-06-06;;2025001771;2025;2025-06-06;;;;;1571663.70;1571663.70;ADESÃO À ATA DE REGISTRO DE PREÇOS N.º 022/2024, ORIUNDA DO PREGÃO ELETRÔNICO PARA REGISTRO DE PREÇOS N.º 010/2024, COM O OBJETIVO DE AQUISIÇÃO DE PISOS MODULARES ESPORTIVOS PARA A MANUTENÇÃO, READEQUAÇÃO E MODERNIZAÇÃO DAS QUADRAS POLIESPORTIVAS DO MUNICÍPIO DE PALMAS/TO;;0;;;0;1,H;0;39271;99;5;;2129;False
licitacoes;<b>Processo </b>2025002100/2025;Outros;ADESÃO A REGISTRO DE PREÇOS;Homologada;SECRETARIA MUNICIPAL DE ZELADORIA URBANA;1900;2025-06-04;;2025002100;2025;2025-06-04;;;;;329730.00;329730.00;AQUISIÇÃO DE COMPUTADORES POR MEIO DE ADESÃO A ATA DE REGISTRO DE PREÇOS PREGÃO ELETRÔNICO N° 002/2024, ORIUNDA DO PROCESSO ADMINISTRATIVO N° 2024000928 DA SECRETARIA MUNICIPAL DE PLANEJAMENTO E INOVAÇÃO DE PORTO NACIONAL;;0;;;0;1,H;0;39239;99;5;;2129;False
licitacoes;<b>Processo </b>2025000773/2025;Outros;ADESÃO A REGISTRO DE PREÇOS;Homologada;SECRETARIA MUNICIPAL DA FAZENDA E TRANSFORMAÇÃO DIGITAL;2700;2025-06-02;;2025000773;2025;2025-06-02;;;;;34280.88;34280.88;"ADESÃO A ATA DE REGISTRO DE PREÇOS Nº 008/2024 ? PROCESSO ADMINISTRATIVO Nº 258/2024, ORIUNDA DO PREGÃO ELETRÔNICO Nº 016/2024 ? SRP, DA
ASSEMBLEIA LEGISLATIVA DO ESTADO DO TOCANTINS, VISANDO A FUTURA AQUISIÇÃO DE ALIMENTOS INDUSTRIALIZADOS SOB DEMANDA, DE NATUREZA CONTINUADA, PARA
ATENDER AS NECESSIDADES DA SECRETARIA MUNICIPAL DE FINANÇAS, CONFORME QUANTIDADES E CONDIÇÕES ESTABELECIDAS NESTE TERMO DE REFERÊNCIA.";;0;;;0;1,H;0;39215;99;5;;2129;False
licitacoes;<b>Processo </b>2025003445/2025;Outros;ADESÃO A REGISTRO DE PREÇOS;Homologada;SECRETARIA MUNICIPAL DE ZELADORIA URBANA;1900;2025-05-28;;2025003445;2025;2025-05-28;;;;;3999998.73;3999998.73;AQUISIÇÃO DE MASSA ASFÁLTICA DO TIPO CBUQ PARA ATENDER AS DEMANDAS DA SECRETARIA MUNICIPAL DE ZELADORIA URBANA;;0;;;0;1,H;0;39203;99;5;;2129;False
licitacoes;<b>Processo </b>2025000092/2025;Outros;ADESÃO A REGISTRO DE PREÇOS;Homologada;SECRETARIA MUNICIPAL DE INFRAESTRUTURA E SERVIÇOS PÚBLICOS;3500;2025-05-27;;2025000092;2025;2025-05-27;;;;;6000000.00;8000000.00;ADESÃO DA ATA DE REGISTRO DE PREÇOS Nº 01/2024, PROCESSO ADMINISTRATIVO Nº 898.995/2023, GERENCIADA PELO CREA/ES, CUJO OBJETO CONSISTE NA CONTRATAÇÃO DE FUTURA EMPRESA DE ENGENHARIA PARA, SOB DEMANDA, REALIZAR OBRA, REFORMA, RECUPERAÇÃO, AMPLIAÇÃO, DEMOLIÇÃO, ADAPTAÇÃO E MANUTENÇÃO PREDIAL (PEQUENAS REFORMAS), COM FORNECIMENTO DE PEÇAS, EQUIPAMENTOS, MATERIAIS E MÃO DE OBRA, NA FORMA ESTABELECIDA EM PLANILHAS DE SERVIÇOS COM INSUMOS DIVERSOS DESCRITOS PELO SISTEMA NACIONAL DE PESQUISA DE CUSTOS E ÍNDICES DA CONSTRUÇÃO CIVIL, DORAVANTE DENOMINADO SINAPI;;0;;;0;1,H;0;39199;99;5;;2129;False
licitacoes;<b>Processo </b>2025000092/2025;Outros;ADESÃO A REGISTRO DE PREÇOS;Homologada;SECRETARIA MUNICIPAL DE INFRAESTRUTURA E SERVIÇOS PÚBLICOS;3500;2025-05-27;;2025000092;2025;2025-05-27;;;;;2000000.00;2000000.00;ADESÃO DA ATA DE REGISTRO DE PREÇOS Nº 01/2024, PROCESSO ADMINISTRATIVO Nº 898.995/2023, GERENCIADA PELO CREA/ES, CUJO OBJETO CONSISTE NA CONTRATAÇÃO DE FUTURA EMPRESA DE ENGENHARIA PARA, SOB DEMANDA, REALIZAR OBRA, REFORMA, RECUPERAÇÃO, AMPLIAÇÃO, DEMOLIÇÃO, ADAPTAÇÃO E MANUTENÇÃO PREDIAL (PEQUENAS REFORMAS), COM FORNECIMENTO DE PEÇAS, EQUIPAMENTOS, MATERIAIS E MÃO DE OBRA, NA FORMA ESTABELECIDA EM PLANILHAS DE SERVIÇOS COM INSUMOS DIVERSOS DESCRITOS PELO SISTEMA NACIONAL DE PESQUISA DE CUSTOS E ÍNDICES DA CONSTRUÇÃO CIVIL, DORAVANTE DENOMINADO SINAPI;;0;;;0;1,H;0;39200;99;5;;2129;False
licitacoes;<b>Processo </b>2025003355/2025;Outros;ADESÃO A REGISTRO DE PREÇOS;Homologada;SECRETARIA DO GABINETE DO PREFEITO;9909;2025-05-22;;2025003355;2025;2025-05-22;;;;;1528800.00;1528800.00;"PRESTAÇÃO DE SERVIÇOS DE LOCAÇÃO DE VEÍCULOS ADMINISTRATIVOS E OPERACIONAIS (ADAPTADOS) SEM USO (ZERO QUILOMETRO), SEM MOTORISTA, COM QUILOMETRAGEM LIVRE, SEGURO TOTAL E SISTEMA DE RASTREAMENTO E MONITORAMENTO INCLUSO, REF: EXERCÍCIO DE 2025.
12 VIATURAS PICK-UP CABINE DUPLA COM CELA CARACTERIZADA (ATA 007/2025 - KAELE LTDA).
VALOR UNITÁRIO R$ 18.200,00.
GUARDA METROPOLITANA DE PALMAS.";;0;;;0;1,H;0;39118;99;5;;2129;False
licitacoes;<b>Processo </b>2025003356/2025;Outros;ADESÃO A REGISTRO DE PREÇOS;Homologada;SECRETARIA MUNICIPAL DE ZELADORIA URBANA;1900;2025-05-22;;2025003356;2025;2025-05-22;;;;;420000.00;420000.00;"PRESTAÇÃO DE SERVIÇOS DE LOCAÇÃO DE VEÍCULOS ADMINISTRATIVOS E OPERACIONAIS (ADAPTADOS) SEM USO (ZERO QUILOMETRO), SEM MOTORISTA, COM QUILOMETRAGEM LIVRE, SEGURO TOTAL E SISTEMA DE RASTREAMENTO E MONITORAMENTO INCLUSO, REF: EXERCÍCIO DE 2025.
02 CAMINHÃO 3/4 (ATA 008/2025 - LOCALEVE SERVIÇOS DE LOCAÇÃO LTDA).
VALOR UNITÁRIO R$ 30.000,00.
ZELADORIA URBANA";;0;;;0;1,H;0;39119;99;5;;2129;False
licitacoes;<b>Processo </b>2025003356/2025;Outros;ADESÃO A REGISTRO DE PREÇOS;Homologada;SECRETARIA MUNICIPAL DE INFRAESTRUTURA E SERVIÇOS PÚBLICOS;3500;2025-05-22;;2025003356;2025;2025-05-22;;;;;210000.00;210000.00;"PRESTAÇÃO DE SERVIÇOS DE LOCAÇÃO DE VEÍCULOS ADMINISTRATIVOS E OPERACIONAIS (ADAPTADOS) SEM USO (ZERO QUILOMETRO), SEM MOTORISTA, COM QUILOMETRAGEM LIVRE, SEGURO TOTAL E SISTEMA DE RASTREAMENTO E MONITORAMENTO INCLUSO, REF: EXERCÍCIO DE 2025.
02 CAMINHÃO 3/4 (ATA 008/2025 - LOCALEVE SERVIÇOS DE LOCAÇÃO LTDA).
VALOR UNITÁRIO R$ 30.000,00.
SEC. MUN. DE INFRAESTRUTURA E OBRAS PUBLICAS.";;0;;;0;1,H;0;39121;99;5;;2129;False
licitacoes;<b>Processo </b>2025003356/2025;Outros;ADESÃO A REGISTRO DE PREÇOS;Homologada;SECRETARIA MUNICIPAL DE ADMINISTRAÇÃO E MODERNIZAÇÃO;9906;2025-05-22;;2025003356;2025;2025-05-22;;;;;210000.00;210000.00;"PRESTAÇÃO DE SERVIÇOS DE LOCAÇÃO DE VEÍCULOS ADMINISTRATIVOS E OPERACIONAIS (ADAPTADOS) SEM USO (ZERO QUILOMETRO), SEM MOTORISTA, COM QUILOMETRAGEM LIVRE, SEGURO TOTAL E SISTEMA DE RASTREAMENTO E MONITORAMENTO INCLUSO, REF: EXERCÍCIO DE 2025.
02 CAMINHÃO 3/4 (ATA 008/2025 - LOCALEVE SERVIÇOS DE LOCAÇÃO LTDA).
VALOR UNITÁRIO R$ 30.000,00.
SEC. MUN. DE ADMINISTRAÇÃO E MODERNIZAÇÃO.";;0;;;0;1,H;0;39122;99;5;;2129;False
licitacoes;<b>Processo </b>2025003356/2025;Outros;ADESÃO A REGISTRO DE PREÇOS;Homologada;SECRETARIA MUNICIPAL DE DESENVOLVIMENTO URBANO E SERVIÇOS REGIONAIS;9400;2025-05-22;;2025003356;2025;2025-05-22;;;;;210000.00;210000.00;"PRESTAÇÃO DE SERVIÇOS DE LOCAÇÃO DE VEÍCULOS ADMINISTRATIVOS E OPERACIONAIS (ADAPTADOS) SEM USO (ZERO QUILOMETRO), SEM MOTORISTA, COM QUILOMETRAGEM LIVRE, SEGURO TOTAL E SISTEMA DE RASTREAMENTO E MONITORAMENTO INCLUSO, REF: EXERCÍCIO DE 2025.
01 CAMINHÃO 3/4 (ATA 008/2025 - LOCALEVE SERVIÇOS DE LOCAÇÃO LTDA).
VALOR UNITÁRIO R$ 30.000,00.
SEC. MUN. DE DESENVOLVIMENTO URBANO E REGULARIZAÇÃO FUNDIÁRIA.";;0;;;0;1,H;0;39123;99;5;;2129;False
licitacoes;<b>Processo </b>2025003211/2025;Outros;ADESÃO A REGISTRO DE PREÇOS;Homologada;SECRETARIA MUNICIPAL DE SEGURANCA E MOBILIDADE URBANA;1200;2025-05-22;;2025003211;2025;2025-05-22;;;;;1260000.00;1260000.00;"PRESTAÇÃO DE SERVIÇOS DE LOCAÇÃO DE VEÍCULOS ADMINISTRATIVOS E OPERACIONAIS (ADAPTADOS) SEM USO (ZERO QUILOMETRO), SEM MOTORISTA, COM QUILOMETRAGEM LIVRE, SEGURO TOTAL E SISTEMA DE RASTREAMENTO E MONITORAMENTO INCLUSO, REF: EXERCÍCIO DE 2025.
12 VIATURAS PICK-UP CABINE DUPLA CARACTERIZADA (ATA 006/2025 - KAELE LTDA).
VALOR UNITÁRIO R$ 15.000,00.
SECRETARIA MUNICIPAL DE MOBILIDADE URBANA E DEFESA CIVIL.";;0;;;0;1,H;0;39125;99;5;;2129;False
licitacoes;<b>Processo </b>2025003211/2025;Outros;ADESÃO A REGISTRO DE PREÇOS;Homologada;AGÊNCIA DE TRANSPORTE COLETIVO DE PALMAS;1201;2025-05-22;;2025003211;2025;2025-05-22;;;;;91769.86;91769.86;"PRESTAÇÃO DE SERVIÇOS DE LOCAÇÃO DE VEÍCULOS ADMINISTRATIVOS E OPERACIONAIS (ADAPTADOS) SEM USO (ZERO QUILOMETRO), SEM MOTORISTA, COM QUILOMETRAGEM LIVRE, SEGURO TOTAL E SISTEMA DE RASTREAMENTO E MONITORAMENTO INCLUSO, REF: EXERCÍCIO DE 2025.
01 PICK-UP PEQUENA PORTE MÉDIO (ATA 006/2025 - KAELE LTDA).
VALOR UNITÁRIO R$ 13.109,98.
AGÊNCIA DE TRANSPORTE COLETIVO DE PALMAS.";;0;;;0;1,H;0;39126;99;5;;2129;False
licitacoes;<b>Processo </b>2025003211/2025;Outros;ADESÃO A REGISTRO DE PREÇOS;Homologada;AGÊNCIA MUNICIPAL DE TURISMO;1400;2025-05-22;;2025003211;2025;2025-05-22;;;;;91769.86;91769.86;"PRESTAÇÃO DE SERVIÇOS DE LOCAÇÃO DE VEÍCULOS ADMINISTRATIVOS E OPERACIONAIS (ADAPTADOS) SEM USO (ZERO QUILOMETRO), SEM MOTORISTA, COM QUILOMETRAGEM LIVRE, SEGURO TOTAL E SISTEMA DE RASTREAMENTO E MONITORAMENTO INCLUSO, REF: EXERCÍCIO DE 2025.
01 PICK-UP PEQUENA PORTE MÉDIO (ATA 006/2025 - KAELE LTDA).
VALOR UNITÁRIO R$ 13.109,98.
AGÊNCIA MUNICIPAL DE TURISMO.";;0;;;0;1,H;0;39127;99;5;;2129;False
licitacoes;<b>Processo </b>2025003211/2025;Outros;ADESÃO A REGISTRO DE PREÇOS;Homologada;SECRETARIA MUNICIPAL DE PROTEÇÃO E BEM-ESTAR ANIMAL;9901;2025-05-22;;2025003211;2025;2025-05-22;;;;;183539.72;183539.72;"PRESTAÇÃO DE SERVIÇOS DE LOCAÇÃO DE VEÍCULOS ADMINISTRATIVOS E OPERACIONAIS (ADAPTADOS) SEM USO (ZERO QUILOMETRO), SEM MOTORISTA, COM QUILOMETRAGEM LIVRE, SEGURO TOTAL E SISTEMA DE RASTREAMENTO E MONITORAMENTO INCLUSO, REF: EXERCÍCIO DE 2025.
02 PICK-UP PEQUENA PORTE MÉDIO (ATA 006/2025 - KAELE LTDA).
VALOR UNITÁRIO R$ 13.109,98.
SECRETARIA MUNICIPAL DE PROTEÇÃO E BEM-ESTAR ANIMAL.";;0;;;0;1,H;0;39128;99;5;;2129;False
licitacoes;<b>Processo </b>2025003211/2025;Outros;ADESÃO A REGISTRO DE PREÇOS;Homologada;SECRETARIA MUNICIPAL DE ZELADORIA URBANA;1900;2025-05-22;;2025003211;2025;2025-05-22;;;;;91769.86;91769.86;"PRESTAÇÃO DE SERVIÇOS DE LOCAÇÃO DE VEÍCULOS ADMINISTRATIVOS E OPERACIONAIS (ADAPTADOS) SEM USO (ZERO QUILOMETRO), SEM MOTORISTA, COM QUILOMETRAGEM LIVRE, SEGURO TOTAL E SISTEMA DE RASTREAMENTO E MONITORAMENTO INCLUSO, REF: EXERCÍCIO DE 2025.
01 PICK-UP PEQUENA PORTE MÉDIO (ATA 006/2025 - KAELE LTDA).
VALOR UNITÁRIO R$ 13.109,98.
SECRETARIA MUNICIPAL DE ZELADORIA URBANA.";;0;;;0;1,H;0;39129;99;5;;2129;False
licitacoes;<b>Processo </b>2025003211/2025;Outros;ADESÃO A REGISTRO DE PREÇOS;Homologada;SECRETARIA DO GABINETE DO PREFEITO;9909;2025-05-22;;2025003211;2025;2025-05-22;;;;;183539.72;183539.72;"PRESTAÇÃO DE SERVIÇOS DE LOCAÇÃO DE VEÍCULOS ADMINISTRATIVOS E OPERACIONAIS (ADAPTADOS) SEM USO (ZERO QUILOMETRO), SEM MOTORISTA, COM QUILOMETRAGEM LIVRE, SEGURO TOTAL E SISTEMA DE RASTREAMENTO E MONITORAMENTO INCLUSO, REF: EXERCÍCIO DE 2025.
02 PICK-UP PEQUENA PORTE MÉDIO (ATA 006/2025 - KAELE LTDA).
VALOR UNITÁRIO R$ 13.109,98.
SECRETARIA DO GABINETE DO PREFEITO.";;0;;;0;1,H;0;39130;99;5;;2129;False
licitacoes;<b>Processo </b>2025003211/2025;Outros;ADESÃO A REGISTRO DE PREÇOS;Homologada;SECRETARIA DO GABINETE DO PREFEITO;9909;2025-05-22;;2025003211;2025;2025-05-22;;;;;210000.00;210000.00;"PRESTAÇÃO DE SERVIÇOS DE LOCAÇÃO DE VEÍCULOS ADMINISTRATIVOS E OPERACIONAIS (ADAPTADOS) SEM USO (ZERO QUILOMETRO), SEM MOTORISTA, COM QUILOMETRAGEM LIVRE, SEGURO TOTAL E SISTEMA DE RASTREAMENTO E MONITORAMENTO INCLUSO, REF: EXERCÍCIO DE 2025.
02 VIATURAS PICK-UP CABINE DUPLA CARACTERIZADA (ATA 006/2025 - KAELE LTDA).
VALOR UNITÁRIO R$ 15.000,00.
SECRETARIA DO GABINETE DO PREFEITO.";;0;;;0;1,H;0;39131;99;5;;2129;False
licitacoes;<b>Processo </b>2025003211/2025;Outros;ADESÃO A REGISTRO DE PREÇOS;Homologada;SECRETARIA MUNICIPAL DE PLANEJAMENTO E DESENVOLVIMENTO HUMANO;2500;2025-05-22;;2025003211;2025;2025-05-22;;;;;275309.58;275309.58;"PRESTAÇÃO DE SERVIÇOS DE LOCAÇÃO DE VEÍCULOS ADMINISTRATIVOS E OPERACIONAIS (ADAPTADOS) SEM USO (ZERO QUILOMETRO), SEM MOTORISTA, COM QUILOMETRAGEM LIVRE, SEGURO TOTAL E SISTEMA DE RASTREAMENTO E MONITORAMENTO INCLUSO, REF: EXERCÍCIO DE 2025.
03 PICK-UP PEQUENA PORTE MÉDIO (ATA 006/2025 - KAELE LTDA).
VALOR UNITÁRIO R$ 13.109,98.
 SECRETARIA MUNICIPAL DE PLANEJAMENTO, ORÇAMENTO E LICITAÇÕES.";;0;;;0;1,H;0;39132;99;5;;2129;False
licitacoes;<b>Processo </b>2025003211/2025;Outros;ADESÃO A REGISTRO DE PREÇOS;Homologada;SECRETARIA MUNICIPAL DE DESENVOLVIMENTO ECONÔMICO E EMPREGO;2600;2025-05-22;;2025003211;2025;2025-05-22;;;;;91769.86;91769.86;"PRESTAÇÃO DE SERVIÇOS DE LOCAÇÃO DE VEÍCULOS ADMINISTRATIVOS E OPERACIONAIS (ADAPTADOS) SEM USO (ZERO QUILOMETRO), SEM MOTORISTA, COM QUILOMETRAGEM LIVRE, SEGURO TOTAL E SISTEMA DE RASTREAMENTO E MONITORAMENTO INCLUSO, REF: EXERCÍCIO DE 2025.
01 PICK-UP PEQUENA PORTE MÉDIO (ATA 006/2025 - KAELE LTDA).
VALOR UNITÁRIO R$ 13.109,98.
 SECRETARIA MUNICIPAL DE DESENVOLVIMENTO ECONÔMICO E EMPREENDEDORISMO.";;0;;;0;1,H;0;39133;99;5;;2129;False
licitacoes;<b>Processo </b>2025003211/2025;Outros;ADESÃO A REGISTRO DE PREÇOS;Homologada;SECRETARIA MUNICIPAL DE DESENVOLVIMENTO RURAL;3300;2025-05-22;;2025003211;2025;2025-05-22;;;;;275309.58;275309.58;"PRESTAÇÃO DE SERVIÇOS DE LOCAÇÃO DE VEÍCULOS ADMINISTRATIVOS E OPERACIONAIS (ADAPTADOS) SEM USO (ZERO QUILOMETRO), SEM MOTORISTA, COM QUILOMETRAGEM LIVRE, SEGURO TOTAL E SISTEMA DE RASTREAMENTO E MONITORAMENTO INCLUSO, REF: EXERCÍCIO DE 2025.
03 PICK-UP PEQUENA PORTE MÉDIO (ATA 006/2025 - KAELE LTDA).
VALOR UNITÁRIO R$ 13.109,98.
SECRETARIA MUNICIPAL DE AGRICULTURA E SERVIÇOS DO INTERIOR.";;0;;;0;1,H;0;39134;99;5;;2129;False
licitacoes;<b>Processo </b>2025003211/2025;Outros;ADESÃO A REGISTRO DE PREÇOS;Homologada;SECRETARIA MUNICIPAL DE INFRAESTRUTURA E SERVIÇOS PÚBLICOS;3500;2025-05-22;;2025003211;2025;2025-05-22;;;;;275309.58;275309.58;"PRESTAÇÃO DE SERVIÇOS DE LOCAÇÃO DE VEÍCULOS ADMINISTRATIVOS E OPERACIONAIS (ADAPTADOS) SEM USO (ZERO QUILOMETRO), SEM MOTORISTA, COM QUILOMETRAGEM LIVRE, SEGURO TOTAL E SISTEMA DE RASTREAMENTO E MONITORAMENTO INCLUSO, REF: EXERCÍCIO DE 2025.
03 PICK-UP PEQUENA PORTE MÉDIO (ATA 006/2025 - KAELE LTDA).
VALOR UNITÁRIO R$ 13.109,98.
SECRETARIA MUNICIPAL DE INFRAESTRURA E OBRAS PÚBLICAS.";;0;;;0;1,H;0;39135;99;5;;2129;False
licitacoes;<b>Processo </b>2025003211/2025;Outros;ADESÃO A REGISTRO DE PREÇOS;Homologada;SECRETARIA MUNICIPAL DE DESENVOLVIMENTO SOCIAL;3700;2025-05-22;;2025003211;2025;2025-05-22;;;;;91769.86;91769.86;"PRESTAÇÃO DE SERVIÇOS DE LOCAÇÃO DE VEÍCULOS ADMINISTRATIVOS E OPERACIONAIS (ADAPTADOS) SEM USO (ZERO QUILOMETRO), SEM MOTORISTA, COM QUILOMETRAGEM LIVRE, SEGURO TOTAL E SISTEMA DE RASTREAMENTO E MONITORAMENTO INCLUSO, REF: EXERCÍCIO DE 2025.
01 PICK-UP PEQUENA PORTE MÉDIO (ATA 006/2025 - KAELE LTDA).
VALOR UNITÁRIO R$ 13.109,98.
SECRETARIA MUNICIPAL DE AÇÃO SOCIAL.";;0;;;0;1,H;0;39137;99;5;;2129;False
licitacoes;<b>Processo </b>2025000921/2025;Outros;ADESÃO A REGISTRO DE PREÇOS;Homologada;SECRETARIA MUNICIPAL DE COMUNICAÇÃO;5600;2025-05-22;;2025000921;2025;2025-05-22;;;;;460337.15;460337.15;AQUISIÇÃO DE ÁGUA MINERAL E GELO;;0;;;0;1,H;0;39139;99;5;;2129;False
licitacoes;<b>Processo </b>2025003211/2025;Outros;ADESÃO A REGISTRO DE PREÇOS;Homologada;SECRETARIA MUNICIPAL DE PLANEJAMENTO URBANO;9905;2025-05-22;;2025003211;2025;2025-05-22;;;;;91769.86;91769.86;"PRESTAÇÃO DE SERVIÇOS DE LOCAÇÃO DE VEÍCULOS ADMINISTRATIVOS E OPERACIONAIS (ADAPTADOS) SEM USO (ZERO QUILOMETRO), SEM MOTORISTA, COM QUILOMETRAGEM LIVRE, SEGURO TOTAL E SISTEMA DE RASTREAMENTO E MONITORAMENTO INCLUSO, REF: EXERCÍCIO DE 2025.
01 PICK-UP PEQUENA PORTE MÉDIO (ATA 006/2025 - KAELE LTDA).
VALOR UNITÁRIO R$ 13.109,98.
SECRETARIA MUNICIPAL DE PLANEJAMENTO URBANO.";;0;;;0;1,H;0;39140;99;5;;2129;False
licitacoes;<b>Processo </b>2025003211/2025;Outros;ADESÃO A REGISTRO DE PREÇOS;Homologada;SECRETARIA MUNICIPAL DE COMUNICAÇÃO;5600;2025-05-22;;2025003211;2025;2025-05-22;;;;;91769.86;91769.86;"PRESTAÇÃO DE SERVIÇOS DE LOCAÇÃO DE VEÍCULOS ADMINISTRATIVOS E OPERACIONAIS (ADAPTADOS) SEM USO (ZERO QUILOMETRO), SEM MOTORISTA, COM QUILOMETRAGEM LIVRE, SEGURO TOTAL E SISTEMA DE RASTREAMENTO E MONITORAMENTO INCLUSO, REF: EXERCÍCIO DE 2025.
01 PICK-UP PEQUENA PORTE MÉDIO (ATA 006/2025 - KAELE LTDA).
VALOR UNITÁRIO R$ 13.109,98.
SECRETARIA MUNICIPAL DE COMUNICAÇÃO.";;0;;;0;1,H;0;39141;99;5;;2129;False
licitacoes;<b>Processo </b>2025003211/2025;Outros;ADESÃO A REGISTRO DE PREÇOS;Homologada;FUNDAÇÃO CULTURAL DE PALMAS;7100;2025-05-22;;2025003211;2025;2025-05-22;;;;;91769.86;91769.86;"PRESTAÇÃO DE SERVIÇOS DE LOCAÇÃO DE VEÍCULOS ADMINISTRATIVOS E OPERACIONAIS (ADAPTADOS) SEM USO (ZERO QUILOMETRO), SEM MOTORISTA, COM QUILOMETRAGEM LIVRE, SEGURO TOTAL E SISTEMA DE RASTREAMENTO E MONITORAMENTO INCLUSO, REF: EXERCÍCIO DE 2025.
01 PICK-UP PEQUENA PORTE MÉDIO (ATA 006/2025 - KAELE LTDA).
VALOR UNITÁRIO R$ 13.109,98.
FUNDAÇÃO CULTURAL DE PALMAS.";;0;;;0;1,H;0;39142;99;5;;2129;False
licitacoes;<b>Processo </b>2025003211/2025;Outros;ADESÃO A REGISTRO DE PREÇOS;Homologada;FUNDAÇÃO DE MEIO AMBIENTE DE PALMAS;7800;2025-05-22;;2025003211;2025;2025-05-22;;;;;183539.72;183539.72;"PRESTAÇÃO DE SERVIÇOS DE LOCAÇÃO DE VEÍCULOS ADMINISTRATIVOS E OPERACIONAIS (ADAPTADOS) SEM USO (ZERO QUILOMETRO), SEM MOTORISTA, COM QUILOMETRAGEM LIVRE, SEGURO TOTAL E SISTEMA DE RASTREAMENTO E MONITORAMENTO INCLUSO, REF: EXERCÍCIO DE 2025.
01 PICK-UP PEQUENA PORTE MÉDIO (ATA 006/2025 - KAELE LTDA).
VALOR UNITÁRIO R$ 13.109,98.
FUNDAÇÃO DE MEIO AMBIENTE DE PALMAS.";;0;;;0;1,H;0;39143;99;5;;2129;False
licitacoes;<b>Processo </b>2025003211/2025;Outros;ADESÃO A REGISTRO DE PREÇOS;Homologada;SECRETARIA MUNICIPAL DA EDUCAÇÃO;2900;2025-05-22;;2025003211;2025;2025-05-22;;;;;367079.44;367079.44;"PRESTAÇÃO DE SERVIÇOS DE LOCAÇÃO DE VEÍCULOS ADMINISTRATIVOS E OPERACIONAIS (ADAPTADOS) SEM USO (ZERO QUILOMETRO),
SEM MOTORISTA, COM QUILOMETRAGEM LIVRE, SEGURO TOTAL E SISTEMA DE RASTREAMENTO E MONITORAMENTO INCLUSO, REF:
EXERCÍCIO DE 2025.
04 VEICULOS TIPO PICK-UP AUTOMÁTICA 190CV. (ATA 006/2025 - KAELE LTDA).
VALOR UNITÁRIO R$ 13.109,98.
SECRETARIA MUNICIPAL DE EDUCAÇÃO.";;0;;;0;1,H;0;39144;99;5;;2129;False
licitacoes;<b>Processo </b>2025003211/2025;Outros;ADESÃO A REGISTRO DE PREÇOS;Homologada;SECRETARIA MUNICIPAL DE GOVERNO E RELAÇÕES INSTITUCIONAIS;7900;2025-05-22;;2025003211;2025;2025-05-22;;;;;91769.86;91769.86;"PRESTAÇÃO DE SERVIÇOS DE LOCAÇÃO DE VEÍCULOS ADMINISTRATIVOS E OPERACIONAIS (ADAPTADOS) SEM USO (ZERO QUILOMETRO), SEM MOTORISTA, COM QUILOMETRAGEM LIVRE, SEGURO TOTAL E SISTEMA DE RASTREAMENTO E MONITORAMENTO INCLUSO, REF: EXERCÍCIO DE 2025.
01 PICK-UP PEQUENA PORTE MÉDIO (ATA 006/2025 - KAELE LTDA).
VALOR UNITÁRIO R$ 13.109,98.
SECRETARIA MUNICIPAL DE GOVERNO.";;0;;;0;1,H;0;39146;99;5;;2129;False
licitacoes;<b>Processo </b>2025003211/2025;Outros;ADESÃO A REGISTRO DE PREÇOS;Homologada;SECRETARIA MUNICIPAL DE ADMINISTRAÇÃO E MODERNIZAÇÃO;9906;2025-05-22;;2025003211;2025;2025-05-22;;;;;91769.86;91769.86;"PRESTAÇÃO DE SERVIÇOS DE LOCAÇÃO DE VEÍCULOS ADMINISTRATIVOS E OPERACIONAIS (ADAPTADOS) SEM USO (ZERO QUILOMETRO), SEM MOTORISTA, COM QUILOMETRAGEM LIVRE, SEGURO TOTAL E SISTEMA DE RASTREAMENTO E MONITORAMENTO INCLUSO, REF: EXERCÍCIO DE 2025.
01 PICK-UP PEQUENA PORTE MÉDIO (ATA 006/2025 - KAELE LTDA).
VALOR UNITÁRIO R$ 13.109,98.
SECRETARIA MUNICIPAL DE ADMINISTRAÇÃO E MODERNIZAÇÃO.";;0;;;0;1,H;0;39147;99;5;;2129;False
licitacoes;<b>Processo </b>2025003210/2025;Outros;ADESÃO A REGISTRO DE PREÇOS;Homologada;SECRETARIA MUNICIPAL DA EDUCAÇÃO;2900;2025-05-22;;2025003210;2025;2025-05-22;;;;;726264.00;726264.00;"PRESTAÇÃO DE SERVIÇOS DE LOCAÇÃO DE VEÍCULOS ADMINISTRATIVOS E OPERACIONAIS (ADAPTADOS) SEM USO (ZERO
QUILOMETRO), SEM MOTORISTA, COM QUILOMETRAGEM LIVRE, SEGURO TOTAL E SISTEMA DE RASTREAMENTO E MONITORAMENTO INCLUSO, REF: EXERCÍCIO DE 2025.
24 VEÍCULOS TIPO PASSEIO TIPO HATCH. (ATA 008/2024 - KAELE LTDA).
VALOR UNITÁRIO R$ 2.823,00. 
2 VEICULOS TIPO VIATURA VAN 16 LUGARES
VALOR UNITÁRIO R$ 18.000,00
SECRETARIA MUNICIPAL DE EDUCAÇÃO";;0;;;0;1,H;0;39148;99;5;;2129;False
licitacoes;<b>Processo </b>2025003211/2025;Outros;ADESÃO A REGISTRO DE PREÇOS;Homologada;AGENCIA DE REGULACAO, CONTROLE E FISCALIZACAO DE SERVICOS PUBLICOS DE PALMAS;9100;2025-05-22;;2025003211;2025;2025-05-22;;;;;91769.86;91769.86;"PRESTAÇÃO DE SERVIÇOS DE LOCAÇÃO DE VEÍCULOS ADMINISTRATIVOS E OPERACIONAIS (ADAPTADOS) SEM USO (ZERO QUILOMETRO), SEM MOTORISTA, COM QUILOMETRAGEM LIVRE, SEGURO TOTAL E SISTEMA DE RASTREAMENTO E MONITORAMENTO INCLUSO, REF: EXERCÍCIO DE 2025.
01 PICK-UP PEQUENA PORTE MÉDIO (ATA 006/2025 - KAELE LTDA).
VALOR UNITÁRIO R$ 13.109,98.
AGÊNCIA DE REGULAÇÃO, CONTROLE E FISCALIZAÇÃO DE SERVIÇOS PÚBLICOS DE PALMAS.";;0;;;0;1,H;0;39149;99;5;;2129;False
licitacoes;<b>Processo </b>2025003211/2025;Outros;ADESÃO A REGISTRO DE PREÇOS;Homologada;SECRETARIA MUNICIPAL DE DESENVOLVIMENTO URBANO E SERVIÇOS REGIONAIS;9400;2025-05-22;;2025003211;2025;2025-05-22;;;;;91769.86;91769.86;"PRESTAÇÃO DE SERVIÇOS DE LOCAÇÃO DE VEÍCULOS ADMINISTRATIVOS E OPERACIONAIS (ADAPTADOS) SEM USO (ZERO QUILOMETRO), SEM MOTORISTA, COM QUILOMETRAGEM LIVRE, SEGURO TOTAL E SISTEMA DE RASTREAMENTO E MONITORAMENTO INCLUSO, REF: EXERCÍCIO DE 2025.
01 PICK-UP PEQUENA PORTE MÉDIO (ATA 006/2025 - KAELE LTDA).
VALOR UNITÁRIO R$ 13.109,98.
SECRETARIA MUNICIPAL DE DESENVOLVIMENTO URBANO E REGULARIZAÇÃO FUNDIÁRIA.";;0;;;0;1,H;0;39150;99;5;;2129;False
licitacoes;<b>Processo </b>2025003356/2025;Outros;ADESÃO A REGISTRO DE PREÇOS;Homologada;SECRETARIA MUNICIPAL DA EDUCAÇÃO;2900;2025-05-22;;2025003356;2025;2025-05-22;;;;;210000.00;210000.00;"PRESTAÇÃO DE SERVIÇOS DE LOCAÇÃO DE VEÍCULOS ADMINISTRATIVOS E OPERACIONAIS (ADAPTADOS) SEM USO (ZERO QUILOMETRO),
SEM MOTORISTA, COM QUILOMETRAGEM LIVRE, SEGURO TOTAL E SISTEMA DE RASTREAMENTO E MONITORAMENTO INCLUSO, REF:
EXERCÍCIO DE 2025.
01 CAMINHÃO 3/4 (ATA 008/2025 - LOCALEVE SERVIÇOS DE LOCAÇÃO LTDA).
VALOR UNITÁRIO R$ 30.000,00.
SECRETARIA MUNICIPAL DE EDUCAÇÃO";;0;;;0;1,H;0;39151;99;5;;2129;False
licitacoes;<b>Processo </b>2025003211/2025;Outros;ADESÃO A REGISTRO DE PREÇOS;Homologada;SECRETARIA MUNICIPAL DE DESENVOLVIMENTO URBANO E SERVIÇOS REGIONAIS;9400;2025-05-22;;2025003211;2025;2025-05-22;;;;;315000.00;315000.00;"PRESTAÇÃO DE SERVIÇOS DE LOCAÇÃO DE VEÍCULOS ADMINISTRATIVOS E OPERACIONAIS (ADAPTADOS) SEM USO (ZERO QUILOMETRO), SEM MOTORISTA, COM QUILOMETRAGEM LIVRE, SEGURO TOTAL E SISTEMA DE RASTREAMENTO E MONITORAMENTO INCLUSO, REF: EXERCÍCIO DE 2025.
03 VIATURAS PICK-UP CABINE DUPLA CARACTERIZADA (ATA 006/2025 - KAELE LTDA).
VALOR UNITÁRIO R$ 15.000,00.
SECRETARIA MUNICIPAL DE DESENVOLVIMENTO URBANO E REGULARIZAÇÃO FUNDIÁRIA.";;0;;;0;1,H;0;39152;99;5;;2129;False
licitacoes;<b>Processo </b>2025003210/2025;Outros;ADESÃO A REGISTRO DE PREÇOS;Homologada;SECRETARIA MUNICIPAL DE SEGURANCA E MOBILIDADE URBANA;1200;2025-05-22;;2025003210;2025;2025-05-22;;;;;19761.00;19761.00;"PRESTAÇÃO DE SERVIÇOS DE LOCAÇÃO DE VEÍCULOS ADMINISTRATIVOS E OPERACIONAIS (ADAPTADOS) SEM USO (ZERO QUILOMETRO), SEM MOTORISTA, COM QUILOMETRAGEM LIVRE, SEGURO TOTAL E SISTEMA DE RASTREAMENTO E MONITORAMENTO INCLUSO, REF: EXERCÍCIO DE 2025.
01 HATCH (ATA 008/2024 - KAELE LTDA).
VALOR UNITÁRIO R$ 2.823,000.
SECRETARIA MUNICIPAL DE MOBILIDADE URBANA E DEFESA CIVIL.";;0;;;0;1,H;0;39153;99;5;;2129;False
licitacoes;<b>Processo </b>2025000912/2025;Outros;ADESÃO A REGISTRO DE PREÇOS;Homologada;SECRETARIA MUNICIPAL DE COMUNICAÇÃO;5600;2025-05-22;;2025000912;2025;2025-05-22;;;;;206396.40;206396.40;"AQUISIÇÃO DE MATERIAIS DE CONSUMO, A SABER ADOÇANTE DIETÉTICO, CAFÉ EM PÓ, ACHOCOLATADO EM PÓ E LEITE EM PÓ PARA ATENDER AS NECESSIDADES DA SECRETARIA
MUNICIPAL DE COMUNICAÇÃO NOS SEUS SERVIÇOS ADMINISTRATIVOS";;0;;;0;1,H;0;39154;99;5;;2129;False
licitacoes;<b>Processo </b>2025003210/2025;Outros;ADESÃO A REGISTRO DE PREÇOS;Homologada;CONTROLADORIA-GERAL DO MUNICÍPIO;9908;2025-05-22;;2025003210;2025;2025-05-22;;;;;19761.00;19761.00;"PRESTAÇÃO DE SERVIÇOS DE LOCAÇÃO DE VEÍCULOS ADMINISTRATIVOS E OPERACIONAIS (ADAPTADOS) SEM USO (ZERO QUILOMETRO), SEM MOTORISTA, COM QUILOMETRAGEM LIVRE, SEGURO TOTAL E SISTEMA DE RASTREAMENTO E MONITORAMENTO INCLUSO, REF: EXERCÍCIO DE 2025.
01 HATCH (ATA 008/2024 - KAELE LTDA).
VALOR UNITÁRIO R$ 2.823,000.
CONTROLADORIA-GERAL DO MUNICÍPIO.";;0;;;0;1,H;0;39155;99;5;;2129;False
licitacoes;<b>Processo </b>2025003210/2025;Outros;ADESÃO A REGISTRO DE PREÇOS;Homologada;AGÊNCIA MUNICIPAL DE TURISMO;1400;2025-05-22;;2025003210;2025;2025-05-22;;;;;19761.00;19761.00;"PRESTAÇÃO DE SERVIÇOS DE LOCAÇÃO DE VEÍCULOS ADMINISTRATIVOS E OPERACIONAIS (ADAPTADOS) SEM USO (ZERO QUILOMETRO), SEM MOTORISTA, COM QUILOMETRAGEM LIVRE, SEGURO TOTAL E SISTEMA DE RASTREAMENTO E MONITORAMENTO INCLUSO, REF: EXERCÍCIO DE 2025.
01 HATCH (ATA 008/2024 - KAELE LTDA).
VALOR UNITÁRIO R$ 2.823,000.
AGÊNCIA MUNICIPAL DE TURISMO.";;0;;;0;1,H;0;39156;99;5;;2129;False
licitacoes;<b>Processo </b>2025003210/2025;Outros;ADESÃO A REGISTRO DE PREÇOS;Homologada;FUNDAÇÃO MUNICIPAL DE ESPORTES E LAZER DE PALMAS;1600;2025-05-22;;2025003210;2025;2025-05-22;;;;;192661.00;192661.00;"PRESTAÇÃO DE SERVIÇOS DE LOCAÇÃO DE VEÍCULOS ADMINISTRATIVOS E OPERACIONAIS (ADAPTADOS) SEM USO (ZERO QUILOMETRO), SEM MOTORISTA, COM QUILOMETRAGEM LIVRE, SEGURO TOTAL E SISTEMA DE RASTREAMENTO E MONITORAMENTO INCLUSO, REF: EXERCÍCIO DE 2025.
01 HATCH - 01 PICK-UP CABINE SIMPLES - 01 VAN 16 LUGARES (ATA 008/2024 - KAELE LTDA).
VALOR UNITÁRIO R$ 2.823,000 - 6.700,00 - 18.000,00.
FUNDAÇÃO MUNICIPAL DE ESPORTES E LAZER DE PALMAS.";;0;;;0;1,H;0;39157;99;5;;2129;False
licitacoes;<b>Processo </b>2025003210/2025;Outros;ADESÃO A REGISTRO DE PREÇOS;Homologada;SECRETARIA MUNICIPAL DE PROTEÇÃO E BEM-ESTAR ANIMAL;9901;2025-05-22;;2025003210;2025;2025-05-22;;;;;59283.00;59283.00;"PRESTAÇÃO DE SERVIÇOS DE LOCAÇÃO DE VEÍCULOS ADMINISTRATIVOS E OPERACIONAIS (ADAPTADOS) SEM USO (ZERO QUILOMETRO), SEM MOTORISTA, COM QUILOMETRAGEM LIVRE, SEGURO TOTAL E SISTEMA DE RASTREAMENTO E MONITORAMENTO INCLUSO, REF: EXERCÍCIO DE 2025.
01 HATCH (ATA 008/2024 - KAELE LTDA).
VALOR UNITÁRIO R$ 2.823,000.
SECRETARIA MUNICIPAL DE PROTEÇÃO E BEM-ESTAR ANIMAL.";;0;;;0;1,H;0;39158;99;5;;2129;False
licitacoes;<b>Processo </b>2025003210/2025;Outros;ADESÃO A REGISTRO DE PREÇOS;Homologada;SECRETARIA MUNICIPAL DE ZELADORIA URBANA;1900;2025-05-22;;2025003210;2025;2025-05-22;;;;;585305.00;585305.00;"PRESTAÇÃO DE SERVIÇOS DE LOCAÇÃO DE VEÍCULOS ADMINISTRATIVOS E OPERACIONAIS (ADAPTADOS) SEM USO (ZERO QUILOMETRO), SEM MOTORISTA, COM QUILOMETRAGEM LIVRE, SEGURO TOTAL E SISTEMA DE RASTREAMENTO E MONITORAMENTO INCLUSO, REF: EXERCÍCIO DE 2025.
05 HATCH - 05 PICK-UP CABINE SIMPLES - 02 VAN 16 LUGARES (ATA 008/2024 - KAELE LTDA).
VALOR UNITÁRIO R$ 2.823,000 - 6.700,00 - 18.000,00.
SECRETARIA MUNICIPAL DE ZELADORIA URBANA.";;0;;;0;1,H;0;39159;99;5;;2129;False
licitacoes;<b>Processo </b>2025003210/2025;Outros;ADESÃO A REGISTRO DE PREÇOS;Homologada;SECRETARIA MUNICIPAL DA MULHER;9902;2025-05-22;;2025003210;2025;2025-05-22;;;;;145761.00;145761.00;"PRESTAÇÃO DE SERVIÇOS DE LOCAÇÃO DE VEÍCULOS ADMINISTRATIVOS E OPERACIONAIS (ADAPTADOS) SEM USO (ZERO QUILOMETRO), SEM MOTORISTA, COM QUILOMETRAGEM LIVRE, SEGURO TOTAL E SISTEMA DE RASTREAMENTO E MONITORAMENTO INCLUSO, REF: EXERCÍCIO DE 2025.
05 HATCH - 05 - 02 VAN 16 LUGARES (ATA 008/2024 - KAELE LTDA).
VALOR UNITÁRIO R$ 2.823,000 - 18.000,00.
SECRETARIA MUNICIPAL DA MULHER.";;0;;;0;1,H;0;39160;99;5;;2129;False
licitacoes;<b>Processo </b>2025003210/2025;Outros;ADESÃO A REGISTRO DE PREÇOS;Homologada;SECRETARIA DO GABINETE DO PREFEITO;9909;2025-05-22;;2025003210;2025;2025-05-22;;;;;197610.00;197610.00;"PRESTAÇÃO DE SERVIÇOS DE LOCAÇÃO DE VEÍCULOS ADMINISTRATIVOS E OPERACIONAIS (ADAPTADOS) SEM USO (ZERO QUILOMETRO), SEM MOTORISTA, COM QUILOMETRAGEM LIVRE, SEGURO TOTAL E SISTEMA DE RASTREAMENTO E MONITORAMENTO INCLUSO, REF: EXERCÍCIO DE 2025.
10 HATCH - 05 (ATA 008/2024 - KAELE LTDA).
VALOR UNITÁRIO R$ 2.823,00.
SECRETARIA MUNICIPAL DA MULHER.";;0;;;0;1,H;0;39161;99;5;;2129;False
licitacoes;<b>Processo </b>2025003210/2025;Outros;ADESÃO A REGISTRO DE PREÇOS;Homologada;SECRETARIA DO GABINETE DO PREFEITO;9909;2025-05-22;;2025003210;2025;2025-05-22;;;;;291522.00;291522.00;"PRESTAÇÃO DE SERVIÇOS DE LOCAÇÃO DE VEÍCULOS ADMINISTRATIVOS E OPERACIONAIS (ADAPTADOS) SEM USO (ZERO QUILOMETRO), SEM MOTORISTA, COM QUILOMETRAGEM LIVRE, SEGURO TOTAL E SISTEMA DE RASTREAMENTO E MONITORAMENTO INCLUSO, REF: EXERCÍCIO DE 2025.
02 HATCH - 02 VAN 16 LUGARES (ATA 008/2024 - KAELE LTDA).
VALOR UNITÁRIO R$ 2.823,000 - 18.000,00.
GUARDA METROPILOTANA DE PALMAS.";;0;;;0;1,H;0;39162;99;5;;2129;False
licitacoes;<b>Processo </b>2025003210/2025;Outros;ADESÃO A REGISTRO DE PREÇOS;Homologada;PROCURADORIA GERAL DO MUNICÍPIO DE PALMAS;2300;2025-05-22;;2025003210;2025;2025-05-22;;;;;19761.00;19761.00;"PRESTAÇÃO DE SERVIÇOS DE LOCAÇÃO DE VEÍCULOS ADMINISTRATIVOS E OPERACIONAIS (ADAPTADOS) SEM USO (ZERO QUILOMETRO), SEM MOTORISTA, COM QUILOMETRAGEM LIVRE, SEGURO TOTAL E SISTEMA DE RASTREAMENTO E MONITORAMENTO INCLUSO, REF: EXERCÍCIO DE 2025.
01 HATCH - KAELE LTDA).
VALOR UNITÁRIO R$ 2.823,00.
PROCURADORIA-GERAL DO MUNICÍPIO DE PALMAS.";;0;;;0;1,H;0;39163;99;5;;2129;False
licitacoes;<b>Processo </b>2025003210/2025;Outros;ADESÃO A REGISTRO DE PREÇOS;Homologada;SECRETARIA MUNICIPAL DE PLANEJAMENTO E DESENVOLVIMENTO HUMANO;2500;2025-05-22;;2025003210;2025;2025-05-22;;;;;496454.00;496454.00;"PRESTAÇÃO DE SERVIÇOS DE LOCAÇÃO DE VEÍCULOS ADMINISTRATIVOS E OPERACIONAIS (ADAPTADOS) SEM USO (ZERO QUILOMETRO), SEM MOTORISTA, COM QUILOMETRAGEM LIVRE, SEGURO TOTAL E SISTEMA DE RASTREAMENTO E MONITORAMENTO INCLUSO, REF: EXERCÍCIO DE 2025.
14 HATCH - 02 PICK-UP CABINE SIMPLES - 01 VAN 16 LUGARES (ATA 008/2024 - KAELE LTDA).
VALOR UNITÁRIO R$ 2.823,000 - 6.700,00 - 18.000,00.
SECRETARIA MUNICIPAL DE PLANEJAMENTO, ORÇAMENTO E LICITAÇÕES.";;0;;;0;1,H;0;39164;99;5;;2129;False
licitacoes;<b>Processo </b>2025003210/2025;Outros;ADESÃO A REGISTRO DE PREÇOS;Homologada;SECRETARIA MUNICIPAL DA FAZENDA E TRANSFORMAÇÃO DIGITAL;2700;2025-05-22;;2025003210;2025;2025-05-22;;;;;19761.00;19761.00;"PRESTAÇÃO DE SERVIÇOS DE LOCAÇÃO DE VEÍCULOS ADMINISTRATIVOS E OPERACIONAIS (ADAPTADOS) SEM USO (ZERO QUILOMETRO), SEM MOTORISTA, COM QUILOMETRAGEM LIVRE, SEGURO TOTAL E SISTEMA DE RASTREAMENTO E MONITORAMENTO INCLUSO, REF: EXERCÍCIO DE 2025.
14 HATCH - 02 PICK-UP CABINE SIMPLES(ATA 008/2024 - KAELE LTDA).
VALOR UNITÁRIO R$ 2.823,00 - 6.700,00.
SECRETARIA MUNICIPAL DE FINANÇAS.";;0;;;0;1,H;0;39165;99;5;;2129;False
licitacoes;<b>Processo </b>2025003210/2025;Outros;ADESÃO A REGISTRO DE PREÇOS;Homologada;SECRETARIA MUNICIPAL DE DESENVOLVIMENTO ECONÔMICO E EMPREGO;2600;2025-05-22;;2025003210;2025;2025-05-22;;;;;125944.00;125944.00;"PRESTAÇÃO DE SERVIÇOS DE LOCAÇÃO DE VEÍCULOS ADMINISTRATIVOS E OPERACIONAIS (ADAPTADOS) SEM USO (ZERO QUILOMETRO), SEM MOTORISTA, COM QUILOMETRAGEM LIVRE, SEGURO TOTAL E SISTEMA DE RASTREAMENTO E MONITORAMENTO INCLUSO, REF: EXERCÍCIO DE 2025.
01 HATCH - 01 PICK-UP CABINE SIMPLES (ATA 008/2024 - KAELE LTDA).
VALOR UNITÁRIO R$ 2.823,00 - 6.700,00.
FUNDAÇÃO MUNICIPAL DE ESPORTES E LAZER DE PALMAS.";;0;;;0;1,H;0;39166;99;5;;2129;False
licitacoes;<b>Processo </b>2025003210/2025;Outros;ADESÃO A REGISTRO DE PREÇOS;Homologada;SECRETARIA MUNICIPAL DE DESENVOLVIMENTO RURAL;3300;2025-05-22;;2025003210;2025;2025-05-22;;;;;59283.00;59283.00;"PRESTAÇÃO DE SERVIÇOS DE LOCAÇÃO DE VEÍCULOS ADMINISTRATIVOS E OPERACIONAIS (ADAPTADOS) SEM USO (ZERO QUILOMETRO), SEM MOTORISTA, COM QUILOMETRAGEM LIVRE, SEGURO TOTAL E SISTEMA DE RASTREAMENTO E MONITORAMENTO INCLUSO, REF: EXERCÍCIO DE 2025.
01 HATCH (ATA 008/2024 - KAELE LTDA).
VALOR UNITÁRIO R$ 2.823,00.
SECRETARIA MUNICIPAL DE AGRICULTURA E SERVIÇOS DO INTERIOR.";;0;;;0;1,H;0;39169;99;5;;2129;False
licitacoes;<b>Processo </b>2025003210/2025;Outros;ADESÃO A REGISTRO DE PREÇOS;Homologada;SECRETARIA MUNICIPAL DE DESENVOLVIMENTO RURAL;3300;2025-05-22;;2025003210;2025;2025-05-22;;;;;46900.00;46900.00;"PRESTAÇÃO DE SERVIÇOS DE LOCAÇÃO DE VEÍCULOS ADMINISTRATIVOS E OPERACIONAIS (ADAPTADOS) SEM USO (ZERO QUILOMETRO), SEM MOTORISTA, COM QUILOMETRAGEM LIVRE, SEGURO TOTAL E SISTEMA DE RASTREAMENTO E MONITORAMENTO INCLUSO, REF: EXERCÍCIO DE 2025.
01 PICK-UP CABINE SIMPLES (ATA 008/2024 - KAELE LTDA).
VALOR UNITÁRIO R$ 6.700,00.
SECRETARIA MUNICIPAL DE AGRICULTURA E SERVIÇOS DO INTERIOR.";;0;;;0;1,H;0;39170;99;5;;2129;False
licitacoes;<b>Processo </b>2025003210/2025;Outros;ADESÃO A REGISTRO DE PREÇOS;Homologada;SECRETARIA MUNICIPAL DE INFRAESTRUTURA E SERVIÇOS PÚBLICOS;3500;2025-05-22;;2025003210;2025;2025-05-22;;;;;768159.00;768159.00;"PRESTAÇÃO DE SERVIÇOS DE LOCAÇÃO DE VEÍCULOS ADMINISTRATIVOS E OPERACIONAIS (ADAPTADOS) SEM USO (ZERO QUILOMETRO), SEM MOTORISTA, COM QUILOMETRAGEM LIVRE, SEGURO TOTAL E SISTEMA DE RASTREAMENTO E MONITORAMENTO INCLUSO, REF: EXERCÍCIO DE 2025.
19 HATCH - 03 PICK-UP CABINE SIMPLES - 02 VAN 16 LUGARES (ATA 008/2024 - KAELE LTDA).
VALOR UNITÁRIO R$ 2.823,000 - 6.700,00 - 18.000,00.
FUNDAÇÃO MUNICIPAL DE ESPORTES E LAZER DE PALMAS.";;0;;;0;1,H;0;39171;99;5;;2129;False
licitacoes;<b>Processo </b>2025003210/2025;Outros;ADESÃO A REGISTRO DE PREÇOS;Homologada;SECRETARIA MUNICIPAL DE DESENVOLVIMENTO SOCIAL;3700;2025-05-22;;2025003210;2025;2025-05-22;;;;;217371.00;217371.00;"PRESTAÇÃO DE SERVIÇOS DE LOCAÇÃO DE VEÍCULOS ADMINISTRATIVOS E OPERACIONAIS (ADAPTADOS) SEM USO (ZERO QUILOMETRO), SEM MOTORISTA, COM QUILOMETRAGEM LIVRE, SEGURO TOTAL E SISTEMA DE RASTREAMENTO E MONITORAMENTO INCLUSO, REF: EXERCÍCIO DE 2025.
11 HATCH (ATA 008/2024 - KAELE LTDA).
VALOR UNITÁRIO R$ 2.823,000 - 6.700,00 - 18.000,00.
SECRETARIA MUNICIPAL DE AÇÃO SOCIAL.";;0;;;0;1,H;0;39172;99;5;;2129;False
licitacoes;<b>Processo </b>2025003210/2025;Outros;ADESÃO A REGISTRO DE PREÇOS;Homologada;SECRETARIA MUNICIPAL DE DESENVOLVIMENTO SOCIAL;3700;2025-05-22;;2025003210;2025;2025-05-22;;;;;197610.00;197610.00;"PRESTAÇÃO DE SERVIÇOS DE LOCAÇÃO DE VEÍCULOS ADMINISTRATIVOS E OPERACIONAIS (ADAPTADOS) SEM USO (ZERO QUILOMETRO), SEM MOTORISTA, COM QUILOMETRAGEM LIVRE, SEGURO TOTAL E SISTEMA DE RASTREAMENTO E MONITORAMENTO INCLUSO, REF: EXERCÍCIO DE 2025.
10 HATCH (ATA 008/2024 - KAELE LTDA).
VALOR UNITÁRIO R$ 2.823,00.
SECRETARIA MUNICIPAL DE AÇÃO SOCIAL.";;0;;;0;1,H;0;39173;99;5;;2129;False
licitacoes;<b>Processo </b>2025003210/2025;Outros;ADESÃO A REGISTRO DE PREÇOS;Homologada;SECRETARIA MUNICIPAL DE PLANEJAMENTO URBANO;9905;2025-05-22;;2025003210;2025;2025-05-22;;;;;39522.00;39522.00;"PRESTAÇÃO DE SERVIÇOS DE LOCAÇÃO DE VEÍCULOS ADMINISTRATIVOS E OPERACIONAIS (ADAPTADOS) SEM USO (ZERO QUILOMETRO), SEM MOTORISTA, COM QUILOMETRAGEM LIVRE, SEGURO TOTAL E SISTEMA DE RASTREAMENTO E MONITORAMENTO INCLUSO, REF: EXERCÍCIO DE 2025.
02 HATCH (ATA 008/2024 - KAELE LTDA).
VALOR UNITÁRIO R$ 2.823,00.
SECRETARIA MUNICIPAL DE PLANEJAMENTO URBANO.";;0;;;0;1,H;0;39174;99;5;;2129;False
licitacoes;<b>Processo </b>2025003210/2025;Outros;ADESÃO A REGISTRO DE PREÇOS;Homologada;SECRETARIA MUNICIPAL DE COMUNICAÇÃO;5600;2025-05-22;;2025003210;2025;2025-05-22;;;;;79044.00;79044.00;"PRESTAÇÃO DE SERVIÇOS DE LOCAÇÃO DE VEÍCULOS ADMINISTRATIVOS E OPERACIONAIS (ADAPTADOS) SEM USO (ZERO QUILOMETRO), SEM MOTORISTA, COM QUILOMETRAGEM LIVRE, SEGURO TOTAL E SISTEMA DE RASTREAMENTO E MONITORAMENTO INCLUSO, REF: EXERCÍCIO DE 2025.
04 HATCH (ATA 008/2024 - KAELE LTDA).
VALOR UNITÁRIO R$ 2.823,00.
SECRETARIA MUNICIPAL DE COMUNICAÇÃO.";;0;;;0;1,H;0;39175;99;5;;2129;False
licitacoes;<b>Processo </b>2025003210/2025;Outros;ADESÃO A REGISTRO DE PREÇOS;Homologada;FUNDAÇÃO CULTURAL DE PALMAS;7100;2025-05-22;;2025003210;2025;2025-05-22;;;;;39522.00;39522.00;"PRESTAÇÃO DE SERVIÇOS DE LOCAÇÃO DE VEÍCULOS ADMINISTRATIVOS E OPERACIONAIS (ADAPTADOS) SEM USO (ZERO QUILOMETRO), SEM MOTORISTA, COM QUILOMETRAGEM LIVRE, SEGURO TOTAL E SISTEMA DE RASTREAMENTO E MONITORAMENTO INCLUSO, REF: EXERCÍCIO DE 2025.
02 HATCH (ATA 008/2024 - KAELE LTDA).
VALOR UNITÁRIO R$ 2.823,00.
SECRETARIA MUNICIPAL DE COMUNICAÇÃO.";;0;;;0;1,H;0;39176;99;5;;2129;False
licitacoes;<b>Processo </b>2025003210/2025;Outros;ADESÃO A REGISTRO DE PREÇOS;Homologada;FUNDAÇÃO DE MEIO AMBIENTE DE PALMAS;7800;2025-05-22;;2025003210;2025;2025-05-22;;;;;19761.00;19761.00;"PRESTAÇÃO DE SERVIÇOS DE LOCAÇÃO DE VEÍCULOS ADMINISTRATIVOS E OPERACIONAIS (ADAPTADOS) SEM USO (ZERO QUILOMETRO), SEM MOTORISTA, COM QUILOMETRAGEM LIVRE, SEGURO TOTAL E SISTEMA DE RASTREAMENTO E MONITORAMENTO INCLUSO, REF: EXERCÍCIO DE 2025.
01 HATCH (ATA 008/2024 - KAELE LTDA).
VALOR UNITÁRIO R$ 2.823,00.
FUNDAÇÃO DE MEIO AMBIENTE DE PALMAS.";;0;;;0;1,H;0;39177;99;5;;2129;False
licitacoes;<b>Processo </b>2025003210/2025;Outros;ADESÃO A REGISTRO DE PREÇOS;Homologada;SECRETARIA MUNICIPAL DE GOVERNO E RELAÇÕES INSTITUCIONAIS;7900;2025-05-22;;2025003210;2025;2025-05-22;;;;;59283.00;59283.00;"PRESTAÇÃO DE SERVIÇOS DE LOCAÇÃO DE VEÍCULOS ADMINISTRATIVOS E OPERACIONAIS (ADAPTADOS) SEM USO (ZERO QUILOMETRO), SEM MOTORISTA, COM QUILOMETRAGEM LIVRE, SEGURO TOTAL E SISTEMA DE RASTREAMENTO E MONITORAMENTO INCLUSO, REF: EXERCÍCIO DE 2025.
03 HATCH (ATA 008/2024 - KAELE LTDA).
VALOR UNITÁRIO R$ 2.823,00.
FUNDAÇÃO DE GOVERNO.";;0;;;0;1,H;0;39178;99;5;;2129;False
licitacoes;<b>Processo </b>2023003210/2025;Outros;ADESÃO A REGISTRO DE PREÇOS;Homologada;SECRETARIA MUNICIPAL DE ADMINISTRAÇÃO E MODERNIZAÇÃO;9906;2025-05-22;;2023003210;2025;2025-05-22;;;;;153083.00;153083.00;"PRESTAÇÃO DE SERVIÇOS DE LOCAÇÃO DE VEÍCULOS ADMINISTRATIVOS E OPERACIONAIS (ADAPTADOS) SEM USO (ZERO QUILOMETRO), SEM MOTORISTA, COM QUILOMETRAGEM LIVRE, SEGURO TOTAL E SISTEMA DE RASTREAMENTO E MONITORAMENTO INCLUSO, REF: EXERCÍCIO DE 2025.
01 HATCH - 01 PICK-UP CABINE SIMPLES (ATA 008/2024 - KAELE LTDA).
VALOR UNITÁRIO R$ 2.823,00 - 6.700,00.
SECRETARIA MUNICIPAL DE ADMINISTRAÇÃO E MODERNIZAÇÃO.";;0;;;0;1,H;0;39179;99;5;;2129;False
licitacoes;<b>Processo </b>2025003210/2025;Outros;ADESÃO A REGISTRO DE PREÇOS;Homologada;FUNDAÇÃO MUNICIPAL DA JUVENTUDE DE PALMAS;8900;2025-05-22;;2025003210;2025;2025-05-22;;;;;145761.00;145761.00;"PRESTAÇÃO DE SERVIÇOS DE LOCAÇÃO DE VEÍCULOS ADMINISTRATIVOS E OPERACIONAIS (ADAPTADOS) SEM USO (ZERO QUILOMETRO), SEM MOTORISTA, COM QUILOMETRAGEM LIVRE, SEGURO TOTAL E SISTEMA DE RASTREAMENTO E MONITORAMENTO INCLUSO, REF: EXERCÍCIO DE 2025.
01 HATCH - 01 VAN 16 LUGARES (ATA 008/2024 - KAELE LTDA).
VALOR UNITÁRIO R$ 2.823,00 - 18.000,00.
FUNDAÇÃO MUNICIPAL DA JUVENTUDE DE PALMAS.";;0;;;0;1,H;0;39180;99;5;;2129;False
licitacoes;<b>Processo </b>2025003210/2025;Outros;ADESÃO A REGISTRO DE PREÇOS;Homologada;AGENCIA DE REGULACAO, CONTROLE E FISCALIZACAO DE SERVICOS PUBLICOS DE PALMAS;9100;2025-05-22;;2025003210;2025;2025-05-22;;;;;39522.00;39522.00;"PRESTAÇÃO DE SERVIÇOS DE LOCAÇÃO DE VEÍCULOS ADMINISTRATIVOS E OPERACIONAIS (ADAPTADOS) SEM USO (ZERO QUILOMETRO), SEM MOTORISTA, COM QUILOMETRAGEM LIVRE, SEGURO TOTAL E SISTEMA DE RASTREAMENTO E MONITORAMENTO INCLUSO, REF: EXERCÍCIO DE 2025.
01 HATCH - (ATA 008/2024 - KAELE LTDA).
VALOR UNITÁRIO R$ 2.823,00.
FUNDAÇÃO MUNICIPAL DA JUVENTUDE DE PALMAS.";;0;;;0;1,H;0;39181;99;5;;2129;False
licitacoes;<b>Processo </b>2025003210/2025;Outros;ADESÃO A REGISTRO DE PREÇOS;Homologada;SECRETARIA MUNICIPAL DA HABITAÇÃO;9200;2025-05-22;;2025003210;2025;2025-05-22;;;;;106183.00;106183.00;"PRESTAÇÃO DE SERVIÇOS DE LOCAÇÃO DE VEÍCULOS ADMINISTRATIVOS E OPERACIONAIS (ADAPTADOS) SEM USO (ZERO QUILOMETRO), SEM MOTORISTA, COM QUILOMETRAGEM LIVRE, SEGURO TOTAL E SISTEMA DE RASTREAMENTO E MONITORAMENTO INCLUSO, REF: EXERCÍCIO DE 2025.
01 HATCH - 01 PICK-UP CABINE SIMPLES(ATA 008/2024 - KAELE LTDA).
VALOR UNITÁRIO R$ 2.823,00 - 6.700,00.
SECRETARIA MUNICIPAL DE HABITAÇÃO.";;0;;;0;1,H;0;39182;99;5;;2129;False
licitacoes;<b>Processo </b>2025003210/2025;Outros;ADESÃO A REGISTRO DE PREÇOS;Homologada;CASA CIVIL DO MUNICÍPIO DE PALMAS;9300;2025-05-22;;2025003210;2025;2025-05-22;;;;;79044.00;79044.00;"PRESTAÇÃO DE SERVIÇOS DE LOCAÇÃO DE VEÍCULOS ADMINISTRATIVOS E OPERACIONAIS (ADAPTADOS) SEM USO (ZERO QUILOMETRO), SEM MOTORISTA, COM QUILOMETRAGEM LIVRE, SEGURO TOTAL E SISTEMA DE RASTREAMENTO E MONITORAMENTO INCLUSO, REF: EXERCÍCIO DE 2025.
04 HATCH (ATA 008/2024 - KAELE LTDA).
VALOR UNITÁRIO R$ 2.823,00.
SECRETARIA MUNICIPAL DE HABITAÇÃO.";;0;;;0;1,H;0;39183;99;5;;2129;False
licitacoes;<b>Processo </b>2024003210/2025;Outros;ADESÃO A REGISTRO DE PREÇOS;Homologada;SECRETARIA MUNICIPAL DE DESENVOLVIMENTO URBANO E SERVIÇOS REGIONAIS;9400;2025-05-22;;2024003210;2025;2025-05-22;;;;;39522.00;39522.00;"PRESTAÇÃO DE SERVIÇOS DE LOCAÇÃO DE VEÍCULOS ADMINISTRATIVOS E OPERACIONAIS (ADAPTADOS) SEM USO (ZERO QUILOMETRO), SEM MOTORISTA, COM QUILOMETRAGEM LIVRE, SEGURO TOTAL E SISTEMA DE RASTREAMENTO E MONITORAMENTO INCLUSO, REF: EXERCÍCIO DE 2025.
02 HATCH (ATA 008/2024 - KAELE LTDA).
VALOR UNITÁRIO R$ 2.823,00.
SECRETARIA MUNICIPAL DE HABITAÇÃO.";;0;;;0;1,H;0;39184;99;5;;2129;False
licitacoes;<b>Processo </b>2025003210/2025;Outros;ADESÃO A REGISTRO DE PREÇOS;Homologada;AGÊNCIA DE TECNOLOGIA DA INFORMAÇÃO DO  MUNICÍPIO  DE  PALMAS;9600;2025-05-22;;2025003210;2025;2025-05-22;;;;;113561.00;113561.00;"PRESTAÇÃO DE SERVIÇOS DE LOCAÇÃO DE VEÍCULOS ADMINISTRATIVOS E OPERACIONAIS (ADAPTADOS) SEM USO (ZERO QUILOMETRO), SEM MOTORISTA, COM QUILOMETRAGEM LIVRE, SEGURO TOTAL E SISTEMA DE RASTREAMENTO E MONITORAMENTO INCLUSO, REF: EXERCÍCIO DE 2025.
01 HATCH - 01 PICK-UP CABINE SIMPLES  (ATA 008/2024 - KAELE LTDA).
VALOR UNITÁRIO R$ 2.823,00 - 6.700,00.
AGÊNCIA DE TECNOLOGIA DA INFORMAÇÃO DO MUNICÍPIO DE PALMAS.";;0;;;0;1,H;0;39185;99;5;;2129;False
licitacoes;<b>Processo </b>2025003210/2025;Outros;ADESÃO A REGISTRO DE PREÇOS;Homologada;SECRETARIA MUNICIPAL DE SEGURANCA E MOBILIDADE URBANA;1200;2025-05-22;;2025003210;2025;2025-05-22;;;;;313600.00;313600.00;"PRESTAÇÃO DE SERVIÇOS DE LOCAÇÃO DE VEÍCULOS ADMINISTRATIVOS E OPERACIONAIS (ADAPTADOS) SEM USO (ZERO QUILOMETRO), SEM MOTORISTA, COM QUILOMETRAGEM LIVRE, SEGURO TOTAL E SISTEMA DE RASTREAMENTO E MONITORAMENTO INCLUSO, REF: EXERCÍCIO DE 2025.
04 PICK-UP CABINE SIMPLES - 01 VAN 16 LUGARES (ATA 008/2024 - KAELE LTDA).
VALOR UNITÁRIO R$ 6.700,00 - 18.000,00.
SECRETARIA MUNICIPAL DE MOBILIDADE URBANA E DEFESA CIVIL.";;0;;;0;1,H;0;39186;99;5;;2129;False
licitacoes;<b>Processo </b>2025003210/2025;Outros;ADESÃO A REGISTRO DE PREÇOS;Homologada;AGÊNCIA DE TRANSPORTE COLETIVO DE PALMAS;1201;2025-05-22;;2025003210;2025;2025-05-22;;;;;192605.00;192605.00;"PRESTAÇÃO DE SERVIÇOS DE LOCAÇÃO DE VEÍCULOS ADMINISTRATIVOS E OPERACIONAIS (ADAPTADOS) SEM USO (ZERO QUILOMETRO), SEM MOTORISTA, COM QUILOMETRAGEM LIVRE, SEGURO TOTAL E SISTEMA DE RASTREAMENTO E MONITORAMENTO INCLUSO, REF: EXERCÍCIO DE 2025.
05 HATCH - 02 PICK-UP CABINE SIMPLES (ATA 008/2024 - KAELE LTDA).
VALOR UNITÁRIO R$ 2.823,00 - 6.700,00.
FUNDAÇÃO MUNICIPAL DE ESPORTES E LAZER DE PALMAS.";;0;;;0;1,H;0;39187;99;5;;2129;False
licitacoes;<b>Processo </b>2025001061/2025;Outros;ADESÃO A REGISTRO DE PREÇOS;Homologada;SECRETARIA MUNICIPAL DE ZELADORIA URBANA;1900;2025-05-21;;2025001061;2025;2025-05-21;;;;;134456.99;134456.99;PROCESSO DE AQUISIÇÃO DE FERRAMENTAS PARA ATENDER AS NECESSIDADES DA SECRETARIA DE ZELADORIA URBANA;;0;;;0;1,H;0;39106;99;5;;2129;False
licitacoes;<b>Processo </b>2025003759/2025;Outros;ADESÃO A REGISTRO DE PREÇOS;Homologada;FUNDO MUNICIPAL DE SAÚDE;3200;2025-05-21;;2025003759;2025;2025-05-21;;;;;376676.00;376676.00;ADESÃO A ATA DE REGISTRO DE PREÇO - AQUISIÇÃO  DE  MOBILIÁRIOS  ADMINISTRATIVOS  VISANDO ATENDAR  AS  NECESSIDADES  DA  REDE  MUNICIPAL  DE  SAÚDE,  CENTRO  DE  ATENÇÃO PSICOSSOCIAL II (CAPS II), UNIDADE DE SAÚDE DA FAMÍLIA BURITIRANA (MARIAZINHA), UNIDADE DA SAÚDE DA FAMÍLIA DE TAQUARUÇU GRANDE (WALTERLY WAGNER) E CENTRO DE ESPECIALIDADES ODONTOLÓGICAS (CEO).;;0;;;0;1,H;0;39109;99;5;;2129;False
licitacoes;<b>Processo </b>2025003759/2025;Outros;ADESÃO A REGISTRO DE PREÇOS;Homologada;FUNDO MUNICIPAL DE SAÚDE;3200;2025-05-21;;2025003759;2025;2025-05-21;;;;;349658.00;349658.00;ADESÃO A ATA DE REGISTRO DE PREÇO - AQUISIÇÃO  DE  MOBILIÁRIOS  ADMINISTRATIVOS  VISANDO ATENDAR  AS  NECESSIDADES  DA  REDE  MUNICIPAL  DE  SAÚDE,  CENTRO  DE  ATENÇÃO PSICOSSOCIAL II (CAPS II), UNIDADE DE SAÚDE DA FAMÍLIA BURITIRANA (MARIAZINHA), UNIDADE DA SAÚDE DA FAMÍLIA DE TAQUARUÇU GRANDE (WALTERLY WAGNER) E CENTRO DE ESPECIALIDADES ODONTOLÓGICAS (CEO).;;0;;;0;1,H;0;39110;99;5;;2129;False
licitacoes;<b>Processo </b>2025003153/2025;Outros;ADESÃO A REGISTRO DE PREÇOS;Homologada;SECRETARIA MUNICIPAL DE ZELADORIA URBANA;1900;2025-05-21;;2025003153;2025;2025-05-21;;;;;6000000.00;6000000.00;CONTRATAÇÃO DE EMPRESA ESPECIALIZADA NA PRESTAÇÃO DE SERVIÇOS CONTÍNUOS DE CESSÃO DE MÃO DE OBRA.;;0;;;0;1,H;0;39114;99;5;;2129;False
licitacoes;<b>Processo </b>2025003153/2025;Outros;ADESÃO A REGISTRO DE PREÇOS;Homologada;SECRETARIA MUNICIPAL DE ZELADORIA URBANA;1900;2025-05-21;;2025003153;2025;2025-05-21;;;;;2000000.00;2000000.00;CONTRATAÇÃO DE EMPRESA ESPECIALIZADA NA PRESTAÇÃO DE SERVIÇOS CONTÍNUOS DE CESSÃO DE MÃO DE OBRA.;;0;;;0;1,H;0;39115;99;5;;2129;False
licitacoes;<b>Processo </b>2025002394/2025;Convite para Compras e Serviços;COMPRA DIRETA;Aberta;SECRETARIA MUNICIPAL DE SEGURANCA E MOBILIDADE URBANA;1200;2025-05-21;;2025002394;2025;;;;;;0.00;0.00;AQUISIÇÃO DE UTENSÍLIOS E MATERIAIS DE COPA E COZINHA PARA ATENDER ÀS NECESSIDADES DA SECRETARIA MUNICIPAL DE MOBILIDADE URBANA E DEFESA CIVIL.;;0;;;0;1,H;0;39116;1;1;;2129;False
licitacoes;<b>Processo </b>2025003244/2025;Outros;ADESÃO A REGISTRO DE PREÇOS;Homologada;SECRETARIA MUNICIPAL DE ZELADORIA URBANA;1900;2025-05-13;;2025003244;2025;2025-05-13;;;;;20878.00;20878.00;AQUISIÇÃO DE AÇO CA-60. 4,2 MM, VERGALHÃO ATRAVÉS DE ADESÃO A ATA DE REGISTRO DE PREÇOS.;;0;;;0;1,H;0;39069;99;5;;2129;False
licitacoes;<b>Processo </b>2025003301/2025;Outros;ADESÃO A REGISTRO DE PREÇOS;Homologada;SECRETARIA MUNICIPAL DE ZELADORIA URBANA;1900;2025-05-07;;2025003301;2025;2025-05-07;;;;;4875716.35;4875716.35;AQUISIÇÃO DE EQUIPAMENTOS PARA AS ACADEMIAS AO AR LIVRE EM ATENDIMENTO DAS NECESSIDADES DA SECRETARIA MUNICIPAL DE ZELADORIA URBANA.;;0;;;0;1,H;0;39033;99;5;;2129;False
licitacoes;<b>Processo </b>2025002709/2025;Convite para Compras e Serviços;COMPRA DIRETA;Aberta;SECRETARIA DO GABINETE DO PREFEITO;9909;2025-05-06;;2025002709;2025;;;;;;0.00;0.00;CONTRATAÇÃO DE EMPRESA PARA FORNECIMENTO DE UNIFORMES PARA ATENDER AOS ALUNOS DA ESCOLA DE MÚSICA, ORQUESTRA E CORAL JOVEM DA GMP PARA O EXERCÍCIO DE 2025.;;0;;;0;0;0;39030;1;1;;2129;False
licitacoes;<b>Processo </b>2025001771/2025;Outros;ADESÃO A REGISTRO DE PREÇOS;Homologada;SECRETARIA MUNICIPAL DE INFRAESTRUTURA E SERVIÇOS PÚBLICOS;3500;2025-04-22;;2025001771;2025;2025-04-22;;;;;2999997.11;2999997.11;AQUISIÇÃO DE PISOS MODULARES ESPORTIVOS PARA A MANUTENÇÃO, READEQUAÇÃO E MODERNIZAÇÃO DAS QUADRAS POLIESPORTIVAS.;;0;;;0;1,H;0;38898;99;5;;2129;False
licitacoes;<b>Processo </b>2022019990/2025;Adesão à ata de registro de preço ou participação(carona) em Pregão de Outros Órgãos;ADESAO A REG DE PRECOS (EXT);Homologada;FUNDO MUNICIPAL DE SAÚDE;3200;2025-03-31;;2022019990;2025;2025-03-31;;;;;26729.90;26729.90;"LOCAÇÃO DE EQUIPAMENTOS E SERVIÇOS DE REPROGRAFIA
VALOR REFERENTE: JANEIRO 2025
ESPECIALIZADA";;0;;;0;1,H,C;0;38745;16;5;;2129;False
licitacoes;<b>Processo </b>2022019990/2025;Adesão à ata de registro de preço ou participação(carona) em Pregão de Outros Órgãos;ADESAO A REG DE PRECOS (EXT);Homologada;FUNDO MUNICIPAL DE SAÚDE;3200;2025-03-31;;2022019990;2025;2025-03-31;;;;;5342.55;5342.55;"LOCAÇÃO DE EQUIPAMENTOS E SERVIÇOS DE REPROGRAFIA
VALOR REFERENTE: JANEIRO 2025
CAPS";;0;;;0;1,H,C;0;38746;16;5;;2129;False
licitacoes;<b>Processo </b>2022019990/2025;Adesão à ata de registro de preço ou participação(carona) em Pregão de Outros Órgãos;ADESAO A REG DE PRECOS (EXT);Homologada;FUNDO MUNICIPAL DE SAÚDE;3200;2025-03-31;;2022019990;2025;2025-03-31;;;;;23190.80;23190.80;"LOCAÇÃO DE EQUIPAMENTOS E SERVIÇOS DE REPROGRAFIA
VALOR REFERENTE: JANEIRO 2025
GESTÃO";;0;;;0;1,H,C;0;38748;16;5;;2129;False
licitacoes;<b>Processo </b>2022019990/2025;Adesão à ata de registro de preço ou participação(carona) em Pregão de Outros Órgãos;ADESAO A REG DE PRECOS (EXT);Homologada;FUNDO MUNICIPAL DE SAÚDE;3200;2025-03-31;;2022019990;2025;2025-03-31;;;;;809.65;809.65;"LOCAÇÃO DE EQUIPAMENTOS E SERVIÇOS DE REPROGRAFIA
VALOR REFERENTE: JANEIRO 2025
SAMU";;0;;;0;1,H,C;0;38749;16;5;;2129;False
licitacoes;<b>Processo </b>2022019990/2025;Adesão à ata de registro de preço ou participação(carona) em Pregão de Outros Órgãos;ADESAO A REG DE PRECOS (EXT);Homologada;FUNDO MUNICIPAL DE SAÚDE;3200;2025-03-31;;2022019990;2025;2025-03-31;;;;;87706.05;87706.05;"LOCAÇÃO DE EQUIPAMENTOS E SERVIÇOS DE REPROGRAFIA
VALOR REFERENTE: JANEIRO 2025
AT. PRIMARIA";;0;;;0;1,H,C;0;38750;16;5;;2129;False
licitacoes;<b>Processo </b>2022019990/2025;Adesão à ata de registro de preço ou participação(carona) em Pregão de Outros Órgãos;ADESAO A REG DE PRECOS (EXT);Homologada;FUNDO MUNICIPAL DE SAÚDE;3200;2025-03-31;;2022019990;2025;2025-03-31;;;;;4469.30;4469.30;"LOCAÇÃO DE EQUIPAMENTOS E SERVIÇOS DE REPROGRAFIA
VALOR REFERENTE: JANEIRO 2025
VIGILÂNCIA";;0;;;0;1,H,C;0;38751;16;5;;2129;False
licitacoes;<b>Processo </b>2022019990/2025;Adesão à ata de registro de preço ou participação(carona) em Pregão de Outros Órgãos;ADESAO A REG DE PRECOS (EXT);Homologada;FUNDO MUNICIPAL DE SAÚDE;3200;2025-03-31;;2022019990;2025;2025-03-31;;;;;36306.80;36306.80;"LOCAÇÃO DE EQUIPAMENTOS E SERVIÇOS DE REPROGRAFIA
VALOR REFERENTE: JANEIRO 2025
UPAS";;0;;;0;1,H,C;0;38752;16;5;;2129;False
licitacoes;<b>Processo </b>2022019990/2025;Adesão à ata de registro de preço ou participação(carona) em Pregão de Outros Órgãos;ADESAO A REG DE PRECOS (EXT);Homologada;FUNDO MUNICIPAL DE SAÚDE;3200;2025-03-31;;2022019990;2025;2025-03-31;;;;;30545.05;30545.05;"LOCAÇÃO DE EQUIPAMENTOS E SERVIÇOS DE REPROGRAFIA
VALOR REFERENTE: FEVEREIRO 2025
ESPECIALIZADA";;0;;;0;1,H,C;0;38757;16;5;;2129;False
licitacoes;<b>Processo </b>2022019990/2025;Adesão à ata de registro de preço ou participação(carona) em Pregão de Outros Órgãos;ADESAO A REG DE PRECOS (EXT);Homologada;FUNDO MUNICIPAL DE SAÚDE;3200;2025-03-31;;2022019990;2025;2025-03-31;;;;;6337.95;6337.95;"LOCAÇÃO DE EQUIPAMENTOS E SERVIÇOS DE REPROGRAFIA
VALOR REFERENTE: FEVEREIRO 2025
CAPS";;0;;;0;1,H,C;0;38759;16;5;;2129;False
licitacoes;<b>Processo </b>2022019990/2025;Adesão à ata de registro de preço ou participação(carona) em Pregão de Outros Órgãos;ADESAO A REG DE PRECOS (EXT);Homologada;FUNDO MUNICIPAL DE SAÚDE;3200;2025-03-31;;2022019990;2025;2025-03-31;;;;;26506.50;26506.50;"LOCAÇÃO DE EQUIPAMENTOS E SERVIÇOS DE REPROGRAFIA
VALOR REFERENTE: FEVEREIRO 2025
GESTÃO";;0;;;0;1,H,C;0;38761;16;5;;2129;False
licitacoes;<b>Processo </b>2022019990/2025;Adesão à ata de registro de preço ou participação(carona) em Pregão de Outros Órgãos;ADESAO A REG DE PRECOS (EXT);Homologada;FUNDO MUNICIPAL DE SAÚDE;3200;2025-03-31;;2022019990;2025;2025-03-31;;;;;1335.10;1335.10;"LOCAÇÃO DE EQUIPAMENTOS E SERVIÇOS DE REPROGRAFIA
VALOR REFERENTE: FEVEREIRO 2025
SAMU";;0;;;0;1,H,C;0;38762;16;5;;2129;False
licitacoes;<b>Processo </b>2022019990/2025;Adesão à ata de registro de preço ou participação(carona) em Pregão de Outros Órgãos;ADESAO A REG DE PRECOS (EXT);Homologada;FUNDO MUNICIPAL DE SAÚDE;3200;2025-03-31;;2022019990;2025;2025-03-31;;;;;97688.10;97688.10;"LOCAÇÃO DE EQUIPAMENTOS E SERVIÇOS DE REPROGRAFIA
VALOR REFERENTE: FEVEREIRO 2025
AT. PRIMARIA";;0;;;0;1,H,C;0;38763;16;5;;2129;False
licitacoes;<b>Processo </b>2022019990/2025;Adesão à ata de registro de preço ou participação(carona) em Pregão de Outros Órgãos;ADESAO A REG DE PRECOS (EXT);Homologada;FUNDO MUNICIPAL DE SAÚDE;3200;2025-03-31;;2022019990;2025;2025-03-31;;;;;5537.90;5537.90;"LOCAÇÃO DE EQUIPAMENTOS E SERVIÇOS DE REPROGRAFIA
VALOR REFERENTE: FEVEREIRO 2025
VIGILÂNCIA";;0;;;0;1,H,C;0;38764;16;5;;2129;False
licitacoes;<b>Processo </b>2022019990/2025;Adesão à ata de registro de preço ou participação(carona) em Pregão de Outros Órgãos;ADESAO A REG DE PRECOS (EXT);Homologada;FUNDO MUNICIPAL DE SAÚDE;3200;2025-03-31;;2022019990;2025;2025-03-31;;;;;39638.00;39638.00;"LOCAÇÃO DE EQUIPAMENTOS E SERVIÇOS DE REPROGRAFIA
VALOR REFERENTE: FEVEREIRO 2025
UPAS";;0;;;0;1,H,C;0;38765;16;5;;2129;False
licitacoes;<b>Processo </b>2025002335/2025;Outros;ADESÃO A REGISTRO DE PREÇOS;Homologada;SECRETARIA MUNICIPAL DA FAZENDA E TRANSFORMAÇÃO DIGITAL;2700;2025-03-26;;2025002335;2025;2025-03-26;;;;;1237496.22;1237496.22;AQUISIÇÃO DE MOBILIÁRIO.;;0;;;0;1,H;0;38722;99;5;;2129;False
licitacoes;<b>Processo </b>2025002335/2025;Outros;ADESÃO A REGISTRO DE PREÇOS;Homologada;SECRETARIA MUNICIPAL DA FAZENDA E TRANSFORMAÇÃO DIGITAL;2700;2025-03-26;;2025002335;2025;2025-03-26;;;;;137499.58;137499.58;AQUISIÇÃO DE MOBILIÁRIO.;;0;;;0;1,H;0;38723;99;5;;2129;False
licitacoes;<b>Processo </b>2020035459/2025;Adesão à ata de registro de preço ou participação(carona) em Pregão de Outros Órgãos;ADESAO A REG DE PRECOS (EXT);Homologada;FUNDO MUNICIPAL DE SAÚDE;3200;2025-03-24;;2020035459;2025;2025-03-24;;;;;25000.00;25000.00;"PRESTAÇÃO DE SERVIÇOS DE TELEFONIA MÓVEL 
REF: 2024 SEMUS";;0;;;0;1,H,C;0;38683;16;5;;2129;False
licitacoes;<b>Processo </b>2022035807/2025;Adesão à ata de registro de preço ou participação(carona) em Pregão de Outros Órgãos;ADESAO A REG DE PRECOS (EXT);Homologada;FUNDO MUNICIPAL DE SAÚDE;3200;2025-03-20;;2022035807;2025;2025-03-20;;;;;208000.00;208000.00;EMPENHO REFERENTE PRORROGAÇÃO CONTRATO Nº 187/2022 . REFERENTE PERÍODO: MAIO A DEZEMBRO DE 2025;;0;;;0;1,H,C;0;38664;16;5;;2129;False
licitacoes;<b>Processo </b>2025001451/2025;Outros;ADESÃO A REGISTRO DE PREÇOS;Homologada;SECRETARIA MUNICIPAL DE DESENVOLVIMENTO URBANO E SERVIÇOS REGIONAIS;9400;2025-03-14;;2025001451;2025;2025-03-14;;;;;2099.30;2099.30;AQUISIÇÃO DE MATERIA DE EXPEDIENTE;;0;;;0;0;0;38631;99;5;;2129;False
licitacoes;<b>Processo </b>2022035801/2025;Adesão à ata de registro de preço ou participação(carona) em Pregão de Outros Órgãos;ADESAO A REG DE PRECOS (EXT);Homologada;FUNDO MUNICIPAL DE SAÚDE;3200;2025-03-13;;2022035801;2025;2025-03-13;;;;;128277.60;128277.60;"EMPENHO REFERENTE PRORROGAÇÃO CONTRATO Nº 158/2022 REFERENTE PERÍODO: MARÇO A DEZEMBRO DE 2025.
VIGILÂNCIA";;0;;;0;1,H,C;0;38627;16;5;;2129;False
licitacoes;<b>Processo </b>2022035801/2025;Adesão à ata de registro de preço ou participação(carona) em Pregão de Outros Órgãos;ADESAO A REG DE PRECOS (EXT);Homologada;FUNDO MUNICIPAL DE SAÚDE;3200;2025-03-13;;2022035801;2025;2025-03-13;;;;;1072782.90;1072782.90;"EMPENHO REFERENTE PRORROGAÇÃO CONTRATO Nº 158/2022 REFERENTE PERÍODO: MARÇO A DEZEMBRO DE 2025.
AT. PRIMÁRIA";;0;;;0;1,H,C;0;38628;16;5;;2129;False
licitacoes;<b>Processo </b>2022035801/2025;Adesão à ata de registro de preço ou participação(carona) em Pregão de Outros Órgãos;ADESAO A REG DE PRECOS (EXT);Homologada;FUNDO MUNICIPAL DE SAÚDE;3200;2025-03-12;;2022035801;2025;2025-03-12;;;;;258033.60;258033.60;"EMPENHO REFERENTE PRORROGAÇÃO CONTRATO Nº 158/2022 .REFERENTE PERÍODO: MARÇO A DEZEMBRO DE 2025
ESPECIALIZADA";;0;;;0;1,H,C;0;38581;16;5;;2129;False
licitacoes;<b>Processo </b>2022035801/2025;Adesão à ata de registro de preço ou participação(carona) em Pregão de Outros Órgãos;ADESAO A REG DE PRECOS (EXT);Homologada;FUNDO MUNICIPAL DE SAÚDE;3200;2025-03-12;;2022035801;2025;2025-03-12;;;;;32069.40;32069.40;"EMPENHO REFERENTE PRORROGAÇÃO CONTRATO Nº 158/2022 .REFERENTE PERÍODO: MARÇO A DEZEMBRO DE 2025
FESP";;0;;;0;1,H,C;0;38583;16;5;;2129;False
licitacoes;<b>Processo </b>2022035801/2025;Adesão à ata de registro de preço ou participação(carona) em Pregão de Outros Órgãos;ADESAO A REG DE PRECOS (EXT);Homologada;FUNDO MUNICIPAL DE SAÚDE;3200;2025-03-12;;2022035801;2025;2025-03-12;;;;;38885.00;38885.00;"EMPENHO REFERENTE PRORROGAÇÃO CONTRATO Nº 158/2022 .REFERENTE PERÍODO: MARÇO A DEZEMBRO DE 2025
GESTÃO";;0;;;0;1,H,C;0;38584;16;5;;2129;False
licitacoes;<b>Processo </b>2022035801/2025;Adesão à ata de registro de preço ou participação(carona) em Pregão de Outros Órgãos;ADESAO A REG DE PRECOS (EXT);Homologada;FUNDO MUNICIPAL DE SAÚDE;3200;2025-03-12;;2022035801;2025;2025-03-12;;;;;32069.40;32069.40;"EMPENHO REFERENTE PRORROGAÇÃO CONTRATO Nº 158/2022 .REFERENTE PERÍODO: MARÇO A DEZEMBRO DE 2025
SAMU";;0;;;0;1,H,C;0;38585;16;5;;2129;False
licitacoes;<b>Processo </b>2022035801/2025;Adesão à ata de registro de preço ou participação(carona) em Pregão de Outros Órgãos;ADESAO A REG DE PRECOS (EXT);Homologada;FUNDO MUNICIPAL DE SAÚDE;3200;2025-03-12;;2022035801;2025;2025-03-12;;;;;44242.00;44242.00;"EMPENHO REFERENTE PRORROGAÇÃO CONTRATO Nº 158/2022 .REFERENTE PERÍODO: MARÇO A DEZEMBRO DE 2025
CAPS";;0;;;0;1,H,C;0;38586;16;5;;2129;False
licitacoes;<b>Processo </b>2022035801/2025;Adesão à ata de registro de preço ou participação(carona) em Pregão de Outros Órgãos;ADESAO A REG DE PRECOS (EXT);Homologada;FUNDO MUNICIPAL DE SAÚDE;3200;2025-03-12;;2022035801;2025;2025-03-12;;;;;77770.00;77770.00;"EMPENHO REFERENTE PRORROGAÇÃO CONTRATO Nº 158/2022 .REFERENTE PERÍODO: MARÇO A DEZEMBRO DE 2025
UPAS";;0;;;0;1,H,C;0;38588;16;5;;2129;False
licitacoes;<b>Processo </b>2024026850/2025;Outros;ADESÃO A REGISTRO DE PREÇOS;Homologada;SECRETARIA MUNICIPAL DE GOVERNO E RELAÇÕES INSTITUCIONAIS;7900;2025-03-11;;2024026850;2025;2025-03-11;;;;;127550.00;127550.00;FORNECIMENTO DE REFEIÇÕES TIPO LANCHE, ALMOÇO/JANTAR TIPO BUFFET, MARMITEX E SERVIÇOS DE COFFEE-BREAK, INCLUSO MATERIAIS E ORGANIZAÇÃO DO AMBIENTE.;;0;;;0;0;0;38572;99;5;;2129;False
licitacoes;<b>Processo </b>2025001451/2025;Outros;ADESÃO A REGISTRO DE PREÇOS;Homologada;SECRETARIA MUNICIPAL DE DESENVOLVIMENTO URBANO E SERVIÇOS REGIONAIS;9400;2025-03-05;;2025001451;2025;2025-03-14;;;;;18484.37;16373.39;PARTICIPAÇÃO EM ATA DE REGISTRO DE PREÇO N.º 019/2024 PARA AQUISIÇÃO DE MATERIAL DE EXPEDIENTE / ESCRITÓRIO PARA ATENDER DEMANDAS DAS SEDURF;;0;;;0;0;0;38535;99;5;;2129;False
licitacoes;<b>Processo </b>2022035807/2025;Adesão à ata de registro de preço ou participação(carona) em Pregão de Outros Órgãos;ADESAO A REG DE PRECOS (EXT);Homologada;FUNDO MUNICIPAL DE SAÚDE;3200;2025-03-05;;2022035807;2025;2025-03-05;;;;;52000.00;52000.00;"PRESTAÇÃO DE SERVIÇOS DE INTERNET 
REF: MARÇO E ABRIL DE 2025";;0;;;0;1,H,C;0;38543;16;5;;2129;False
licitacoes;<b>Processo </b>2022035801/2025;Adesão à ata de registro de preço ou participação(carona) em Pregão de Outros Órgãos;ADESAO A REG DE PRECOS (EXT);Homologada;FUNDO MUNICIPAL DE SAÚDE;3200;2025-02-28;;2022035801;2025;2025-02-28;;;;;3206.94;3206.94;"PRESTAÇÃO DE SERVIÇOS DE INTRANET 
REFERENTE: FEVEREIRO DE 2025
FESP";;0;;;0;1,H,C;0;38528;16;5;;2129;False
licitacoes;<b>Processo </b>2022035801/2025;Adesão à ata de registro de preço ou participação(carona) em Pregão de Outros Órgãos;ADESAO A REG DE PRECOS (EXT);Homologada;FUNDO MUNICIPAL DE SAÚDE;3200;2025-02-28;;2022035801;2025;2025-02-28;;;;;3206.94;3206.94;"PRESTAÇÃO DE SERVIÇOS DE INTRANET 
REF: FEVEREIRO DE 2025
SAMU";;0;;;0;1,H,C;0;38529;16;5;;2129;False
licitacoes;<b>Processo </b>2022035801/2025;Adesão à ata de registro de preço ou participação(carona) em Pregão de Outros Órgãos;ADESAO A REG DE PRECOS (EXT);Homologada;FUNDO MUNICIPAL DE SAÚDE;3200;2025-02-28;;2022035801;2025;2025-02-28;;;;;12827.76;12827.76;"PRESTAÇÃO DE SERVIÇOS DE INTRANET 
REF: FEVEREIRO DE 2025
VIGILÂNCIA";;0;;;0;1,H,C;0;38530;16;5;;2129;False
licitacoes;<b>Processo </b>2022035801/2025;Adesão à ata de registro de preço ou participação(carona) em Pregão de Outros Órgãos;ADESAO A REG DE PRECOS (EXT);Homologada;FUNDO MUNICIPAL DE SAÚDE;3200;2025-02-28;;2022035801;2025;2025-02-28;;;;;4424.20;4424.20;"PRESTAÇÃO DE SERVIÇOS DE INTRANET 
REF: FEVEREIRO DE 2025
SAMU";;0;;;0;1,H,C;0;38531;16;5;;2129;False
licitacoes;<b>Processo </b>2022035801/2025;Adesão à ata de registro de preço ou participação(carona) em Pregão de Outros Órgãos;ADESAO A REG DE PRECOS (EXT);Homologada;FUNDO MUNICIPAL DE SAÚDE;3200;2025-02-28;;2022035801;2025;2025-02-28;;;;;107278.29;107278.29;"PRESTAÇÃO DE SERVIÇOS DE INTRANET 
REF: FEVEREIRO DE 2025
AT. PRIMÁRIA";;0;;;0;1,H,C;0;38532;16;5;;2129;False
licitacoes;<b>Processo </b>2022035801/2025;Adesão à ata de registro de preço ou participação(carona) em Pregão de Outros Órgãos;ADESAO A REG DE PRECOS (EXT);Homologada;FUNDO MUNICIPAL DE SAÚDE;3200;2025-02-28;;2022035801;2025;2025-02-28;;;;;7777.00;7777.00;"PRESTAÇÃO DE SERVIÇOS DE INTRANET 
REF: FEVEREIRO DE 2025
UPAS";;0;;;0;1,H,C;0;38533;16;5;;2129;False
licitacoes;<b>Processo </b>2022035801/2025;Adesão à ata de registro de preço ou participação(carona) em Pregão de Outros Órgãos;ADESAO A REG DE PRECOS (EXT);Homologada;FUNDO MUNICIPAL DE SAÚDE;3200;2025-02-27;;2022035801;2025;2025-02-27;;;;;3206.94;3206.94;"PRESTAÇÃO DE SERVIÇOS DE INTRANET 
REFERENTE: JANEIRO DE 2025 
SAMU";;0;;;0;1,H,C;0;38514;16;5;;2129;False
licitacoes;<b>Processo </b>2022035801/2025;Adesão à ata de registro de preço ou participação(carona) em Pregão de Outros Órgãos;ADESAO A REG DE PRECOS (EXT);Homologada;FUNDO MUNICIPAL DE SAÚDE;3200;2025-02-27;;2022035801;2025;2025-02-27;;;;;12827.76;12827.76;"PRESTAÇÃO DE SERVIÇOS DE INTRANET 
REFERENTE: JANEIRO DE 2025 
VIGILÂNCIA";;0;;;0;1,H,C;0;38516;16;5;;2129;False
licitacoes;<b>Processo </b>2022035801/2025;Adesão à ata de registro de preço ou participação(carona) em Pregão de Outros Órgãos;ADESAO A REG DE PRECOS (EXT);Homologada;FUNDO MUNICIPAL DE SAÚDE;3200;2025-02-27;;2022035801;2025;2025-02-27;;;;;4424.20;4424.20;"PRESTAÇÃO DE SERVIÇOS DE INTRANET 
REFERENTE: JANEIRO DE 2025 
CAPS";;0;;;0;1,H,C;0;38517;16;5;;2129;False
licitacoes;<b>Processo </b>2022035801/2025;Adesão à ata de registro de preço ou participação(carona) em Pregão de Outros Órgãos;ADESAO A REG DE PRECOS (EXT);Homologada;FUNDO MUNICIPAL DE SAÚDE;3200;2025-02-27;;2022035801;2025;2025-02-27;;;;;107278.29;107278.29;"PRESTAÇÃO DE SERVIÇOS DE INTRANET 
REFERENTE: JANEIRO DE 2025 
AT. PRIMÁRIA";;0;;;0;1,H,C;0;38519;16;5;;2129;False
licitacoes;<b>Processo </b>2022035801/2025;Adesão à ata de registro de preço ou participação(carona) em Pregão de Outros Órgãos;ADESAO A REG DE PRECOS (EXT);Homologada;FUNDO MUNICIPAL DE SAÚDE;3200;2025-02-27;;2022035801;2025;2025-02-27;;;;;7777.00;7777.00;"PRESTAÇÃO DE SERVIÇOS DE INTRANET 
REFERENTE: JANEIRO DE 2025 
UPAS";;0;;;0;1,H,C;0;38520;16;5;;2129;False
licitacoes;<b>Processo </b>2022035801/2025;Adesão à ata de registro de preço ou participação(carona) em Pregão de Outros Órgãos;ADESAO A REG DE PRECOS (EXT);Homologada;FUNDO MUNICIPAL DE SAÚDE;3200;2025-02-27;;2022035801;2025;2025-02-27;;;;;25803.36;25803.36;"PRESTAÇÃO DE SERVIÇOS DE INTRANET 
REFERENTE: FEVEREIRO DE 2025 
ESPECIALIZADA";;0;;;0;1,H,C;0;38523;16;5;;2129;False
licitacoes;<b>Processo </b>2022035801/2025;Adesão à ata de registro de preço ou participação(carona) em Pregão de Outros Órgãos;ADESAO A REG DE PRECOS (EXT);Homologada;FUNDO MUNICIPAL DE SAÚDE;3200;2025-02-27;;2022035801;2025;2025-02-27;;;;;3888.50;3888.50;"PRESTAÇÃO DE SERVIÇOS DE INTRANET 
REFERENTE: FEVEREIRO DE 2025 
GESTÃO";;0;;;0;1,H,C;0;38526;16;5;;2129;False
licitacoes;<b>Processo </b>2022035807/2025;Adesão à ata de registro de preço ou participação(carona) em Pregão de Outros Órgãos;ADESAO A REG DE PRECOS (EXT);Homologada;FUNDO MUNICIPAL DE SAÚDE;3200;2025-02-26;;2022035807;2025;2025-02-26;;;;;26000.00;26000.00;"PRESTAÇÃO DE SERVIÇOS DE INTERNET 
REF: JANEIRO DE 2025";;0;;;0;1,H,C;0;38498;16;5;;2129;False
licitacoes;<b>Processo </b>2022035807/2025;Adesão à ata de registro de preço ou participação(carona) em Pregão de Outros Órgãos;ADESAO A REG DE PRECOS (EXT);Homologada;FUNDO MUNICIPAL DE SAÚDE;3200;2025-02-26;;2022035807;2025;2025-02-26;;;;;26000.00;26000.00;"PRESTAÇÃO DE SERVIÇOS DE INTERNET 
REF: FEVEREIRO DE 2025";;0;;;0;1,H,C;0;38500;16;5;;2129;False
licitacoes;<b>Processo </b>2022035801/2025;Adesão à ata de registro de preço ou participação(carona) em Pregão de Outros Órgãos;ADESAO A REG DE PRECOS (EXT);Homologada;FUNDO MUNICIPAL DE SAÚDE;3200;2025-02-26;;2022035801;2025;2025-02-26;;;;;25803.36;25803.36;"PRESTAÇÃO DE SERVIÇOS DE INTRANET 
ESPECIALIZADA 
REF: JANEIRO DE 2025";;0;;;0;1,H,C;0;38503;16;5;;2129;False
licitacoes;<b>Processo </b>2022035801/2025;Adesão à ata de registro de preço ou participação(carona) em Pregão de Outros Órgãos;ADESAO A REG DE PRECOS (EXT);Homologada;FUNDO MUNICIPAL DE SAÚDE;3200;2025-02-26;;2022035801;2025;2025-02-26;;;;;3888.50;3888.50;"PRESTAÇÃO DE SERVIÇOS DE INTRANET 
REF: JANEIRO DE 2025
GESTÃO";;0;;;0;1,H,C;0;38505;16;5;;2129;False
licitacoes;<b>Processo </b>2022035801/2025;Adesão à ata de registro de preço ou participação(carona) em Pregão de Outros Órgãos;ADESAO A REG DE PRECOS (EXT);Homologada;FUNDO MUNICIPAL DE SAÚDE;3200;2025-02-26;;2022035801;2025;2025-02-26;;;;;3206.94;3206.94;"PRESTAÇÃO DE SERVIÇOS DE INTRANET 
REF: JANEIRO DE 2025
FESP";;0;;;0;1,H,C;0;38506;16;5;;2129;False
licitacoes;<b>Processo </b>2024028599/2025;Outros;ADESÃO A REGISTRO DE PREÇOS;Homologada;AGÊNCIA DE TRANSPORTE COLETIVO DE PALMAS;1201;2025-01-31;;2024028599;2025;2025-01-31;;;;;206028.68;206028.68;AQUISIÇÃO DE COMBUSTÍVEL;;0;;;0;0;0;38295;99;5;;2129;False
licitacoes;<b>Processo </b>2022035807/2025;Adesão à ata de registro de preço ou participação(carona) em Pregão de Outros Órgãos;ADESAO A REG DE PRECOS (EXT);Homologada;FUNDO MUNICIPAL DE SAÚDE;3200;2025-01-28;;2022035807;2025;2025-01-28;;;;;52000.00;52000.00;"PRESTAÇÃO DE SERVIÇOS DE INTERNET 
REF: NOVEMBRO E DEZEMBRO DE 2024 SEMUS";;0;;;0;1,H,C;0;38292;16;5;;2129;False
licitacoes;<b>Processo </b>2022035801/2025;Adesão à ata de registro de preço ou participação(carona) em Pregão de Outros Órgãos;ADESAO A REG DE PRECOS (EXT);Homologada;FUNDO MUNICIPAL DE SAÚDE;3200;2025-01-27;;2022035801;2025;2025-01-27;;;;;25655.52;25655.52;"PRESTAÇÃO DE SERVIÇOS DE INTRANET 
REFERENCIA: NOVEMRO E DEZEMBRO DE 2024
VIGILÂNCIA";;0;;;0;1,H,C;0;38283;16;5;;2129;False
licitacoes;<b>Processo </b>2023048655/2025;Adesão à ata de registro de preço ou participação(carona) em Pregão de Outros Órgãos;ADESAO A REG DE PRECOS (EXT);Homologada;FUNDO MUNICIPAL DE SAÚDE;3200;2025-01-27;;2023048655;2025;2025-01-27;;;;;25780.16;25780.16;"PRESTAÇÃO DE SERVIÇOS DE GERENCIAMENTO, CONTROLE DE FROTA E FORNECIMENTO DE COMBUSTÍVEIS.
REF: OUTUBRO/2024 GESTÃO";;0;;;0;1,H,C;0;38288;16;5;;2129;False
licitacoes;<b>Processo </b>2022035801/2025;Adesão à ata de registro de preço ou participação(carona) em Pregão de Outros Órgãos;ADESAO A REG DE PRECOS (EXT);Homologada;FUNDO MUNICIPAL DE SAÚDE;3200;2025-01-24;;2022035801;2025;2025-01-24;;;;;51606.72;51606.72;"PRESTAÇÃO DE SERVIÇOS DE INTRANET 
REF: NOVEMBRO E DEZEMBRO DE 2024
ESPECIALIZADA";;0;;;0;1,H,C;0;38276;16;5;;2129;False
licitacoes;<b>Processo </b>2022035801/2025;Adesão à ata de registro de preço ou participação(carona) em Pregão de Outros Órgãos;ADESAO A REG DE PRECOS (EXT);Homologada;FUNDO MUNICIPAL DE SAÚDE;3200;2025-01-24;;2022035801;2025;2025-01-24;;;;;7777.00;7777.00;"PRESTAÇÃO DE SERVIÇOS DE INTRANET 
REF: NOVEMBRO E DEZEMBRO DE 2024
GESTÃO";;0;;;0;1,H,C;0;38277;16;5;;2129;False
licitacoes;<b>Processo </b>2022035801/2025;Adesão à ata de registro de preço ou participação(carona) em Pregão de Outros Órgãos;ADESAO A REG DE PRECOS (EXT);Homologada;FUNDO MUNICIPAL DE SAÚDE;3200;2025-01-24;;2022035801;2025;2025-01-24;;;;;6413.88;6413.88;"PRESTAÇÃO DE SERVIÇOS DE INTRANET 
REF: NOVEMBRO E DEZEMBRO DE 2024
FESP";;0;;;0;1,H,C;0;38278;16;5;;2129;False
licitacoes;<b>Processo </b>2022035801/2025;Adesão à ata de registro de preço ou participação(carona) em Pregão de Outros Órgãos;ADESAO A REG DE PRECOS (EXT);Homologada;FUNDO MUNICIPAL DE SAÚDE;3200;2025-01-24;;2022035801;2025;2025-01-24;;;;;6413.88;6413.88;"PRESTAÇÃO DE SERVIÇOS DE INTRANET 
REF: NOVEMBRO E DEZEMBRO DE 2024
SAMU";;0;;;0;1,H,C;0;38279;16;5;;2129;False
licitacoes;<b>Processo </b>2022035801/2025;Adesão à ata de registro de preço ou participação(carona) em Pregão de Outros Órgãos;ADESAO A REG DE PRECOS (EXT);Homologada;FUNDO MUNICIPAL DE SAÚDE;3200;2025-01-24;;2022035801;2025;2025-01-24;;;;;8848.40;8848.40;"PRESTAÇÃO DE SERVIÇOS DE INTRANET 
REF: NOVEMBRO E DEZEMBRO DE 2024
CAPS";;0;;;0;1,H,C;0;38280;16;5;;2129;False
licitacoes;<b>Processo </b>2022035801/2025;Adesão à ata de registro de preço ou participação(carona) em Pregão de Outros Órgãos;ADESAO A REG DE PRECOS (EXT);Homologada;FUNDO MUNICIPAL DE SAÚDE;3200;2025-01-24;;2022035801;2025;2025-01-24;;;;;214556.58;214556.58;"PRESTAÇÃO DE SERVIÇOS DE INTRANET 
REF: NOVEMBRO E DEZEMBRO DE 2024
AT. PRIMARIA";;0;;;0;1,H,C;0;38281;16;5;;2129;False
licitacoes;<b>Processo </b>2022035801/2025;Adesão à ata de registro de preço ou participação(carona) em Pregão de Outros Órgãos;ADESAO A REG DE PRECOS (EXT);Homologada;FUNDO MUNICIPAL DE SAÚDE;3200;2025-01-24;;2022035801;2025;2025-01-24;;;;;15554.00;15554.00;"PRESTAÇÃO DE SERVIÇOS DE INTRANET 
REF: NOVEMBRO E DEZEMBRO DE 2024
UPAS";;0;;;0;1,H,C;0;38282;16;5;;2129;False
licitacoes;90032/2024;Adesão à ata de registro de preço ou participação(carona) em Pregão de Outros Órgãos;ADESÃO A REGISTRO DE PREÇOS;Homologada;AGÊNCIA MUNICIPAL DE TURISMO;1400;2024-09-03;90032;2024027439;2024;2024-09-03;;;;;437100.00;437100.00;CONTRATAÇÃO DE EMPRESA ESPECIALIZADA EM SERVIÇOS DE SEGURANÇA PATRIMONIAL.;;0;;;0;1,C;0;37425;16;5;;2129;False
licitacoes;054/2024;Pregão Eletrônico;PREGÃO ELETRÔNICO RP;Aberta;SECRETARIA MUNICIPAL DE PLANEJAMENTO E DESENVOLVIMENTO HUMANO;2500;2024-12-12;54;2024028007;2024;;2024-12-30 00:00:00;;;;0.00;0.00;CONTRATAÇÃO DE EMPRESA ESPECIALIZADA PARA A PRESTAÇÃO DE SERVIÇOS DE FORNECIMENTO DE PASSAGENS AÉREAS EM LINHAS REGULARES NACIONAIS E INTERNACIONAIS, VISANDO ATENDER ÀS NECESSIDADES DE DESLOCAMENTO DOS GESTORES E SERVIDORES DO PODER EXECUTIVO DE PALMAS, INCLUINDO, OBRIGATORIAMENTE, OS SEGUINTES SERVIÇOS: COTAÇÃO DE TARIFAS, RESERVA DE PASSAGENS, ESCOLHA DE ASSENTOS, EMISSÃO DE BILHETES, ALTERAÇÃO E REMARCAÇÃO DE VOOS, DESPACHO DE BAGAGENS, BEM COMO CANCELAMENTO E REEMBOLSO DE PASSAGENS AÉREAS, NAS CONDIÇÕES, QUANTITATIVOS E ESPECIFICAÇÕES ESTABELECIDAS NO EDITAL E SEUS ANEXOS;;0;;;0;2,E;0;38141;13;1;;2129;False
licitacoes;053/2024;Pregão Eletrônico;PREGÃO ELETRÔNICO RP;Homologada;SECRETARIA MUNICIPAL DE PLANEJAMENTO E DESENVOLVIMENTO HUMANO;2500;2025-02-24;53;2024025224;2024;2025-06-03;2024-12-20 00:00:00;;;;404275.25;404275.25;REGISTRO DE PREÇOS TEM POR OBJETO A ESCOLHA DA PROPOSTA MAIS VANTAJOSA PARA A CONTRATAÇÃO DE EMPRESA ESPECIALIZADA PARA PRESTAÇÃO DE SERVIÇOS DE MANUTENÇÃO PREVENTIVA E CORRETIVA DE APARELHOS DE AR CONDICIONADO, INCLUINDO FORNECIMENTO E SUBSTITUIÇÃO DE PEÇAS E ACESSÓRIOS, VISANDO ATENDER ÀS NECESSIDADES DA SECRETARIA MUNICIPAL DE PLANEJAMENTO E DESENVOLVIMENTO HUMANO.;;0;;;0;2,A,1,B;0;38120;13;5;;2129;False
licitacoes;051/2024;Pregão Eletrônico;PREGÃO ELETRÔNICO RP;Aberta;SECRETARIA MUNICIPAL DA EDUCAÇÃO;2900;2024-12-02;51;;2024;;2024-12-16 00:00:00;;;;0.00;0.00;1.1.	O OBJETO DA PRESENTE LICITAÇÃO É O REGISTRO DE PREÇOS PARA A ESCOLHA DA PROPOSTA MAIS VANTAJOSA PARA O FORNECIMENTO DE MESAS PARA REFEITÓRIO, VISANDO EQUIPAR UNIDADES EDUCACIONAIS EM FUNCIONAMENTO, AMPLIAÇÕES E INAUGURAÇÕES DA REDE MUNICIPAL DE PALMAS, ATRAVÉS DA SECRETARIA MUNICIPAL DA EDUCAÇÃO.;;0;;;0;0;0;38062;13;1;;2129;False
licitacoes;050/2024;Pregão Eletrônico;PREGAO ELETRONICO;Homologada;SECRETARIA MUNICIPAL DE DESENVOLVIMENTO SOCIAL;3700;2025-02-20;50;2024028341;2024;2025-03-25;;;;;610185.02;610185.02;MOBILIARIO DA CASA DA MULHER BRASILEIRA237.5.3;;0;;;0;2,A;0;38694;13;5;;2129;False
licitacoes;050/2024;Pregão Eletrônico;PREGAO ELETRONICO;Homologada;SECRETARIA MUNICIPAL DE DESENVOLVIMENTO SOCIAL;3700;2025-02-20;50;2024028341;2024;2025-03-25;;;;;50676.00;50676.00;REQUISIÇÃO REFERENTE A AQUISIÇÃO DE MOBILIÁRIOS E ELETRODOMÉSTICOS PARA ATENDER AS DEMANDA DA SECRETARIA MUNICIPAL DE AÇÃO SOCIAL;;0;;;0;2,A;0;38696;13;5;;2129;False
licitacoes;048/2024;Pregão Eletrônico;PREGÃO ELETRÔNICO RP;Homologada;FUNDO MUNICIPAL DE SAÚDE;3200;2024-11-26;48;2024025979;2024;2025-02-06;2024-12-10 00:00:00;;;;12051.17;12051.17;AQUISIÇÃO DE MEDICAMENTOS, COM VISTAS AO CUMPRIMENTO DE DECISÕES JUDICIAIS, DE INTERESSE DA SECRETARIA MUNICIPAL DE SAÚDE, CONFORME CONDIÇÕES, QUANTIDADES E EXIGÊNCIAS ESTABELECIDAS NO EDITAL E SEUS ANEXOS;;0;;;0;0;0;38024;13;5;;2129;False
licitacoes;047/2024;Pregão Eletrônico;PREGAO ELETRONICO;Aberta;SECRETARIA MUNICIPAL DE INFRAESTRUTURA E SERVIÇOS PÚBLICOS;3500;2024-11-21;47;2024028028;2024;;2024-12-09 00:00:00;;;;0.00;0.00;CONTRATAÇÃO DE EMPRESA DE ENGENHARIA ESPECIALIZADA PARA A EXECUÇÃO DA 7º CÉLULA DE DISPOSIÇÃO DE REJEITOS DO ATERRO SANITÁRIO DE PALMAS/TO;;0;;;0;0;0;38007;13;1;;2129;False
licitacoes;046/2024;Pregão Eletrônico;PREGAO ELETRONICO;Aberta;SECRETARIA MUNICIPAL DE DESENVOLVIMENTO SOCIAL;3700;2024-11-19;46;;2024;;2024-12-05 00:00:00;;;;0.00;0.00;FUTURA AQUISIÇÃO DE APARELHOS CONDICIONADORES DE AR, BEM COMO SERVIÇOS TÉCNICOS DE INSTALAÇÃO E DESINSTALAÇÃO PARA ATENDER AS DEMANDAS DA SECRETARIA MUNICIPAL DE POLÍTICAS SOCIAIS E IGUALDADE RACIAL (SEMPSIR), BEM COMO DA SECRETARIA MUNICIPAL DA MULHER DO MUNICÍPIO DE PALMAS, NAS CONDIÇÕES, QUANTITATIVOS E ESPECIFICAÇÕES ESTABELECIDAS NO EDITAL E SEUS ANEXOS.;;0;;;0;0;0;37973;13;1;;2129;False
licitacoes;045/2024;Pregão Eletrônico;PREGAO ELETRONICO;Aberta;SECRETARIA MUNICIPAL DA HABITAÇÃO;9200;2024-11-21;45;;2024;;2024-12-11 00:00:00;;;;0.00;0.00;PRESTAÇÃO  DE  SERVIÇOS  ESPECIALIZADOS  NA  EXECUÇÃO  GLOBAL  DAS  ATIVIDADES  ESPECIFICADAS  NO PROJETO  DE  TRABALHO  SOCIAL  (PTS),  REFERENTE  AO  EMPREENDIMENTO  RESIDENCIAL  JARDIM VITÓRIA  II  PARA  O  DESENVOLVIMENTO  DO  TRABALHO  SOCIAL,  TENDO  COMO  PÚBLICO-ALVO  500 FAMÍLIAS BENEFICIADAS COM UNIDADES HABITACIONAIS DO PMCMV;;0;;;0;0;0;38031;13;1;;2129;False
licitacoes;044/2024;Pregão Eletrônico;PREGAO ELETRONICO;Aberta;SECRETARIA MUNICIPAL DE DESENVOLVIMENTO URBANO E SERVIÇOS REGIONAIS;9400;2024-11-11;44;;2024;;2024-11-27 00:00:00;;;;0.00;0.00;"CONTRATAÇÃO DE EMPRESA ESPECIALIZADA PARA A IMPLANTAÇÃO DO PROJETO DE SISTEMA DE COMUNICAÇÃO VISUAL DE PALMAS (ENDEREÇAMENTO OFICIAL DE PALMAS) COM SERVIÇOS DE REMOÇÃO E ARMAZENAMENTO DE TOTEM DE ENTRADA DE QUADRA/BAIRRO - ANTIGOS, TOTEM DE INDICAÇÃO DE AVENIDA - ANTIGOS E POSTE DE SINALIZAÇÃO DOS LOGRADOUROS ALAMEDAS/RUAS - ANTIGOS; ALÉM DE SERVIÇOS DE PRODUÇÃO E INSTALAÇÃO DE TOTEM DE ENTRADA DE QUADRA/BAIRRO - NOVOS, TOTEM DE INDICAÇÃO DE AVENIDA - NOVOS E POSTE DE SINALIZAÇÃO DOS LOGRADOUROS ALAMEDAS/RUAS ? NOVOS, NAS CONDIÇÕES, QUANTITATIVOS E ESPECIFICAÇÕES ESTABELECIDAS NO EDITAL E SEUS ANEXOS.";;0;;;0;0;0;37876;13;1;;2129;False
licitacoes;043/2024;Pregão Eletrônico;PREGAO ELETRONICO;Homologada;SECRETARIA MUNICIPAL DA HABITAÇÃO;9200;2024-11-07;43;2025002728;2024;2025-04-02;2024-11-29 00:00:00;;;;300000.00;300000.00;PRESTAÇÃO DE SERVIÇOS ESPECIALIZADOS NA EXECUÇÃO GLOBAL DAS ATIVIDADES ESPECIFICADAS NO PROJETO DE TRABALHO SOCIAL (PTS), REFERENTE AO EMPREENDIMENTO RESIDENCIAL JARDIM VITÓRIA I PARA O DESENVOLVIMENTO DO TRABALHO SOCIAL, TENDO COMO PÚBLICO-ALVO 500 FAMÍLIAS BENEFICIADAS COM UNIDADES HABITACIONAIS DO PMCMV;;0;;;0;2,A;0;37910;13;5;;2129;False
licitacoes;042/2024;Pregão Eletrônico;PREGAO ELETRONICO;Homologada;SECRETARIA MUNICIPAL DA HABITAÇÃO;9200;2024-11-11;42;2025002945;2024;2025-04-11;;;;;281536.00;281536.00;"CONTRATAÇÃO DE EMPRESA PARA A PRESTAÇÃO DE SERVIÇOS ESPECIALIZADOS NA EXECUÇÃO GLOBAL DAS ATIVIDADES ESPECIFICADAS NO PROJETO DE TRABALHO SOCIAL 
(PTS),DEVIDAMENTE APROVADA PELO AGENTE FINANCEIRO CAIXA ECONÔMICA FEDERAL, CONTRATO Nº 0510.990-86, REFERENTE AO EMPREENDIMENTO RESIDENCIAL RECANTO ARARAS 
II.";;0;;;0;2,A;0;38847;13;5;;2129;False
licitacoes;041/2024;Pregão Eletrônico;PREGAO ELETRONICO;Homologada;SECRETARIA MUNICIPAL DA HABITAÇÃO;9200;2024-11-11;41;2025003042;2024;2025-04-23;2024-11-26 00:00:00;;;;129000.00;129000.00;CONTRATAÇÃO DE EMPRESA PARA PRESTAÇÃO DE SERVIÇOS ESPECIALIZADOS NA EXECUÇÃO GLOBAL DAS ATIVIDADES ESPECIFICADAS NO PROJETO DE TRABALHO SOCIAL (PTS), REFERENTE AO EMPREENDIMENTO RESIDENCIAL IPÊ AMARELO PARA O DESENVOLVIMENTO DO TRABALHO SOCIAL, TENDO COMO PÚBLICO-ALVO 266 FAMÍLIAS BENEFICIADAS COM UNIDADES HABITACIONAIS DO PMCMV, CONFORME CONDIÇÕES, QUANTIDADES, EXIGÊNCIAS E ESPECIFICAÇÕES ESTABELECIDAS NO TERMO DE REFERÊNCIA, NO EDITAL E SEUS ANEXOS;;0;;;0;2,A;0;37877;13;5;;2129;False
licitacoes;040/2024;Pregão Eletrônico;PREGÃO ELETRÔNICO RP;Homologada;FUNDO MUNICIPAL DE SAÚDE;3200;2024-11-07;40;2024025742;2024;2025-04-01;2024-11-22 00:00:00;;;;7668800.00;7668800.00;REGISTRO DE PREÇOS PARA A ESCOLHA DA PROPOSTA MAIS VANTAJOSA PARA A AQUISIÇÃO DE GÊNEROS ALIMENTÍCIOS E MATERIAL DE COPA E COZINHA, PARA ATENDER DEMANDAS DA SECRETARIA MUNICIPAL DE SAÚDE.;;0;;;0;0;0;37865;13;5;;2129;False
licitacoes;039/2024;Pregão Eletrônico;PREGÃO ELETRÔNICO RP;Homologada;FUNDO MUNICIPAL DE SAÚDE;3200;2024-11-11;39;2024024661;2024;2025-05-09;2024-11-25 00:00:00;;;;135505.55;135505.55;REGISTRO DE PREÇOS TEM POR OBJETO A ESCOLHA DA PROPOSTA MAIS VANTAJOSA PARA FUTURA AQUISIÇÃO DE MEDICAMENTOS DE USO HUMANO E VETERINÁRIO PARA O USO DA UNIDADE DE VIGILÂNCIA E CONTROLE DE ZOONOSES (UVCZ) PARA ATENDER AS DEMANDAS DA SECRETARIA MUNICIPAL DE SAÚDE,;;0;;;0;0;0;37883;13;5;;2129;False
licitacoes;039/2024;Adesão à ata de registro de preço ou participação(carona) em Pregão de Outros Órgãos;ADESÃO A REGISTRO DE PREÇOS;Homologada;SECRETARIA MUNICIPAL DE ZELADORIA URBANA;1900;2024-06-19;39;2025001062;2024;2025-03-20;;;;;236988.15;236988.15;AQUISIÇÃO DE GRAMA ESMERALDA.;;0;;;0;1,C;0;38670;16;5;;2129;False
licitacoes;037/2024;Pregão Eletrônico;PREGÃO ELETRÔNICO RP;Homologada;SECRETARIA MUNICIPAL DE INFRAESTRUTURA E SERVIÇOS PÚBLICOS;3500;2024-10-29;37;2024025917;2024;2025-02-10;2024-11-14 00:00:00;;;;100824.00;100824.00;REGISTRO DE PREÇOS TEM POR OBJETO A ESCOLHA DA PROPOSTA MAIS VANTAJOSA PARA À CONTRATAÇÃO FUTURA DE PESSOA JURÍDICA ESPECIALIZADA NA PRESTAÇÃO DOS SERVIÇOS DE NATUREZA CONTINUADA DE MANUTENÇÃO CORRETIVA E PREVENTIVA DE AR-CONDICIONADOS, COM FORNECIMENTO DE CONTROLE REMOTO UNIVERSAL, OBJETIVANDO ATENDER AS UNIDADES GESTORAS DA SECRETARIA DE INFRAESTRUTURA E SERVIÇOS PÚBLICOS DO MUNICÍPIO DE PALMAS;;0;;;0;0;0;37752;13;5;;2129;False
licitacoes;036/2024;Pregão Eletrônico;PREGÃO ELETRÔNICO RP;Homologada;SECRETARIA MUNICIPAL DE INFRAESTRUTURA E SERVIÇOS PÚBLICOS;3500;2024-10-30;36;2024024050;2024;2025-04-04;2024-11-14 00:00:00;;;;2103588.00;2103588.00;REGISTRO DE PREÇOS TEM POR OBJETO A ESCOLHA DA PROPOSTA MAIS VANTAJOSA PARA AQUISIÇÃO DE CONCRETO USINADO PARA CONSTRUÇÃO E REPAROS DE PASSEIOS E OUTROS SERVIÇOS PARA ATENDER DEMANDAS DA SECRETARIA DE INFRAESTRUTURA E SERVIÇOS PÚBLICOS - SEISP;;0;;;0;0;0;37740;13;5;;2129;False
licitacoes;035/2024;Pregão Eletrônico;PREGAO ELETRONICO;Aberta;SECRETARIA MUNICIPAL DE PLANEJAMENTO E DESENVOLVIMENTO HUMANO;2500;2024-10-29;35;2024024366;2024;;2024-11-12 00:00:00;;;;355010.17;0.00;CONTRATAÇÃO DE EMPRESA ESPECIALIZADA NO FORNECIMENTO E INSTALAÇÃO DE MOBILIÁRIOS ADMINISTRATIVOS, COM O INTUITO DE EQUIPAR A SECRETARIA MUNICIPAL DE PLANEJAMENTO E DESENVOLVIMENTO HUMANO E DEMAIS SETORES VINCULADOS À PASTA;;0;;;0;0;0;37711;13;1;;2129;False
licitacoes;034/2024;Pregão Eletrônico;PREGÃO ELETRÔNICO RP;Aberta;AGÊNCIA DE TECNOLOGIA DA INFORMAÇÃO DO  MUNICÍPIO  DE  PALMAS;9600;2024-10-29;34;2024007397;2024;;2024-11-12 00:00:00;;;;0.00;0.00;REGISTRO DE PREÇOS TEM POR OBJETO A ESCOLHA DA PROPOSTA MAIS VANTAJOSA PARA CONTRATA-ÇÃO DE SOLUÇÃO INTEGRADA DE DATA CENTER REGIONAL, SERVIÇO DE ALUGUEL DE ESPAÇO PARA EQUIPAMENTO DE INFORMÁTICA, SERVIÇOS DE CÓPIAS DE SEGURANÇA E SERVIÇO DE SUPORTE TÉCNICO ESPECIALIZADO COM SUSTENTAÇÃO OPERACIONAL;;0;;;0;0;0;37713;13;1;;2129;False
licitacoes;033/2024;Pregão Eletrônico;PREGÃO ELETRÔNICO RP;Homologada;FUNDO MUNICIPAL DE SAÚDE;3200;2024-10-15;33;2024026731;2024;2025-02-26;2024-10-28 00:00:00;;;;70368.50;70368.50;ATENDER DEMANDAS JUDICIAIS, COM AQUISIÇÃO DE FÓRMULAS ALIMENTARES E DIETAS NUTRICIONAIS, PARA PACIENTES ASSISTIDOS NAS UNIDADES DE PRONTO ATENDIMENTO UPA´S.;;0;;;0;0;0;37574;13;5;;2129;False
licitacoes;032/2024;Pregão Eletrônico;PREGÃO ELETRÔNICO RP;Homologada;FUNDO MUNICIPAL DE SAÚDE;3200;2024-10-24;32;2024026007;2024;2025-02-05;2024-10-25 00:00:00;;;;1419367.52;1419367.52;REGISTRO DE PREÇOS PARA A ESCOLHA DA PROPOSTA MAIS VANTAJOSA PARA A AQUISIÇÃO DE FRALDAS DESCARTÁVEIS, A FIM DE ATENDER DEMANDAS DA SECRETARIA MUNICIPAL DE SAÚDE;;0;;;0;0;0;37572;13;5;;2129;False
licitacoes;031/2024;Pregão Eletrônico;PREGAO ELETRONICO;Aberta;SECRETARIA MUNICIPAL DA MULHER;9902;2024-10-10;31;2024027996;2024;;2024-10-25 00:00:00;;;;360096.00;360096.00;AQUISIÇÃO DE EQUIPAMENTOS DE INFORMÁTICA TIC (COMPUTADORES COM PERIFÉRICOS E NOBREAKS), PARA ATENDER AS DEMANDAS DA CASA DA MULHER BRASILEIRA DE PALMAS;;0;;;0;0;0;37570;13;1;;2129;False
licitacoes;030/2024;Pregão Eletrônico;PREGAO ELETRONICO;Homologada;SECRETARIA MUNICIPAL DE DESENVOLVIMENTO SOCIAL;3700;2024-10-16;30;2024027224;2024;2025-03-27;2024-11-05 00:00:00;;;;7360920.00;7360920.00;CONTRATAÇÃO  DE  EMPRESA ESPECIALIZADA NA PRESTAÇÃO DE SERVIÇOS DE PREPARO E FORNECIMENTO DE ALIMENTAÇÃO E NUTRIÇÃO,  COM GESTÃO E MANUTENÇÃO, QUE DISPONIBILIZARÁ EQUIPAMENTOS E INSTALAÇÕES DE QUE SE FIZEREM  NECESSÁRIAS,  CONDICIONADORES  DE  AR,  UTENSÍLIOS,  INSUMOS,  GÊNEROS  ALIMENTÍCIOS  E  OUTROS,  PARA ATENDER OS RESTAURANTES COMUNITÁRIOS DE PALMAS-TO;;0;;;0;2,A;0;37579;13;5;;2129;False
licitacoes;028/2024;Pregão Eletrônico;PREGÃO ELETRÔNICO RP;Homologada;FUNDO MUNICIPAL DE SAÚDE;3200;2024-10-02;28;2024025352;2024;2025-01-28;2024-10-17 00:00:00;;;;4809223.00;4809223.00;ESTE PREGÃO PARA REGISTRO DE PREÇOS TEM POR OBJETO A ESCOLHA DA PROPOSTA MAIS VANTAJOSA PARA AQUISIÇÃO DE MEDICAMENTOS REMUME INJETÁVEIS, PARA ATENDER A REDE MUNICIPAL DE SAÚDE DE PALMAS, CONFORME CONDIÇÕES E EXIGÊNCIAS ESTABELECIDAS NESTE EDITAL E SEUS ANEXOS;;0;;;0;0;0;37556;13;5;;2129;False
licitacoes;026/2024;Pregão Eletrônico;PREGÃO ELETRÔNICO RP;Aberta;FUNDO MUNICIPAL DE SAÚDE;3200;2024-09-17;26;;2024;;2024-09-30 00:00:00;;;;0.00;0.00;AQUISIÇÃO DE INSUMOS EM CUMPRIMENTO DE ORDEM JUDICIAL, CONFORME CONDIÇÕES E EXIGÊNCIAS ESTABELECIDAS NO EDITAL E SEUS ANEXOS.;;0;;;0;0;0;37500;13;1;;2129;False
licitacoes;025/2024;Pregão Eletrônico;PREGÃO ELETRÔNICO RP;Homologada;FUNDO MUNICIPAL DE SAÚDE;3200;2024-09-09;25;2024023853;2024;2024-12-16;2024-09-20 00:00:00;;;;177960.00;177960.00;AQUISIÇÃO DE MEDICAMENTOS DE CONTROLE ESPECIAL, PARA ATENDER AS NECESSIDADES DOS PACIENTES DOS PROGRAMAS DE SAÚDE MENTAL ELABORADO E NORMATIZADOS PELO MINISTÉRIO DA SAÚDE DE EXECUÇÃO EXCLUSIVA DOS CENTROS DE ATENÇÃO PSICOSSOCIAIS ? CAPS II, CAPS AD III E CAPS I (INFANTIL), CONFORME CONDIÇÕES E EXIGÊNCIAS ESTABELECIDAS NESTE EDITAL E SEUS ANEXOS;;0;;;0;0;0;37483;13;5;;2129;False
licitacoes;023/2024;Pregão Eletrônico;PREGÃO ELETRÔNICO RP;Homologada;SECRETARIA MUNICIPAL DE DESENVOLVIMENTO ECONÔMICO E EMPREGO;2600;2024-09-05;23;2024024125;2024;2025-03-05;2024-09-20 00:00:00;;;;2443466.48;2443280.00;"REGISTRO DE PREÇOS TEM POR OBJETO A ESCOLHA DA PROPOSTA MAIS VANTAJOSA PARA AQUISIÇÃO DE BOX COM INSTALAÇÃO/MONTAGEM, CONFORME PROJETO E MEMORIAL DESCRITIVO
PARA ESTRUTURAÇÃO E MODERNIZAÇÃO DE ÁREAS DE COMERCIO AMBULANTES EM PALMAS.";;0;;;0;2,A;0;37453;13;5;;2129;False
licitacoes;022/2024;Pregão Eletrônico;PREGÃO ELETRÔNICO RP;Homologada;SECRETARIA MUNICIPAL DE INFRAESTRUTURA E SERVIÇOS PÚBLICOS;3500;2024-08-30;22;2024017269;2024;2025-02-03;2024-09-16 00:00:00;;;;52945500.00;52945500.00;FUTURA CONTRATAÇÃO DE EMPRESA ESPECIALIZADA NO FORNECIMENTO DE MASSA ASFÁLTICA DO TIPO CBUQ (CONCRETO BETUMINOSO USINADO A QUENTE), PARA ATENDER ÀS NECESSIDADES DA SECRETARIA MUNICIPAL DE INFRAESTRUTURA E SERVIÇOS PÚBLICOS - SEISP, NAS CONDIÇÕES, QUANTITATIVOS E ESPECIFICAÇÕES ESTABELECIDAS NO EDITAL E SEUS ANEXOS;;0;;;0;2,A;0;37400;13;5;;2129;False
licitacoes;021/2024;Pregão Eletrônico;PREGAO ELETRONICO;Aberta;SECRETARIA MUNICIPAL DA EDUCAÇÃO;2900;2024-08-28;21;2023063242;2024;;2024-09-09 00:00:00;;;;0.00;0.00;ESTE PREGÃO PARA REGISTRO DE PREÇOS TEM POR OBJETO A ESCOLHA DA PROPOSTA MAIS VANTAJOSA PARA FUTURA AQUISIÇÃO DE EQUIPAMENTOS ELETRÔNICOS PARA AS UNIDADES EDUCACIONAIS DA REDE PÚBLICA MUNICIPAL DE PALMAS E SETORES DA SECRETARIA MUNICIPAL DA EDUCAÇÃO, VISANDO ATENDER A DEMANDA ADMINISTRATIVA E PEDAGÓGICA, NAS CONDIÇÕES, QUANTITATIVOS E ESPECIFICAÇÕES ESTABELECIDAS NESTE EDITAL E SEUS ANEXOS.;;0;;;0;0;0;37397;13;1;;2129;False
licitacoes;020/2024;Adesão à ata de registro de preço ou participação(carona) em Pregão de Outros Órgãos;ADESÃO A REGISTRO DE PREÇOS;Homologada;FUNDO MUNICIPAL DE SAÚDE;3200;2024-12-05;20;2024027890;2024;2024-12-05;;;;;147353.00;147353.00;AQUISIÇÃO DE INSUMOS DE FLORICULTURA.;;0;;;0;1,C;0;38090;16;5;;2129;False
licitacoes;020/2024;Pregão Eletrônico;PREGÃO ELETRÔNICO RP;Homologada;FUNDO MUNICIPAL DE SAÚDE;3200;2024-08-29;20;2024023743;2024;2025-05-05;;;;;1688059.00;1649659.00;REGISTRO DE PREÇOS TEM POR OBJETO A ESCOLHA DA PROPOSTA MAIS VANTAJOSA PARA A CONTRATAÇÃO DE EMPRESA ESPECIALIZADA PARA FORNECIMENTO DE MEDICAMENTOS REMUME II, A FIM DE ATENDER A SECRETARIA MUNICIPAL DE SAÚDE DE PALMAS;;0;;;0;2,A;0;37434;13;5;;2129;False
licitacoes;019/2024;Pregão Eletrônico;PREGÃO ELETRÔNICO RP;Homologada;FUNDO MUNICIPAL DE SAÚDE;3200;2024-08-29;19;2024023748;2024;2025-01-31;2024-09-12 00:00:00;2024-09-12 00:00:00;;;2208279.00;2208279.00;AQUISIÇÃO DE MEDICAMENTOS REMUME I, A FIM DE ATENDER A SECRETARIA MUNICIPAL DE SAÚDE DE PALMAS-TO.;;0;;;0;0;0;37396;13;5;;2129;False
licitacoes;018/2024;Pregão Eletrônico;PREGAO ELETRONICO;Homologada;FUNDO MUNICIPAL DE SAÚDE;3200;2024-08-20;18;2024024617;2024;2025-02-12;;;;;6450.00;6450.00;CONTRATAÇÃO DE EMPRESA ESPECIALIZADA NA PRESTAÇÃO DE SERVIÇOS DE SEGURO VEICULAR TOTAL PARA OS 30 (TRINTA) VEÍCULOS DE PROPRIEDADE DA SECRETARIA MUNICIPAL DE SAÚDE. NUP:  00000.0.028986/2024;;0;;;0;2,A;0;37369;13;5;;2129;False
licitacoes;017/2024;Pregão Eletrônico;PREGAO ELETRONICO;Aberta;AGÊNCIA DE TRANSPORTE COLETIVO DE PALMAS;1201;2024-10-07;17;2024000003;2024;;2024-10-22 00:00:00;;;;0.00;0.00;CONTRATAÇÃO DE EMPRESA PARA PRESTAÇÃO DE SERVIÇOS DE LOCAÇÃO DE COFRE INTELIGENTE E TRANSPORTE DE VALORES EM VIATURAS BLINDADAS, SOB A GUARDA DE EQUIPE DE PROTEÇÃO ARMADA QUALIFICADA.;;0;;;0;0;0;37332;13;1;;2129;False
licitacoes;016/2024;Pregão Eletrônico;PREGAO ELETRONICO;Homologada;SECRETARIA MUNICIPAL DE INFRAESTRUTURA E SERVIÇOS PÚBLICOS;3500;2024-08-29;16;2024025913;2024;2024-11-06;;;;;168880.00;168880.00;LOCAÇÃO DE VEÍCULOS A SEREM EMPREGADOS NAS ATIVIDADES DA SUPERINTENDÊNCIA DE ILUMINAÇÃO PÚBLICA DE PALMAS.;;0;;;0;2,A;0;37291;13;5;;2129;False
licitacoes;014/2024;Pregão Eletrônico;PREGÃO ELETRÔNICO RP;Aberta;SECRETARIA MUNICIPAL DE INFRAESTRUTURA E SERVIÇOS PÚBLICOS;3500;2024-07-18;14;;2024;;2024-07-31 00:00:00;;;;0.00;0.00;AQUISIÇÃO DE AREIA GROSSA LAVADA, AREIA FINA LAVADA, PÓ DE SEIXO, SEIXO BRITADO Nº 0, SEIXO BRITADO Nº 01 E SEIXO ROLADO, PARA ATENDER AS NECESSIDADES DA SECRETARIA MUNICIPAL DE INFRAESTRUTURA E SERVIÇOS PÚBLICOS - SEISP, NAS CONDIÇÕES, QUANTITATIVOS E ESPECIFICAÇÕES ESTABELECIDAS NO EDITAL E SEUS ANEXOS.;;0;;;0;0;0;37223;13;1;;2129;False
licitacoes;014/2024;Pregão Eletrônico;PREGÃO ELETRÔNICO RP;Homologada;SECRETARIA MUNICIPAL DE INFRAESTRUTURA E SERVIÇOS PÚBLICOS;3500;2024-07-18;14;2024016631;2024;2024-09-04;2024-07-31 00:00:00;;;;1720064.31;799126.90;AQUISIÇÃO DE AREIA GROSSA LAVADA, AREIA FINA LAVADA, PÓ DE SEIXO, SEIXO BRITADO Nº 0, SEIXO BRITADO Nº 01 E SEIXO ROLADO, PARA ATENDER AS NECESSIDADES DA SECRETARIA MUNICIPAL DE INFRAESTRUTURA E SERVIÇOS PÚBLICOS - SEISP;;0;;;0;0;0;37328;13;5;;2129;False
licitacoes;013/2024;Pregão Eletrônico;PREGÃO ELETRÔNICO RP;Homologada;SECRETARIA MUNICIPAL DE INFRAESTRUTURA E SERVIÇOS PÚBLICOS;3500;2024-07-16;13;2024024517;2024;2024-09-20;2024-07-30 00:00:00;;;;1077692.49;533568.56;CONTRATAÇÃO DE EMPRESA ESPECIALIZADA PARA FORNECIMENTO DE FERRAMENTAS E EQUIPAMENTOS.;;0;;;0;2,A;0;37219;13;5;;2129;False
licitacoes;012/2024;Pregão Eletrônico;PREGÃO ELETRÔNICO RP;Homologada;SECRETARIA MUNICIPAL DE INFRAESTRUTURA E SERVIÇOS PÚBLICOS;3500;2024-07-08;12;2024024380;2024;2024-08-20;2024-07-19 00:00:00;;;;1007080.14;551400.45;ESTE PREGÃO PARA REGISTRO DE PREÇOS TEM POR OBJETO A ESCOLHA DA PROPOSTA MAIS VANTAJOSA PARA A CONTRATAÇÃO DE EMPRESA ESPECIALIZADA PARA FORNECIMENTO DE ARTEFATOS DE CONCRETO E BLOCOS CERÂMICOS, PARA ATENDER ÀS NECESSIDADES DA SECRETARIA MUNICIPAL DE INFRAESTRUTURA E SERVIÇOS PÚBLICOS - SEISP;;0;;;0;2,A;0;37187;13;5;;2129;False
licitacoes;012/2024;Adesão à ata de registro de preço ou participação(carona) em Pregão de Outros Órgãos;ADESÃO A REGISTRO DE PREÇOS;Homologada;SECRETARIA MUNICIPAL DE ZELADORIA URBANA;1900;2024-07-08;12;2025001052;2024;2025-03-12;;;;;104550.00;104550.00;CONTRATAÇÃO DE EMPRESA ESPECIALIZADA NO FORNECIMENTO DE BLOCOS CERÂMICOS.;;0;;;0;0;0;38593;16;5;;2129;False
licitacoes;011/2024;Pregão Eletrônico;PREGAO ELETRONICO;Homologada;AGÊNCIA DE TECNOLOGIA DA INFORMAÇÃO DO  MUNICÍPIO  DE  PALMAS;9600;2024-07-05;11;2024009424;2024;2024-09-18;2024-07-19 00:00:00;;;;342700.20;102000.00;CONTRATAÇÃO DE EMPRESA PARA PRESTAÇÃO DE SERVIÇOS DE LOCAÇÃO DE 02 (DOIS) GRUPOS DE GERADORES DE ENERGIA, PARA ATENDER A AGÊNCIA DE TECNOLOGIA DA INFORMAÇÃO ? AGTEC.;;0;;;0;2,A;0;37183;13;5;;2129;False
licitacoes;009/2024;Pregão Eletrônico;PREGÃO ELETRÔNICO RP;Homologada;FUNDAÇÃO CULTURAL DE PALMAS;7100;2024-07-03;9;2024024089;2024;2024-09-02;2024-07-16 00:00:00;;;;1271583.95;1062150.00;ESTE PREGÃO PARA REGISTRO DE PREÇOS TEM POR OBJETO A ESCOLHA DA PROPOSTA MAIS VANTAJOSA PARA A CONTRATAÇÃO DE EMPRESA ESPECIALIZADA NA PRESTAÇÃO DE SERVIÇOS DE PLANEJAMENTO, ORGANIZAÇÃO, COORDENAÇÃO E EXECUÇÃO DE EVENTOS, COM FORNECIMENTO E APOIO OPERACIONAL E LOGÍSTICO PARA REALIZAÇÃO DOS MESMOS, BEM COMO DE SERVIÇO ESPCIALIZADO EM CONFECÇÃO, FORNECIMENTO, INSTALAÇÃO E MANUTENÇÃO DE BANDEIROLAS ORNAMENTAIS EM FORMATO DE MOSAICOS, PARA ATENDER AS NECESSIDADES DA FUNDAÇÃO CULTURAL DE PALMAS, NAS CONDIÇÕES, QUANTITATIVOS E ESPECIFICAÇÕES ESTABELECIDAS NESTE EDITAL E SEUS ANEXOS.;;0;;;0;0;0;37175;13;5;;2129;False
licitacoes;008/2024;Pregão Eletrônico;PREGÃO ELETRÔNICO RP;Homologada;SECRETARIA MUNICIPAL DE INFRAESTRUTURA E SERVIÇOS PÚBLICOS;3500;2024-07-04;8;2024024519;2024;2024-08-29;2024-07-17 00:00:00;;;;18750720.00;12402050.00;FUTURA CONTRATAÇÃO DE EMPRESA ESPECIALIZADA PARA FORNECIMENTO DE MATERIAL BETUMINOSO RL-1C, RR-2C E CM-30.;;0;;;0;2,A;0;37172;13;5;;2129;False
licitacoes;007/2024;Concorrência para Compras e Serviços;CONCORRÊNCIA;Aberta;SECRETARIA MUNICIPAL DE INFRAESTRUTURA E SERVIÇOS PÚBLICOS;3500;2024-12-04;7;2024024053;2024;;2024-12-18 00:00:00;;;;0.00;0.00;O OBJETO DA PRESENTE CONCORRÊNCIA É A CONTRATAÇÃO DE EMPRESA ESPECIALIZADA PARA A CONSTRUÇÃO DA PRAÇA DA 309 SUL (ARSO 34) EM PALMAS-TO, CONFORME TERMOS DESTE INSTRUMENTO E DEMAIS ELEMENTOS INSTRUTORES ANEXOS, QUE ESTARÃO DISPONÍVEIS NO SITE DA PREFEITURA DE PALMAS/TO;;0;;;0;2,E;0;38089;5;1;;2129;False
licitacoes;006/2024;Concorrência para Obras e Serviços de Engenharia;CONCORRÊNCIA PÚBLICA PARA OBRAS E SERVIÇOS DE ENGENHARIA;Homologada;SECRETARIA MUNICIPAL DE DESENVOLVIMENTO RURAL;3300;2024-10-14;6;2024025982;2024;2025-05-07;2024-11-06 00:00:00;;;;196465.66;186700.00;CONTRATAÇÃO DE EMPRESA ESPECIALIZADA PARA IMPLANTAÇÃO DE 02 (DUAS) HORTAS COMUNITARIAS;;0;;;0;0;0;37580;6;5;;2129;False
licitacoes;006/2024;Pregão Eletrônico;PREGAO ELETRONICO;Aberta;AGÊNCIA DE TRANSPORTE COLETIVO DE PALMAS;1201;2024-06-19;6;;2024;;2024-07-04 00:00:00;;;;0.00;0.00;A FUTURA CONTRATAÇÃO DE EMPRESA ESPECIALIZADA NA PRESTAÇÃO DE SERVIÇOS DE GERENCIAMENTO E CONTROLE DE MANUTENÇÃO PREVENTIVA E CORRETIVA (MECÂNICA EM GERAL) COM FORNECIMENTO DE PEÇAS, PRODUTOS DE LIMPEZA AUTOMOTIVA, PNEUS E ACESSÓRIOS DE REPOSIÇÃO ORIGINAL OU SIMILAR DE PRIMEIRA LINHA, COM IMPLANTAÇÃO E OPERAÇÃO DE SISTEMA INFORMATIZADO, COM UTILIZAÇÃO DE CARTÃO MAGNÉTICO, VIA WEB, POR INTERMÉDIO DE REDES DE ESTABELECIMENTOS CREDENCIADOS, PARA ATENDER A FROTA DE VEÍCULOS DA AGÊNCIA DE TRANSPORTE COLETIVO DE PALMAS, CONFORME CONDIÇÕES, QUANTIDADES, EXIGÊNCIAS E ESPECIFICAÇÕES ESTABELECIDAS NO TERMO DE REFERÊNCIA, NO EDITAL E SEUS ANEXOS.;;0;;;0;0;0;37100;13;1;;2129;False
licitacoes;006/2024;Pregão Eletrônico;PREGAO ELETRONICO;Aberta;AGÊNCIA DE TRANSPORTE COLETIVO DE PALMAS;1201;2024-06-19;6;2024025155;2024;;2024-07-04 00:00:00;;;;0.00;0.00;CONTRATAÇÃO DE EMPRESA ESPECIALIZADA NA PRESTAÇÃO DE SERVIÇOS DE GERENCIAMENTO E CONTROLE DE MANUTENÇÃO PREVENTIVA E CORRETIVA (MECÂNICA EM GERAL) COM FORNECIMENTO DE PEÇAS, PRODUTOS DE LIMPEZA AUTOMOTIVA, PNEUS E ACESSÓRIOS DE REPOSIÇÃO ORIGINAL OU SIMILAR DE PRIMEIRA LINHA, COM IMPLANTAÇÃO E OPERAÇÃO DE SISTEMA INFORMATIZADO, COM UTILIZAÇÃO DE CARTÃO MAGNÉTICO, VIA WEB, POR INTERMÉDIO DE REDES DE ESTABELECIMENTOS CREDENCIADOS, PARA ATENDER A FROTA DE VEÍCULOS DA AGÊNCIA DE TRANSPORTE COLETIVO DE PALMAS;;0;;;0;2,E;0;37329;13;1;;2129;False
licitacoes;006/2024;Pregão Eletrônico;PREGÃO ELETRÔNICO RP;Homologada;AGÊNCIA DE TRANSPORTE COLETIVO DE PALMAS;1201;2024-06-19;6;2024025155;2024;2024-09-10;;;;;20000000.00;12360000.00;FUTURA CONTRATAÇÃO DE EMPRESA ESPECIALIZADA NA PRESTAÇÃO DE SERVIÇOS DE GERENCIAMENTO E CONTROLE DE MANUTENÇÃO PREVENTIVA E CORRETIVA (MECÂNICA EM GERAL) COM FORNECIMENTO DE PEÇAS, PRODUTOS DE LIMPEZA AUTOMOTIVA, PNEUS E ACESSÓRIOS DE REPOSIÇÃO ORIGINAL OU SIMILAR DE PRIMEIRA LINHA, COM IMPLANTAÇÃO E OPERAÇÃO DE SISTEMA INFORMATIZADO, COM UTILIZAÇÃO DE CARTÃO MAGNÉTICO, VIA WEB, POR INTERMÉDIO DE REDES DE ESTABELECIMENTOS CREDENCIADOS, PARA ATENDER A FROTA DE VEÍCULOS DA AGÊNCIA DE TRANSPORTE COLETIVO DE PALMAS;;0;;;0;0;0;37433;13;5;;2129;False
licitacoes;005/2024;Concorrência para Compras e Serviços;CONCORRÊNCIA;Aberta;SECRETARIA MUNICIPAL DE INFRAESTRUTURA E SERVIÇOS PÚBLICOS;3500;2024-09-17;5;2024027121;2024;;;;;;0.00;0.00;O OBJETO DA PRESENTE CONCORRÊNCIA É A CONTRATAÇÃO DE EMPRESA ESPECIALIZADA PARA A EXECUÇÃO DE REQUALIFICAÇÃO DA LIGAÇÃO ENTRE A AVENIDA NS-15 E OS BAIRROS DA REGIÃO NORTE (SONHO MEU/CONDOMÍNIOS/MINERADORAS), CONTEMPLANDO A EXECUÇÃO DA DRENAGEM PLUVIAL, BUEIRO CELULAR PRÉ- MOLDADO SOBRE O CÓRREGO ÁGUA FRIA, TERRAPLENAGEM, PAVIMENTAÇÃO ASFÁLTICA, SINALIZAÇÃO VIÁRIA E CALÇADAS DE ACESSIBILIDADE, NO MUNICÍPIO DE PALMAS/TO;;0;;;0;0;0;37508;5;1;;2129;False
licitacoes;005/2024;Concorrência para Obras e Serviços de Engenharia;CONCORRÊNCIA PÚBLICA PARA OBRAS E SERVIÇOS DE ENGENHARIA;Aberta;SECRETARIA MUNICIPAL DE INFRAESTRUTURA E SERVIÇOS PÚBLICOS;3500;2024-09-17;5;2024027121;2024;;;;;;0.00;0.00;O OBJETO DA PRESENTE CONCORRÊNCIA É A CONTRATAÇÃO DE EMPRESA ESPECIALIZADA PARA A EXECUÇÃO DE REQUALIFICAÇÃO DA LIGAÇÃO ENTRE A AVENIDA NS-15 E OS BAIRROS DA REGIÃO NORTE (SONHO MEU/CONDOMÍNIOS/MINERADORAS), CONTEMPLANDO A EXECUÇÃO DA DRENAGEM PLUVIAL, BUEIRO CELULAR PRÉ- MOLDADO SOBRE O CÓRREGO ÁGUA FRIA, TERRAPLENAGEM, PAVIMENTAÇÃO ASFÁLTICA, SINALIZAÇÃO VIÁRIA E CALÇADAS DE ACESSIBILIDADE, NO MUNICÍPIO DE PALMAS/TO;;0;;;0;2,E;0;37510;6;1;;2129;False
licitacoes;004/2024;Concorrência para Compras e Serviços;CONCORRÊNCIA;Homologada;SECRETARIA MUNICIPAL DA EDUCAÇÃO;2900;2024-09-10;4;2024000286;2024;2025-02-21;2024-09-26 00:00:00;;;;4071712.27;4071923.80;O OBJETO DA PRESENTE CONCORRÊNCIA É A CONTRATAÇÃO DE EMPRESA ESPECIALIZADA PARA A CONSTRUÇÃO DO CENTRO MUNICIPAL DE EDUCAÇÃO INFANTIL ? CMEI, NO JARDIM TAQUARI, PALMAS/TO, CONFORME TERMOS DESTE INSTRUMENTO E DEMAIS ELEMENTOS INSTRUTORES ANEXOS, QUE ESTARÃO DISPONÍVEIS NO SITE DA PREFEITURA DE PALMAS/TO;;0;;;0;2,A;0;37486;5;5;;2129;False
licitacoes;004/2024;Pregão Eletrônico;PREGAO ELETRONICO;Homologada;SECRETARIA MUNICIPAL DE PLANEJAMENTO E DESENVOLVIMENTO HUMANO;2500;2024-07-04;4;2024002910;2024;2024-09-12;2024-07-18 00:00:00;;;;297900.00;297900.00;FUTURA CONTRATAÇÃO DE EMPRESA ESPECIALIZADA NA PRESTAÇÃO DE SERVIÇOS DE INVENTÁRIO FÍSICO DOS BENS MÓVEIS PERTENCENTES AO MUNICÍPIO DE PALMAS, COMPREENDENDO A IDENTIFICAÇÃO EMPLAQUETAMENTO, AVALIAÇÃO E REAVALIAÇÃO, TESTE DE RECUPERABILIDADE- IMPAIRMENT, DEFINIÇÃO DA VIDA ÚTIL E VALOR RESIDUAL, COM ELABORAÇÃO E FORNECIMENTO DE PLANILHAS, LAUDOS E RELATÓRIOS.;;0;;;0;2,A;0;37171;13;5;;2129;False
licitacoes;004/2024;Adesão à ata de registro de preço ou participação(carona) em Pregão de Outros Órgãos;ADESÃO A REGISTRO DE PREÇOS;Homologada;SECRETARIA MUNICIPAL DE INFRAESTRUTURA E SERVIÇOS PÚBLICOS;3500;2024-06-05;4;2025001291;2024;2025-03-12;;;;;436537.54;436537.54;CONTRATAÇÃO DE EMPRESA ESPECIALIZADA NO FORNECIMENTO E INSTALAÇÃO DE APARELHOS DE AR-CONDICIONADO.;;0;;;0;1,C;0;38596;16;5;;2129;False
licitacoes;003/2024;Pregão Eletrônico;PREGAO ELETRONICO;Aberta;SECRETARIA MUNICIPAL DA FAZENDA E TRANSFORMAÇÃO DIGITAL;2700;2024-05-28;3;;2024;;2024-06-11 00:00:00;;;;0.00;0.00;PRESTAÇÃO DE SERVIÇOS DE TECNOLOGIA DA INFORMAÇÃO COM DISPONIBILIZAÇÃO DA NOTA FISCAL ELETRÔNICA (NFS-E), INCLUINDO O MONITORAMENTO DO SIMPLES NACIONAL, BI, MÓDULO CARTÃO DE CRÉDITO/DÉBITO E DA DECLARAÇÃO ELETRÔNICA DE SERVIÇOS FINANCEIROS (DESIF), COM FORNECIMENTO DE DATA CENTER, CONFORME CONDIÇÕES, QUANTIDADES, EXIGÊNCIAS E ESPECIFICAÇÕES ESTABELECIDAS NO PROJETO BÁSICO, TERMO DE REFERÊNCIA, NO EDITAL E SEUS ANEXOS;;0;;;0;0;0;36995;13;1;;2129;False
licitacoes;003/2024;Pregão Eletrônico;PREGAO ELETRONICO;Homologada;SECRETARIA MUNICIPAL DA FAZENDA E TRANSFORMAÇÃO DIGITAL;2700;2024-05-24;3;2023043968;2024;2024-08-14;;;;;632500.00;632500.00;CONTRATAÇÃO DE EMPRESA ESPECIALIZADA PARA DISPONIBILIZAÇÃO DE NOTA FISCAL DE SERVIÇO ELETRÔNICA (NFSE), INCLUINDO O MONITORAMENTO DO SIMPLES NACIONAL, E DA DECLARAÇÃO ELETRÔNICA DE SERVIÇOS FINANCEIROS (DESIF), COM FORNECIMENTO DE DATA CENTER. (AUTORIZAÇÃO PARCIAL);;0;;;0;2,A;0;37261;13;5;;2129;False
licitacoes;002/2024;Outros;CREDENCIAMENTO;Aberta;SECRETARIA MUNICIPAL DE DESENVOLVIMENTO URBANO E SERVIÇOS REGIONAIS;9400;2024-09-13;2;;2024;;;;;;0.00;0.00;CREDENCIAMENTO DAS EMPRESAS EMPRESAS PRESTADORAS DE SERVIÇOS DE REMOÇÃO DE TRAILERS, VEÍCULOS E AFINS, SERVIÇOS DE DESMONTAGEM E TRANSPORTE DE EQUIPAMENTOS PUBLICITÁRIOS, SERVIÇOS DE DEMOLIÇÕES E DESCARTE DE RESÍDUOS SÓLIDOS, ALÉM DE SERVIÇOS DE ROÇAGEM E LIMPEZA MECANIZADA DE TERRENOS BALDIOS, A SEREM REALIZADOS NO MUNICÍPIO DE PALMAS, CONFORME QUANTITATIVOS E VALORES INDICADOS NO ANEXO I ? ESPECIFICAÇÕES DO OBJETO DESTE EDITAL;;0;;;0;0;0;37494;99;1;;2129;False
licitacoes;002/2024;Adesão à ata de registro de preço ou participação(carona) em Pregão de Outros Órgãos;ADESÃO A REGISTRO DE PREÇOS;Homologada;AGÊNCIA DE TRANSPORTE COLETIVO DE PALMAS;1201;2024-06-18;2;2024028599;2024;2024-11-04;;;;;46875.00;46875.00;CONTRATAÇÃO DE EMPRESA OPERADORA DE SISTEMA DE CARTÕES PARA COMPRA DE COMBUSTÍVEL.;;0;;;0;1,C;0;37772;16;5;;2129;False
licitacoes;002/2024;Concorrência para Compras e Serviços;CONCORRÊNCIA;Aberta;FUNDAÇÃO MUNICIPAL DE ESPORTES E LAZER DE PALMAS;1600;2024-06-06;2;2024020042;2024;;2024-06-21 00:00:00;;;;0.00;0.00;EMPRESA ESPECIALIZADA PARA A CONSTRUÇÃO DO CAMPO GRAMADO DE TAQUARUÇU EM PALMAS/TO;;0;;;0;2,E;0;37023;5;1;;2129;False
licitacoes;002/2024;Pregão Eletrônico;PREGÃO ELETRÔNICO RP;Aberta;SECRETARIA MUNICIPAL DE PLANEJAMENTO E DESENVOLVIMENTO HUMANO;2500;2024-04-01;2;2023070968;2024;;2024-04-19 00:00:00;;;;0.00;0.00;REGISTRO DE PREÇOS TEM POR OBJETO A ESCOLHA DA PROPOSTA MAIS VANTAJOSA PARA FUTURA CONTRATAÇÃO DE PRESTAÇÃO DE SERVIÇOS CONTINUADOS COM DEDICAÇÃO EXCLUSIVA DE MÃO DE OBRA DE LIMPEZA, CONSERVAÇÃO DAS AREAS INTERNAS E EXTERNAS E APOIO ADMINISTRATIVO: AUXILIAR ADMINISTRATIVO, RECEPCIONISTA, JARDINEIRO, COPEIRO, AUXILIAR DE MANUTENÇÃO PREDIAL, SERVENTE DE LIMPEZA, AUXILIAR DE ALMOXARIFADO, AUXILIAR DE CARGAS E DESCARGAS DE MERCADORIAS, AUXILIAR DE SERVIÇOS GERAIS, MOTORISTAS DE VEÍCULOS DE PEQUENO E MÉDIO PORTE, MOTORISTA DE ÔNIBUS URBANO, COZINHEIRO, COVEIRO E ENCARREGADOS, COM FORNECIMENTO DE MATERIAIS, EQUIPAMENTOS E UTENSÍLIOS, PARA ATENDER ÀS NECESSIDADES DAS UNIDADES GESTORAS DA  PREFEITURA MUNICIPAL DE PALMAS ? TOCANTINS;;0;;;0;0;0;36649;13;1;;2129;False
licitacoes;001/2024;Outros;CREDENCIAMENTO;Homologada;SECRETARIA MUNICIPAL DE DESENVOLVIMENTO URBANO E SERVIÇOS REGIONAIS;9400;2024-09-23;1;2024023472;2024;2025-02-13;;;;;483200.00;483200.00;SERVIÇO  DE  DEMOLIÇÕES  OU  REMOÇÃO  E  DESCARTE  DE  RESÍDUOS  SÓLIDOS COM SUPORTE DE RETROESCAVADEIRA, BOBCAT E CAMINHÃO CAÇAMBA;;0;;;0;0;0;38406;99;5;;2129;False
licitacoes;001/2024;Outros;CREDENCIAMENTO;Aberta;SECRETARIA MUNICIPAL DE PLANEJAMENTO E DESENVOLVIMENTO HUMANO;2500;2024-07-01;1;;2024;;;;;;0.00;0.00;1.1.	CREDENCIAMENTO DAS EMPRESAS DE TRANSPORTE AÉREO REGULAR PARA A CONTRATAÇÃO DE TRANSPORTE AÉREO EM VOOS REGULARES DOMÉSTICOS E INTERNACIONAIS, SEM O INTERMÉDIO DE AGÊNCIA DE VIAGENS E TURISMO, COM O INTUITO DE ATENDER OS DESLOCAMENTOS DOS GESTORES E SERVIDORES MUNICIPAIS DA PREFEITURA MUNICIPAL DE PALMAS, COMPREENDENDO COTAÇÃO, RESERVA, INCLUSIVE DE ASSENTO, EMISSÃO, ALTERAÇÃO, REMARCAÇÃO, CONTRATAÇÃO DE DESPACHO DE BAGAGENS, CANCELAMENTO E REEMBOLSO DE PASSAGENS AÉREAS.;;0;;;0;0;0;37168;99;1;;2129;False
licitacoes;001/2024;Pregão Eletrônico;PREGÃO ELETRÔNICO RP;Aberta;SECRETARIA MUNICIPAL DA EDUCAÇÃO;2900;2024-06-14;1;2023069976;2024;;2024-07-03 00:00:00;;;;0.00;0.00;FUTURA CONTRATAÇÃO DE SERVIÇOS CONTINUADOS DE LIMPEZA, CONSERVAÇÃO PREDIAL, ASSEIO, APOIO ADMINISTRATIVO E EDUCACIONAL, COM FORNECIMENTO DE MATERIAIS E EQUIPAMENTOS, PARA ATENDIMENTO DA SEDE ADMINISTRATIVA DA SECRETARIA MUNICIPAL DA EDUCAÇÃO E UNIDADES EDUCACIONAIS, NAS CONDIÇÕES, QUANTITATIVOS E ESPECIFICAÇÕES ESTABELECIDAS NO EDITAL E SEUS ANEXOS.;;0;;;0;0;0;36547;13;1;;2129;False
licitacoes;001/2024;Concorrência para Compras e Serviços;CONCORRÊNCIA;Homologada;FUNDAÇÃO MUNICIPAL DE ESPORTES E LAZER DE PALMAS;1600;2024-06-04;1;2023026648;2024;2024-12-13;2024-06-24 00:00:00;;;;52152.70;52152.70;O OBJETO DA PRESENTE CONCORRÊNCIA É A CONTRATAÇÃO DE EMPRESA ESPECIALIZADA PARA A REFORMA DO GINÁSIO AYRTON SENNA EM PALMAS ? TO;;0;;;0;2,A;0;36965;5;5;;2129;False
licitacoes;001/2024;Pregão Eletrônico;LEILÃO - ELETRONICO;Aberta;SECRETARIA MUNICIPAL DE PLANEJAMENTO E DESENVOLVIMENTO HUMANO;2500;2024-02-27;1;2023048977;2024;;;;;;0.00;0.00;"REALIZAÇÃO DE LEILÃO PÚBLICO PARA ALIENAÇÃO DOS BENS:  VEÍCULOS, MÁQUINAS E MATERIAIS CLASSIFICADOS COMO INSERVÍVEIS AO SERVIÇO PÚBLICO E  CARACTERIZADOS COMO OCIOSOS, ANTIECONÔMICOS E/OU IRRECUPERÁVEIS, PERTENCENTES AO PATRIMÔNIO DA PREFEITURA MUNICIPAL DE PALMAS, SOB GUARDA DA SECRETARIA MUNICIPAL DE PLANEJAMENTO E DESENVOLVIMENTO HUMANO DE ACORDO COM AS COMPETÊNCIAS DISPOSTAS NA  LEI Nº 2.299, DE 30 DE MARÇO DE 2017 E DECRETO Nº 1.216, DE MARÇO DE 2016,  CONFORME ESPECIFICAÇÕES DESCRITAS NOS:  ANEXO I - LISTA DOS LOTES DOS VEÍCULOS, MÁQUINAS E MATERIAIS, CLASSIFICADOS COMO INSERVÍVEIS AO SERVIÇO PÚBLICO; ANEXO II - LISTA DOS LOTES COM FOTOS DOS VEÍCULOS, MÁQUINAS E MATERIAIS, CLASSIFICADOS COMO INSERVÍVEIS AO SERVIÇO PÚBLICO; ANEXO III - LAUDO DE AVALIAÇÃO DOS VEÍCULOS, MÁQUINAS E MATERIAIS, CLASSIFICADOS COMO INSERVÍVEIS AO SERVIÇO PÚBLICO,  ELABORADO PELA  COMISSÃO DE LEVANTAMENTO, CLASSIFICAÇÃO, AVALIAÇÃO E REAVALIAÇÃO PATRIMONIAL, INSTITUÍDA PELA PORTARIA Nº 418/2022, DE 25 DE JULHO DE 2023, CONFORME DISPÕE O DECRETO Nº 1.216, DE 16 DE MARÇO DE 2016,  EM VISTA DA NECESSIDADE DE CONCRETIZAÇÃO DO DESFAZIMENTO DOS REFERIDOS BENS, CONFORME INFORMAÇÕES DECORRENTES DO OFÍCIO INTERNO Nº 054/2021-DGPA/SEPLAD, ORIUNDO DA DIRETORIA DE GESTÃO DO PATRIMÔNIO E ALMOXARIFADO.";;0;;;0;0;0;36393;13;1;;2129;False
licitacoes;<b>Processo </b>2023058478/2024;Adesão à ata de registro de preço ou participação(carona) em Pregão de Outros Órgãos;ADESÃO A REGISTRO DE PREÇOS;Homologada;FUNDO MUNICIPAL DE ASSISTÊNCIA SOCIAL;5800;2024-12-12;;2023058478;2024;2024-12-12;;;;;3104.70;3104.70;MATERIAL DE INFORMÁTICA;;0;;;0;1,C;0;38133;16;5;;2129;False
licitacoes;<b>Processo </b>2023058478/2024;Adesão à ata de registro de preço ou participação(carona) em Pregão de Outros Órgãos;ADESÃO A REGISTRO DE PREÇOS;Homologada;FUNDO MUNICIPAL DE ASSISTÊNCIA SOCIAL;5800;2024-12-12;;2023058478;2024;2024-12-12;;;;;2069.80;2069.80;EQUIPAMENTO DE INFORMÁTICA;;0;;;0;1,C;0;38134;16;5;;2129;False
licitacoes;<b>Processo </b>2023058478/2024;Adesão à ata de registro de preço ou participação(carona) em Pregão de Outros Órgãos;ADESÃO A REGISTRO DE PREÇOS;Homologada;FUNDO MUNICIPAL DE ASSISTÊNCIA SOCIAL;5800;2024-12-12;;2023058478;2024;2024-12-12;;;;;2069.80;2069.80;MATERIAL DE INFORMÁTICA;;0;;;0;1,C;0;38135;16;5;;2129;False
licitacoes;<b>Processo </b>2024023274/2024;Adesão à ata de registro de preço ou participação(carona) em Pregão de Outros Órgãos;ADESÃO A REGISTRO DE PREÇOS;Homologada;CASA CIVIL DO MUNICÍPIO DE PALMAS;9300;2024-11-27;;2024023274;2024;2024-11-27;;;;;465336.37;465336.37;CONTRATAÇÃO DE EMPRESA ESPECIALIZADA EM PRESTAÇÃO DE SERVIÇOS TERCEIRIZADOS DE HIGIENIZAÇÃO, LIMPEZA, COPEIRAGEM E RECEPÇÃO.;;0;;;0;1,C;0;38026;16;5;;2129;False
licitacoes;<b>Processo </b>2024023274/2024;Adesão à ata de registro de preço ou participação(carona) em Pregão de Outros Órgãos;ADESÃO A REGISTRO DE PREÇOS;Homologada;CASA CIVIL DO MUNICÍPIO DE PALMAS;9300;2024-11-27;;2024023274;2024;2024-11-27;;;;;655536.70;655536.70;CONTRATAÇÃO DE EMPRESA ESPECIALIZADA EM PRESTAÇÃO DE SERVIÇOS TERCEIRIZADOS DE HIGIENIZAÇÃO, LIMPEZA, COPEIRAGEM E RECEPÇÃO.;;0;;;0;1,C;0;38027;16;5;;2129;False
licitacoes;<b>Processo </b>2024027987/2024;Adesão à ata de registro de preço ou participação(carona) em Pregão de Outros Órgãos;ADESÃO A REGISTRO DE PREÇOS;Homologada;AGÊNCIA DE TRANSPORTE COLETIVO DE PALMAS;1201;2024-11-13;;2024027987;2024;2024-11-13;;;;;106450.80;106450.80;PRESTAÇÃO  DE  SERVIÇOS  COM  DEDICAÇÃO  EXCLUSIVA  DE  MÃO  DE  OBRA  DE  APOIO ADMINISTRATIVO: RECEPCIONISTA, REFERENTE AO PERÍODO 01 A 31 DE OUTUBRO DE 2024.;;0;;;0;1,C;0;37925;16;5;;2129;False
licitacoes;<b>Processo </b>2023037766/2024;Adesão à ata de registro de preço ou participação(carona) em Pregão de Outros Órgãos;ADESÃO A REGISTRO DE PREÇOS;Homologada;SECRETARIA MUNICIPAL DE COMUNICAÇÃO;5600;2024-11-13;;2023037766;2024;2024-11-13;;;;;748315.50;748315.50;LOCAÇÃO DE ESTRUTURA TEMPORÁRIA PARA EVENTOS;;0;;;0;1,C;0;37928;16;5;;2129;False
licitacoes;<b>Processo </b>2024025035/2024;Adesão à ata de registro de preço ou participação(carona) em Pregão de Outros Órgãos;ADESÃO A REGISTRO DE PREÇOS;Homologada;SECRETARIA MUNICIPAL DE DESENVOLVIMENTO SOCIAL;3700;2024-11-13;;2024025035;2024;2024-11-13;;;;;9006.00;9006.00;CONTRATAÇÃO DE EMPRESA ESPECIALIZADA EM FORNECIMENTO DE CARIMBOS PARA ATENDER AS DEMANDAS DA SEMPSIR;;0;;;0;1,C;0;37930;16;5;;2129;False
licitacoes;<b>Processo </b>2022019990/2024;Adesão à ata de registro de preço ou participação(carona) em Pregão de Outros Órgãos;ADESAO A REG DE PRECOS (EXT);Homologada;FUNDO MUNICIPAL DE SAÚDE;3200;2024-11-07;;2022019990;2024;2024-11-07;;;;;2774.45;2774.45;"LOCAÇÃO DE EQUIPAMENTOS REPROGRÁFICOS
VALOR REFERENTE: JULHO E AGOSTO DE 2024
SAMU";;0;;;0;1,H,C;0;37815;16;5;;2129;False
licitacoes;<b>Processo </b>2022019990/2024;Adesão à ata de registro de preço ou participação(carona) em Pregão de Outros Órgãos;ADESAO A REG DE PRECOS (EXT);Homologada;FUNDO MUNICIPAL DE SAÚDE;3200;2024-11-07;;2022019990;2024;2024-11-07;;;;;11925.20;11925.20;"LOCAÇÃO DE EQUIPAMENTOS REPROGRÁFICOS
VALOR REFERENTE: JULHO E AGOSTO DE 2024
VIGILÂNCIA";;0;;;0;1,H,C;0;37816;16;5;;2129;False
licitacoes;<b>Processo </b>2022019990/2024;Adesão à ata de registro de preço ou participação(carona) em Pregão de Outros Órgãos;ADESAO A REG DE PRECOS (EXT);Homologada;FUNDO MUNICIPAL DE SAÚDE;3200;2024-11-07;;2022019990;2024;2024-11-07;;;;;11836.05;11836.05;"LOCAÇÃO DE EQUIPAMENTOS REPROGRÁFICOS
VALOR REFERENTE: JULHO E AGOSTO DE 2024
CAPS";;0;;;0;1,H,C;0;37818;16;5;;2129;False
licitacoes;<b>Processo </b>2022019990/2024;Adesão à ata de registro de preço ou participação(carona) em Pregão de Outros Órgãos;ADESAO A REG DE PRECOS (EXT);Homologada;FUNDO MUNICIPAL DE SAÚDE;3200;2024-11-07;;2022019990;2024;2024-11-07;;;;;51136.40;51136.40;"LOCAÇÃO DE EQUIPAMENTOS REPROGRÁFICOS
VALOR REFERENTE: JULHO E AGOSTO DE 2024
UPAS";;0;;;0;1,H,C;0;37819;16;5;;2129;False
licitacoes;<b>Processo </b>2022019990/2024;Adesão à ata de registro de preço ou participação(carona) em Pregão de Outros Órgãos;ADESAO A REG DE PRECOS (EXT);Homologada;FUNDO MUNICIPAL DE SAÚDE;3200;2024-11-07;;2022019990;2024;2024-11-07;;;;;24128.58;24128.58;"LOCAÇÃO DE COPIADORA E SERVIÇOS DE REPGROFAFIA
VALOR REFERENTE: SETEMBRO 2024
GESTÃO";;0;;;0;1,H,C;0;37821;16;5;;2129;False
licitacoes;<b>Processo </b>2022019990/2024;Adesão à ata de registro de preço ou participação(carona) em Pregão de Outros Órgãos;ADESAO A REG DE PRECOS (EXT);Homologada;FUNDO MUNICIPAL DE SAÚDE;3200;2024-11-07;;2022019990;2024;2024-11-07;;;;;977.20;977.20;"LOCAÇÃO DE COPIADORA E SERVIÇOS DE REPGROFAFIA
VALOR REFERENTE: SETEMBRO 2024
SAMU";;0;;;0;1,H,C;0;37823;16;5;;2129;False
licitacoes;<b>Processo </b>20221019990/2024;Adesão à ata de registro de preço ou participação(carona) em Pregão de Outros Órgãos;ADESAO A REG DE PRECOS (EXT);Homologada;FUNDO MUNICIPAL DE SAÚDE;3200;2024-11-07;;20221019990;2024;2024-11-07;;;;;5467.15;5467.15;"LOCAÇÃO DE COPIADORA E SERVIÇOS DE REPGROFAFIA
VALOR REFERENTE: SETEMBRO 2024
VIGILÂNCIA";;0;;;0;1,H,C;0;37824;16;5;;2129;False
licitacoes;<b>Processo </b>2022019990/2024;Adesão à ata de registro de preço ou participação(carona) em Pregão de Outros Órgãos;ADESAO A REG DE PRECOS (EXT);Homologada;FUNDO MUNICIPAL DE SAÚDE;3200;2024-11-07;;2022019990;2024;2024-11-07;;;;;7095.75;7095.75;"LOCAÇÃO DE COPIADORA E SERVIÇOS DE REPGROFAFIA
VALOR REFERENTE: SETEMBRO 2024
CAPS";;0;;;0;1,H,C;0;37825;16;5;;2129;False
licitacoes;<b>Processo </b>2022019990/2024;Adesão à ata de registro de preço ou participação(carona) em Pregão de Outros Órgãos;ADESAO A REG DE PRECOS (EXT);Homologada;FUNDO MUNICIPAL DE SAÚDE;3200;2024-11-07;;2022019990;2024;2024-11-07;;;;;36701.55;36701.55;"LOCAÇÃO DE COPIADORA E SERVIÇOS DE REPGROFAFIA
VALOR REFERENTE: SETEMBRO 2024
GESTÃO";;0;;;0;1,H,C;0;37827;16;5;;2129;False
licitacoes;<b>Processo </b>2022035807/2024;Adesão à ata de registro de preço ou participação(carona) em Pregão de Outros Órgãos;ADESAO A REG DE PRECOS (EXT);Homologada;FUNDO MUNICIPAL DE SAÚDE;3200;2024-11-07;;2022035807;2024;2024-11-07;;;;;52000.00;52000.00;"PRESTAÇÃO DE SERVIÇOS DE INTERNET 
REFERENTE: SETEMBRO E OUTUBRO DE 2024 
SEMUS";;0;;;0;1,H,C;0;37832;16;5;;2129;False
licitacoes;<b>Processo </b>2022035801/2024;Adesão à ata de registro de preço ou participação(carona) em Pregão de Outros Órgãos;ADESAO A REG DE PRECOS (EXT);Homologada;FUNDO MUNICIPAL DE SAÚDE;3200;2024-11-07;;2022035801;2024;2024-11-07;;;;;7777.00;7777.00;"PRESTAÇÃO DE SERVIÇOS DE INTRANET 
REFERENTE: SETEMBRO E OUTUBRO DE 2024
GESTÃO";;0;;;0;1,H,C;0;37839;16;5;;2129;False
licitacoes;<b>Processo </b>2022035801/2024;Adesão à ata de registro de preço ou participação(carona) em Pregão de Outros Órgãos;ADESAO A REG DE PRECOS (EXT);Homologada;FUNDO MUNICIPAL DE SAÚDE;3200;2024-11-07;;2022035801;2024;2024-11-07;;;;;6413.88;6413.88;"PRESTAÇÃO DE SERVIÇOS DE INTRANET 
REFERENTE: SETEMBRO E OUTUBRO DE 2024
FESP";;0;;;0;1,H,C;0;37841;16;5;;2129;False
licitacoes;<b>Processo </b>2022035801/2024;Adesão à ata de registro de preço ou participação(carona) em Pregão de Outros Órgãos;ADESAO A REG DE PRECOS (EXT);Homologada;FUNDO MUNICIPAL DE SAÚDE;3200;2024-11-07;;2022035801;2024;2024-11-07;;;;;25655.52;25655.52;"PRESTAÇÃO DE SERVIÇOS DE INTRANET 
REFERENTE: SETEMBRO E OUTUBRO DE 2024
VIGILÂNCIA";;0;;;0;1,H,C;0;37844;16;5;;2129;False
licitacoes;<b>Processo </b>2022035801/2024;Adesão à ata de registro de preço ou participação(carona) em Pregão de Outros Órgãos;ADESAO A REG DE PRECOS (EXT);Homologada;FUNDO MUNICIPAL DE SAÚDE;3200;2024-11-07;;2022035801;2024;2024-11-07;;;;;51606.72;51606.72;"PRESTAÇÃO DE SERVIÇOS DE INTRANET 
REFERENTE: SETEMBRO E OUTUBRO DE 2024
ESPECIALIZADA";;0;;;0;1,H,C;0;37848;16;5;;2129;False
licitacoes;<b>Processo </b>2022035801/2024;Adesão à ata de registro de preço ou participação(carona) em Pregão de Outros Órgãos;ADESAO A REG DE PRECOS (EXT);Homologada;FUNDO MUNICIPAL DE SAÚDE;3200;2024-11-07;;2022035801;2024;2024-11-07;;;;;6413.88;6413.88;"PRESTAÇÃO DE SERVIÇOS DE INTRANET 
REFERENTE: SETEMBRO E OUTUBRO DE 2024
SAMU";;0;;;0;1,H,C;0;37849;16;5;;2129;False
licitacoes;<b>Processo </b>2022035801/2024;Adesão à ata de registro de preço ou participação(carona) em Pregão de Outros Órgãos;ADESAO A REG DE PRECOS (EXT);Homologada;FUNDO MUNICIPAL DE SAÚDE;3200;2024-11-07;;2022035801;2024;2024-11-07;;;;;8848.40;8848.40;"PRESTAÇÃO DE SERVIÇOS DE INTRANET 
REFERENTE: SETEMBRO E OUTUBRO DE 2024
CAPS";;0;;;0;1,H,C;0;37850;16;5;;2129;False
licitacoes;<b>Processo </b>2022035801/2024;Adesão à ata de registro de preço ou participação(carona) em Pregão de Outros Órgãos;ADESAO A REG DE PRECOS (EXT);Homologada;FUNDO MUNICIPAL DE SAÚDE;3200;2024-11-07;;2022035801;2024;2024-11-07;;;;;214556.58;214556.58;"PRESTAÇÃO DE SERVIÇOS DE INTRANET 
REFERENTE: SETEMBRO E OUTUBRO DE 2024
AT. PRIMARIA";;0;;;0;1,H,C;0;37851;16;5;;2129;False
licitacoes;<b>Processo </b>2022035801/2024;Adesão à ata de registro de preço ou participação(carona) em Pregão de Outros Órgãos;ADESAO A REG DE PRECOS (EXT);Homologada;FUNDO MUNICIPAL DE SAÚDE;3200;2024-11-07;;2022035801;2024;2024-11-07;;;;;15554.00;15554.00;"PRESTAÇÃO DE SERVIÇOS DE INTRANET 
REFERENTE: SETEMBRO E OUTUBRO DE 2024
UPAS";;0;;;0;1,H,C;0;37852;16;5;;2129;False
licitacoes;<b>Processo </b>2022019990/2024;Adesão à ata de registro de preço ou participação(carona) em Pregão de Outros Órgãos;ADESAO A REG DE PRECOS (EXT);Homologada;FUNDO MUNICIPAL DE SAÚDE;3200;2024-11-07;;2022019990;2024;2024-11-07;;;;;39260.55;39260.55;"LOCAÇÃO DE COPIADORA E SERVIÇOS DE REPROGRAFIA 
VALOR REFERENTE: SETEMBRO DE 2024
ESPECIALIZADA";;0;;;0;1,H,C;0;37854;16;5;;2129;False
licitacoes;<b>Processo </b>2022019990/2024;Adesão à ata de registro de preço ou participação(carona) em Pregão de Outros Órgãos;ADESAO A REG DE PRECOS (EXT);Homologada;FUNDO MUNICIPAL DE SAÚDE;3200;2024-11-07;;2022019990;2024;2024-11-07;;;;;96802.25;96802.25;"LOCAÇÃO DE COPIADORA E SERVIÇOS DE REPROGRAFIA 
VALOR REFERENTE: SETEMBRO DE 2024
AT. PRIMARIA";;0;;;0;1,H,C;0;37856;16;5;;2129;False
licitacoes;<b>Processo </b>2022019990/2024;Adesão à ata de registro de preço ou participação(carona) em Pregão de Outros Órgãos;ADESAO A REG DE PRECOS (EXT);Homologada;FUNDO MUNICIPAL DE SAÚDE;3200;2024-11-07;;2022019990;2024;2024-11-07;;;;;65431.60;65431.60;"LOCAÇÃO DE COPIADORA E SERVIÇOS DE REPROGRAFIA 
VALOR REFERENTE: JULHO E AGOSTO  DE 2024
ESPECIALIZADA";;0;;;0;1,H,C;0;37857;16;5;;2129;False
licitacoes;<b>Processo </b>2022019990/2024;Adesão à ata de registro de preço ou participação(carona) em Pregão de Outros Órgãos;ADESAO A REG DE PRECOS (EXT);Homologada;FUNDO MUNICIPAL DE SAÚDE;3200;2024-11-07;;2022019990;2024;2024-11-07;;;;;190300.90;190300.90;"LOCAÇÃO DE COPIADORA E SERVIÇOS DE REPROGRAFIA 
VALOR REFERENTE: JULHO E AGOSTO DE 2024
AT. PRIMARIA";;0;;;0;1,H,C;0;37858;16;5;;2129;False
licitacoes;<b>Processo </b>2022019990/2024;Adesão à ata de registro de preço ou participação(carona) em Pregão de Outros Órgãos;ADESAO A REG DE PRECOS (EXT);Homologada;FUNDO MUNICIPAL DE SAÚDE;3200;2024-11-05;;2022019990;2024;2024-11-05;;;;;53814.02;53814.02;"LOCAÇÃO DE COPIADORA E SERVIÇOS DE REPROGRAFIA 
VALOR REFERENTE: JULHO E AGOSTO DE 2024
GESTÃO";;0;;;0;1,H,C;0;37788;16;5;;2129;False
licitacoes;<b>Processo </b>2024027997/2024;Adesão à ata de registro de preço ou participação(carona) em Pregão de Outros Órgãos;ADESÃO A REGISTRO DE PREÇOS;Homologada;SECRETARIA MUNICIPAL DA FAZENDA E TRANSFORMAÇÃO DIGITAL;2700;2024-10-31;;2024027997;2024;2024-10-31;;;;;191850.00;191850.00;AQUISIÇÃO DE MOBILIÁRIOS;;0;;;0;1,C;0;37734;16;5;;2129;False
licitacoes;<b>Processo </b>2024027997/2024;Adesão à ata de registro de preço ou participação(carona) em Pregão de Outros Órgãos;ADESÃO A REGISTRO DE PREÇOS;Homologada;SECRETARIA MUNICIPAL DA FAZENDA E TRANSFORMAÇÃO DIGITAL;2700;2024-10-31;;2024027997;2024;2024-10-31;;;;;105211.80;105211.80;AQUISIÇÃO DE MOBILIÁRIO;;0;;;0;1,C;0;37737;16;5;;2129;False
licitacoes;<b>Processo </b>2024027997/2024;Adesão à ata de registro de preço ou participação(carona) em Pregão de Outros Órgãos;ADESÃO A REGISTRO DE PREÇOS;Homologada;SECRETARIA MUNICIPAL DA FAZENDA E TRANSFORMAÇÃO DIGITAL;2700;2024-10-31;;2024027997;2024;2024-10-31;;;;;66206.16;66206.16;AQUISIÇÃO DE MOBILIÁRIO;;0;;;0;1,C;0;37739;16;5;;2129;False
licitacoes;<b>Processo </b>2024027997/2024;Adesão à ata de registro de preço ou participação(carona) em Pregão de Outros Órgãos;ADESÃO A REGISTRO DE PREÇOS;Homologada;SECRETARIA MUNICIPAL DA FAZENDA E TRANSFORMAÇÃO DIGITAL;2700;2024-10-31;;2024027997;2024;2024-10-31;;;;;29714.40;29714.40;AQUISIÇÃO DE MOBILIÁRIO;;0;;;0;1,C;0;37741;16;5;;2129;False
licitacoes;<b>Processo </b>2024027997/2024;Adesão à ata de registro de preço ou participação(carona) em Pregão de Outros Órgãos;ADESÃO A REGISTRO DE PREÇOS;Homologada;SECRETARIA MUNICIPAL DA FAZENDA E TRANSFORMAÇÃO DIGITAL;2700;2024-10-31;;2024027997;2024;2024-10-31;;;;;7356.24;7356.24;AQUISIÇÃO DE MOBILIÁRIO;;0;;;0;1,C;0;37742;16;5;;2129;False
licitacoes;<b>Processo </b>2024027997/2024;Adesão à ata de registro de preço ou participação(carona) em Pregão de Outros Órgãos;ADESÃO A REGISTRO DE PREÇOS;Homologada;SECRETARIA MUNICIPAL DA FAZENDA E TRANSFORMAÇÃO DIGITAL;2700;2024-10-31;;2024027997;2024;2024-10-31;;;;;11690.20;11690.20;AQUISIÇÃO DE MOBILIÁRIO;;0;;;0;1,C;0;37744;16;5;;2129;False
licitacoes;<b>Processo </b>2024027997/2024;Adesão à ata de registro de preço ou participação(carona) em Pregão de Outros Órgãos;ADESÃO A REGISTRO DE PREÇOS;Homologada;SECRETARIA MUNICIPAL DA FAZENDA E TRANSFORMAÇÃO DIGITAL;2700;2024-10-31;;2024027997;2024;2024-10-31;;;;;1726650.00;1726650.00;AQUISIÇÃO DE MOBILIÁRIO;;0;;;0;1,C;0;37746;16;5;;2129;False
licitacoes;<b>Processo </b>2024027997/2024;Adesão à ata de registro de preço ou participação(carona) em Pregão de Outros Órgãos;ADESÃO A REGISTRO DE PREÇOS;Homologada;SECRETARIA MUNICIPAL DA FAZENDA E TRANSFORMAÇÃO DIGITAL;2700;2024-10-31;;2024027997;2024;2024-10-31;;;;;3301.60;3301.60;AQUISIÇÃO DE MOBILIÁRIO;;0;;;0;1,C;0;37748;16;5;;2129;False
licitacoes;<b>Processo </b>2024024899/2024;Adesão à ata de registro de preço ou participação(carona) em Pregão de Outros Órgãos;ADESAO A REG DE PRECOS (EXT);Homologada;SECRETARIA MUNICIPAL DA EDUCAÇÃO;2900;2024-10-30;;2024024899;2024;2024-10-30;;;;;785750.00;785750.00;AQUISIÇÃO DE MOBILIÁRIO ESCOLAR PARA ATENDER AS NECESSIDADES DAS UNIDADES ESCOLARES DO MUNICÍPIO DE PALMAS, NOS TERMOS DAS ATAS DE REGISTRO DE PREÇOS Nº 526 E 560/2023, PROVENIENTE  DO  PREGÃO  ELETRÔNICO  PARA  REGISTRO  DE  PREÇOS N°  10.170/2023,  DA  AGÊNCIA  DE  MODERNIZAÇÃO  DA  GESTÃO  DE  PROCESSOS , PUBLICADA NO DIÁRIO OFICIAL DO ESTADO DE ALAGOAS, PÁGINAS 49, NO DIA 14 DE AGOSTO DE 2023.;;0;;;0;1,H,C;0;37692;16;5;;2129;False
licitacoes;<b>Processo </b>2024024899/2024;Adesão à ata de registro de preço ou participação(carona) em Pregão de Outros Órgãos;ADESAO A REG DE PRECOS (EXT);Homologada;SECRETARIA MUNICIPAL DA EDUCAÇÃO;2900;2024-10-30;;2024024899;2024;2024-10-30;;;;;218320.00;218320.00;AQUISIÇÃO DE MOBILIÁRIO ESCOLAR PARA ATENDER AS NECESSIDADES DAS UNIDADES ESCOLARES DO MUNICÍPIO DE PALMAS, NOS TERMOS DA ATA DE REGISTRO DE PREÇOS Nº 528/2023, PROVENIENTE DO PREGÃO ELETRÔNICO PARA REGISTRO DE PREÇOS N° 10.170/2023, DA AGÊNCIA DE MODERNIZAÇÃO DA GESTÃO DE PROCESSOS , PUBLICADA NO DIÁRIO OFICIAL DO ESTADO DE ALAGOAS, PÁGINAS 49, NO DIA 14 DE AGOSTO DE 2023.;;0;;;0;1,H,C;0;37706;16;5;;2129;False
licitacoes;<b>Processo </b>2024024899/2024;Adesão à ata de registro de preço ou participação(carona) em Pregão de Outros Órgãos;ADESAO A REG DE PRECOS (EXT);Homologada;SECRETARIA MUNICIPAL DA EDUCAÇÃO;2900;2024-10-30;;2024024899;2024;2024-10-30;;;;;17200.00;17200.00;AQUISIÇÃO DE MOBILIÁRIO ESCOLAR PARA ATENDER AS NECESSIDADES DAS UNIDADES ESCOLARES DO MUNICÍPIO DE PALMAS, NOS TERMOS DAS ATAS DE REGISTRO DE PREÇOS Nº 526 E 560/2023, PROVENIENTE DO PREGÃO ELETRÔNICO PARA REGISTRO DE PREÇOS N° 10.170/2023, DA AGÊNCIA DE MODERNIZAÇÃO DA GESTÃO DE PROCESSOS , PUBLICADA NO DIÁRIO OFICIAL DO ESTADO DE ALAGOAS, PÁGINAS 49, NO DIA 14 DE AGOSTO DE 2023.;;0;;;0;1,H,C;0;37707;16;5;;2129;False
licitacoes;<b>Processo </b>2024025870/2024;Adesão à ata de registro de preço ou participação(carona) em Pregão de Outros Órgãos;ADESAO A REG DE PRECOS (EXT);Homologada;SECRETARIA MUNICIPAL DA EDUCAÇÃO;2900;2024-10-29;;2024025870;2024;2024-10-29;;;;;581241.04;581241.04;FORNECIMENTO DE MATERIAIS E EQUIPAMENTOS PARA ATENDER AS NECESSIDADES DAS UNIDADES EDUCACIONAIS E CENTROS DE EDUCAÇÃO INCLUSIVAS QUE INAUGURARÃO EM 2024, REFERENTE A ADESÃO À ATA DE REGISTRO DE PREÇOS Nº 001/2024, ORIUNDA DO PROCESSO ADMINISTRATIVO Nº 056/2023 - RDC-I, PREGÃO ELETRÔNICO N° 002/2023.;;0;;;0;1,H,C;0;37678;16;5;;2129;False
licitacoes;<b>Processo </b>2020035459/2024;Adesão à ata de registro de preço ou participação(carona) em Pregão de Outros Órgãos;ADESAO A REG DE PRECOS (EXT);Homologada;FUNDO MUNICIPAL DE SAÚDE;3200;2024-10-25;;2020035459;2024;2024-10-25;;;;;18286.04;18286.04;"PRESTAÇÃO DE SERVIÇOS DE TELEFONIA MOVEL 
REF: JAN A JULHO 2024
SEMUS";;0;;;0;1,H,C;0;37607;16;5;;2129;False
licitacoes;<b>Processo </b>2020035459/2024;Adesão à ata de registro de preço ou participação(carona) em Pregão de Outros Órgãos;ADESAO A REG DE PRECOS (EXT);Homologada;FUNDO MUNICIPAL DE SAÚDE;3200;2024-10-25;;2020035459;2024;2024-10-25;;;;;2638.20;2638.20;"PRESTAÇÃO DE SERVIÇOS DE TELEFONIA MÓVEL
REF: 02/06 A 01/07/2024
SEMUS";;0;;;0;1,H,C;0;37611;16;5;;2129;False
licitacoes;<b>Processo </b>2024023254/2024;Adesão à ata de registro de preço ou participação(carona) em Pregão de Outros Órgãos;ADESÃO A REGISTRO DE PREÇOS;Homologada;SECRETARIA MUNICIPAL DE INFRAESTRUTURA E SERVIÇOS PÚBLICOS;3500;2024-10-02;;2024023254;2024;2024-10-02;;;;;983956.47;983956.47;CONTRATAÇÃO DE UMA EMPRESA ESPECIALIZADA NA PRESTAÇÃO DOS SERVIÇOS CONTÍNUOS COM DEDICAÇÃO EXCLUSIVA DE MÃO DE OBRA DE LIMPEZA, CONSERVAÇÃO (ÁREAS INTERNAS E EXTERNAS) E APOIO ADMINISTRATIVO, COM FORNECIMENTO DE MATERIAIS E PRODUTOS DE CONSUMO APROPRIADOS, MÁQUINAS E EQUIPAMENTOS.;;0;;;0;1,C;0;37547;16;5;;2129;False
licitacoes;<b>Processo </b>2024025296/2024;Adesão à ata de registro de preço ou participação(carona) em Pregão de Outros Órgãos;ADESÃO A REGISTRO DE PREÇOS;Homologada;SECRETARIA MUNICIPAL DA EDUCAÇÃO;2900;2024-09-20;;2024025296;2024;2024-09-20;;;;;156658.42;156658.42;AQUISIÇÃO DE MÓVEIS ADMINISTRATIVOS;;0;;;0;1,H,C;0;37511;16;5;;2129;False
licitacoes;<b>Processo </b>2024025296/2024;Adesão à ata de registro de preço ou participação(carona) em Pregão de Outros Órgãos;ADESÃO A REGISTRO DE PREÇOS;Homologada;SECRETARIA MUNICIPAL DA EDUCAÇÃO;2900;2024-09-20;;2024025296;2024;2024-09-20;;;;;597017.91;597017.91;AQUISIÇÃO DE MÓVEIS ADMINISTRATIVOS PARA ATENDER AS NECESSIDADES DAS UNIDADES EDUCACIONAIS E OS 4 (QUATRO) CENTROS DE EDUCAÇÃO INCLUSIVAS QUE INAUGURARÃO EM 2024;;0;;;0;1,H,C;0;37513;16;5;;2129;False
licitacoes;<b>Processo </b>2023037766/2024;Adesão à ata de registro de preço ou participação(carona) em Pregão de Outros Órgãos;ADESÃO A REGISTRO DE PREÇOS;Homologada;SECRETARIA MUNICIPAL DE COMUNICAÇÃO;5600;2024-09-18;;2023037766;2024;2024-09-18;;;;;4999986.20;4999986.20;LOCAÇÃO DE ESTRUTURA TEMPORÁRIA PARA EVENTOS;;0;;;0;1,C;0;37504;16;5;;2129;False
licitacoes;<b>Processo </b>2022035801/2024;Adesão à ata de registro de preço ou participação(carona) em Pregão de Outros Órgãos;ADESAO A REG DE PRECOS (EXT);Homologada;FUNDO MUNICIPAL DE SAÚDE;3200;2024-09-02;;2022035801;2024;2024-09-02;;;;;6413.88;6413.88;"PRESTAÇÃO DE SERVIÇOS DE INTRANET 
REFERENTE: JULHO E AGOSTO DE 2024
FESP";;0;;;0;1,H,C;0;37411;16;5;;2129;False
licitacoes;<b>Processo </b>2022035801/2024;Adesão à ata de registro de preço ou participação(carona) em Pregão de Outros Órgãos;ADESAO A REG DE PRECOS (EXT);Homologada;FUNDO MUNICIPAL DE SAÚDE;3200;2024-09-02;;2022035801;2024;2024-09-02;;;;;214556.58;214556.58;"PRESTAÇÃO DE SERVIÇOS DE INTRANET 
REFERENTE: JULHO E AGOSTO DE 2024
AT. PRIMARIA";;0;;;0;1,H,C;0;37414;16;5;;2129;False
licitacoes;<b>Processo </b>2022035807/2024;Adesão à ata de registro de preço ou participação(carona) em Pregão de Outros Órgãos;ADESAO A REG DE PRECOS (EXT);Homologada;FUNDO MUNICIPAL DE SAÚDE;3200;2024-09-02;;2022035807;2024;2024-09-02;;;;;52000.00;52000.00;"PRESTAÇÃO DE SERVIÇOS DE INTERNET 
REFERENTE: JULHO E AGOSTO DE 2024";;0;;;0;1,H,C;0;37416;16;5;;2129;False
licitacoes;<b>Processo </b>2023051261/2024;Adesão à ata de registro de preço ou participação(carona) em Pregão de Outros Órgãos;ADESÃO A REGISTRO DE PREÇOS;Homologada;AGÊNCIA DE TRANSPORTE COLETIVO DE PALMAS;1201;2024-09-02;;2023051261;2024;2024-09-02;;;;;95920.00;95920.00;ADESÃO A ATA DE REGISTRO DE PREÇO N° 026/2023 - PREGÃO ELETRÔNICO N° 088/2022 DO MUNICÍPIO DE PALMAS, PUBLICADA NO DIÁRIO OFICIAL DE PALMAS N° 3.250 DE 28 DE JULHO DE 2023, AQUISIÇÃO DE EQUIPAMENTOS DE INFORMÁTICA PARA ATENDER A ATCP.;;0;;;0;1,C;0;37419;16;5;;2129;False
licitacoes;<b>Processo </b>2022035801/2024;Adesão à ata de registro de preço ou participação(carona) em Pregão de Outros Órgãos;ADESAO A REG DE PRECOS (EXT);Homologada;FUNDO MUNICIPAL DE SAÚDE;3200;2024-08-30;;2022035801;2024;2024-08-30;;;;;51606.72;51606.72;"PRESTAÇÃO DE SERVIÇOS DE INTRANET 
REFERENTE: JULHO E AGOSTO DE 2024
ESPECIALIZADA";;0;;;0;1,H,C;0;37399;16;5;;2129;False
licitacoes;<b>Processo </b>2022035801/2024;Adesão à ata de registro de preço ou participação(carona) em Pregão de Outros Órgãos;ADESAO A REG DE PRECOS (EXT);Homologada;FUNDO MUNICIPAL DE SAÚDE;3200;2024-08-30;;2022035801;2024;2024-08-30;;;;;7777.00;7777.00;"PRESTAÇÃO DE SERVIÇOS DE INTRANET 
REFERENTE: JULHO E AGOSTO DE 2024
ESPECIALIZADA";;0;;;0;1,H,C;0;37401;16;5;;2129;False
licitacoes;<b>Processo </b>2022035801/2024;Adesão à ata de registro de preço ou participação(carona) em Pregão de Outros Órgãos;ADESAO A REG DE PRECOS (EXT);Homologada;FUNDO MUNICIPAL DE SAÚDE;3200;2024-08-30;;2022035801;2024;2024-08-30;;;;;6413.88;6413.88;"PRESTAÇÃO DE SERVIÇOS DE INTRANET 
REFERENTE: JULHO E AGOSTO DE 2024
SAMU";;0;;;0;1,H,C;0;37402;16;5;;2129;False
licitacoes;<b>Processo </b>2022035801/2024;Adesão à ata de registro de preço ou participação(carona) em Pregão de Outros Órgãos;ADESAO A REG DE PRECOS (EXT);Homologada;FUNDO MUNICIPAL DE SAÚDE;3200;2024-08-30;;2022035801;2024;2024-08-30;;;;;25655.52;25655.52;"PRESTAÇÃO DE SERVIÇOS DE INTRANET 
REFERENTE: JULHO E AGOSTO DE 2024
VIGILÂNCIA";;0;;;0;1,H,C;0;37403;16;5;;2129;False
licitacoes;<b>Processo </b>2022035801/2024;Adesão à ata de registro de preço ou participação(carona) em Pregão de Outros Órgãos;ADESAO A REG DE PRECOS (EXT);Homologada;FUNDO MUNICIPAL DE SAÚDE;3200;2024-08-30;;2022035801;2024;2024-08-30;;;;;8848.40;8848.40;"PRESTAÇÃO DE SERVIÇOS DE INTRANET 
REFERENTE: JULHO E AGOSTO DE 2024
CAPS";;0;;;0;1,H,C;0;37404;16;5;;2129;False
licitacoes;<b>Processo </b>2022035801/2024;Adesão à ata de registro de preço ou participação(carona) em Pregão de Outros Órgãos;ADESAO A REG DE PRECOS (EXT);Homologada;FUNDO MUNICIPAL DE SAÚDE;3200;2024-08-30;;2022035801;2024;2024-08-30;;;;;15554.00;15554.00;"PRESTAÇÃO DE SERVIÇOS DE INTRANET 
REFERENTE: JULHO E AGOSTO DE 2024
UPAS";;0;;;0;1,H,C;0;37405;16;5;;2129;False
licitacoes;<b>Processo </b>2024025870/2024;Adesão à ata de registro de preço ou participação(carona) em Pregão de Outros Órgãos;ADESÃO A REGISTRO DE PREÇOS;Homologada;SECRETARIA MUNICIPAL DA EDUCAÇÃO;2900;2024-08-22;;2024025870;2024;2024-08-22;;;;;582544.24;581241.04;"FORNECIMENTO DE MATERIAIS E EQUIPAMENTOS PARA ATENDER AS NECESSIDADES UNIDADES EDUCACIONAIS E CENTROS DE
EDUCAÇÃO INCLUSIVAS QUE INAUGURARÃO EM 2024.";;0;;;0;1,H,C;0;37371;16;5;;2129;False
licitacoes;<b>Processo </b>2024027052/2024;Adesão à ata de registro de preço ou participação(carona) em Pregão de Outros Órgãos;ADESÃO A REGISTRO DE PREÇOS;Homologada;SECRETARIA MUNICIPAL DE SEGURANCA E MOBILIDADE URBANA;1200;2024-08-15;;2024027052;2024;2024-08-15;;;;;40500.00;40500.00;CONTRATAÇÃO DE EMPRESA PARA FORNECIMENTO DE REFEIÇÃO ALMOÇO/JANTA TIPO MARMITEX.;;0;;;0;1,C;0;37344;16;5;;2129;False
licitacoes;<b>Processo </b>2024026850/2024;Adesão à ata de registro de preço ou participação(carona) em Pregão de Outros Órgãos;ADESÃO A REGISTRO DE PREÇOS;Homologada;SECRETARIA MUNICIPAL DE GOVERNO E RELAÇÕES INSTITUCIONAIS;7900;2024-08-13;;2024026850;2024;2024-08-13;;;;;282000.00;282000.00;SECRETARIA MUNICIPAL DE GOVERNO E RELAÇÕES INSTITUCIONAIS;;0;;;0;1,C;0;37334;16;5;;2129;False
licitacoes;<b>Processo </b>2024026171/2024;Adesão à ata de registro de preço ou participação(carona) em Pregão de Outros Órgãos;ADESÃO A REGISTRO DE PREÇOS;Homologada;FUNDAÇÃO CULTURAL DE PALMAS;7100;2024-08-13;;2024026171;2024;2024-08-13;;;;;858208.86;858208.86;CONTRATAÇÃO DE EMPRESA ESPECILAIZADA NA PRESTAÇÃO DE SERVIÇOS DE LIMPEZA, COPEIRAGEM E RECEPÇÃO.;;0;;;0;1,C;0;37335;16;5;;2129;False
licitacoes;<b>Processo </b>2022019990/2024;Adesão à ata de registro de preço ou participação(carona) em Pregão de Outros Órgãos;ADESAO A REG DE PRECOS (EXT);Homologada;FUNDO MUNICIPAL DE SAÚDE;3200;2024-08-09;;2022019990;2024;2024-08-09;;;;;191429.35;191429.35;"LOCAÇÃO DE COPIADORA E SERVIÇOS DE REPROGRAFIA 
VALOR REFERENTE ABRIL E MAIO DE 2024
AT. PRIMARIA";;0;;;0;1,H,C;0;37327;16;5;;2129;False
licitacoes;<b>Processo </b>2022019990/2024;Adesão à ata de registro de preço ou participação(carona) em Pregão de Outros Órgãos;ADESAO A REG DE PRECOS (EXT);Homologada;FUNDO MUNICIPAL DE SAÚDE;3200;2024-08-08;;2022019990;2024;2024-08-08;;;;;59409.00;59409.00;"LOCAÇÃO DE COPIADORA E SERVIÇOS DE REPROGRAFIA 
VALOR REFERENTE: ABRIL E MAIO DE 2024 
ESPECIALIZADA";;0;;;0;1,H,C;0;37310;16;5;;2129;False
licitacoes;<b>Processo </b>2022019990/2024;Adesão à ata de registro de preço ou participação(carona) em Pregão de Outros Órgãos;ADESAO A REG DE PRECOS (EXT);Homologada;FUNDO MUNICIPAL DE SAÚDE;3200;2024-08-08;;2022019990;2024;2024-08-08;;;;;50093.61;50093.61;"LOCAÇÃO DE COPIADORA E SERVIÇOS DE REPROGRAFIA 
VALOR REFERENTE: ABRIL E MAIO DE 2024 
GESTÃO";;0;;;0;1,H,C;0;37312;16;5;;2129;False
licitacoes;<b>Processo </b>2022019990/2024;Adesão à ata de registro de preço ou participação(carona) em Pregão de Outros Órgãos;ADESAO A REG DE PRECOS (EXT);Homologada;FUNDO MUNICIPAL DE SAÚDE;3200;2024-08-08;;2022019990;2024;2024-08-08;;;;;3276.80;3276.80;"LOCAÇÃO DE COPIADORA E SERVIÇOS DE REPROGRAFIA 
VALOR REFERENTE: ABRIL E MAIO DE 2024 
SAMU";;0;;;0;1,H,C;0;37314;16;5;;2129;False
licitacoes;<b>Processo </b>2022019990/2024;Adesão à ata de registro de preço ou participação(carona) em Pregão de Outros Órgãos;ADESAO A REG DE PRECOS (EXT);Homologada;FUNDO MUNICIPAL DE SAÚDE;3200;2024-08-08;;2022019990;2024;2024-08-08;;;;;12978.05;12978.05;"LOCAÇÃO DE COPIADORA E SERVIÇOS DE REPROGRAFIA 
VALOR REFERENTE: ABRIL E MAIO DE 2024 
VIGILÂNCIA";;0;;;0;1,H,C;0;37315;16;5;;2129;False
licitacoes;<b>Processo </b>2022019990/2024;Adesão à ata de registro de preço ou participação(carona) em Pregão de Outros Órgãos;ADESAO A REG DE PRECOS (EXT);Homologada;FUNDO MUNICIPAL DE SAÚDE;3200;2024-08-08;;2022019990;2024;2024-08-08;;;;;12146.85;12146.85;"LOCAÇÃO DE COPIADORA E SERVIÇOS DE REPROGRAFIA 
VALOR REFERENTE: ABRIL E MAIO DE 2024 
CAPS";;0;;;0;1,H,C;0;37316;16;5;;2129;False
licitacoes;<b>Processo </b>2022019990/2024;Adesão à ata de registro de preço ou participação(carona) em Pregão de Outros Órgãos;ADESAO A REG DE PRECOS (EXT);Homologada;FUNDO MUNICIPAL DE SAÚDE;3200;2024-08-08;;2022019990;2024;2024-08-08;;;;;64048.75;64048.75;"LOCAÇÃO DE COPIADORA E SERVIÇOS DE REPROGRAFIA 
VALOR REFERENTE: ABRIL E MAIO DE 2024 
UPAS";;0;;;0;1,H,C;0;37317;16;5;;2129;False
licitacoes;<b>Processo </b>2022019990/2024;Adesão à ata de registro de preço ou participação(carona) em Pregão de Outros Órgãos;ADESAO A REG DE PRECOS (EXT);Homologada;FUNDO MUNICIPAL DE SAÚDE;3200;2024-08-08;;2022019990;2024;2024-08-08;;;;;30755.90;30755.90;"LOCAÇÃO DE COPIADORA E SERVIÇOS DE REPROGRAFIA 
VALOR REFERENTE: JUNHO DE 2024 
ESPECIALIZADA";;0;;;0;1,H,C;0;37318;16;5;;2129;False
licitacoes;<b>Processo </b>2022019990/2024;Adesão à ata de registro de preço ou participação(carona) em Pregão de Outros Órgãos;ADESAO A REG DE PRECOS (EXT);Homologada;FUNDO MUNICIPAL DE SAÚDE;3200;2024-08-08;;2022019990;2024;2024-08-08;;;;;24089.24;24089.24;"LOCAÇÃO DE COPIADORA E SERVIÇOS DE REPROGRAFIA 
VALOR REFERENTE: JUNHO DE 2024 
GESTÃO";;0;;;0;1,H,C;0;37319;16;5;;2129;False
licitacoes;<b>Processo </b>2022019990/2024;Adesão à ata de registro de preço ou participação(carona) em Pregão de Outros Órgãos;ADESAO A REG DE PRECOS (EXT);Homologada;FUNDO MUNICIPAL DE SAÚDE;3200;2024-08-08;;2022019990;2024;2024-08-08;;;;;1653.55;1653.55;"LOCAÇÃO DE COPIADORA E SERVIÇOS DE REPROGRAFIA 
VALOR REFERENTE: JUNHO DE 2024 
SAMU";;0;;;0;1,H,C;0;37320;16;5;;2129;False
licitacoes;<b>Processo </b>2022019990/2024;Adesão à ata de registro de preço ou participação(carona) em Pregão de Outros Órgãos;ADESAO A REG DE PRECOS (EXT);Homologada;FUNDO MUNICIPAL DE SAÚDE;3200;2024-08-08;;2022019990;2024;2024-08-08;;;;;5727.70;5727.70;"LOCAÇÃO DE COPIADORA E SERVIÇOS DE REPROGRAFIA 
VALOR REFERENTE: JUNHO DE 2024 
VIGILÂNCIA";;0;;;0;1,H,C;0;37321;16;5;;2129;False
licitacoes;<b>Processo </b>2022019990/2024;Adesão à ata de registro de preço ou participação(carona) em Pregão de Outros Órgãos;ADESAO A REG DE PRECOS (EXT);Homologada;FUNDO MUNICIPAL DE SAÚDE;3200;2024-08-08;;2022019990;2024;2024-08-08;;;;;6086.55;6086.55;"LOCAÇÃO DE COPIADORA E SERVIÇOS DE REPROGRAFIA 
VALOR REFERENTE: JUNHO DE 2024 
CAPS";;0;;;0;1,H,C;0;37322;16;5;;2129;False
licitacoes;<b>Processo </b>2022019990/2024;Adesão à ata de registro de preço ou participação(carona) em Pregão de Outros Órgãos;ADESAO A REG DE PRECOS (EXT);Homologada;FUNDO MUNICIPAL DE SAÚDE;3200;2024-08-08;;2022019990;2024;2024-08-08;;;;;90545.25;90545.25;"LOCAÇÃO DE COPIADORA E SERVIÇOS DE REPROGRAFIA 
VALOR REFERENTE: JUNHO DE 2024 
AT. PRIMARIA";;0;;;0;1,H,C;0;37323;16;5;;2129;False
licitacoes;<b>Processo </b>2022019990/2024;Adesão à ata de registro de preço ou participação(carona) em Pregão de Outros Órgãos;ADESAO A REG DE PRECOS (EXT);Homologada;FUNDO MUNICIPAL DE SAÚDE;3200;2024-08-08;;2022019990;2024;2024-08-08;;;;;37317.95;37317.95;"LOCAÇÃO DE EQUIPAMENTOS E SERVIÇOS  DE REPROGRAFIA 
VALOR REFERENTE: JUNHO DE 2024 
UPAS";;0;;;0;1,H,C;0;37324;16;5;;2129;False
licitacoes;<b>Processo </b>2024026090/2024;Adesão à ata de registro de preço ou participação(carona) em Pregão de Outros Órgãos;ADESÃO A REGISTRO DE PREÇOS;Homologada;AGÊNCIA MUNICIPAL DE TURISMO;1400;2024-08-06;;2024026090;2024;2024-08-06;;;;;282000.00;282000.00;CONTRATAÇÃO DE EMPRESA ESPECIALIZADA EM FORNECIMENTO DE REFEIÇÕES TIPO LANCHE, ALMOÇO/JANTA TIPO BUFFET, MARMITEX E SERVIÇOS DE COFFEE BREAK.;;0;;;0;1,C;0;37304;16;5;;2129;False
licitacoes;<b>Processo </b>2024026850/2024;Adesão à ata de registro de preço ou participação(carona) em Pregão de Outros Órgãos;ADESÃO A REGISTRO DE PREÇOS;Homologada;SECRETARIA MUNICIPAL DE GOVERNO E RELAÇÕES INSTITUCIONAIS;7900;2024-08-02;;2024026850;2024;2024-08-02;;;;;282000.00;282000.00;CONTRATAÇÃO DE EMPRESA ESPECIALIZADA PARA FORNECIMENTO DE REFEIÇÕES TIPO LANCHE, ALMOÇO/JANTA TIPO BUFFET, MARMITEX E SERVIÇOS DE COFFEE BREAK.;;0;;;0;1,C;0;37297;16;5;;2129;False
licitacoes;<b>Processo </b>2024024899/2024;Adesão à ata de registro de preço ou participação(carona) em Pregão de Outros Órgãos;ADESÃO A REGISTRO DE PREÇOS;Homologada;SECRETARIA MUNICIPAL DA EDUCAÇÃO;2900;2024-07-31;;2024024899;2024;2024-07-31;;;;;737120.00;737120.00;AQUISIÇÃO DE MOBILIÁRIO ESCOLAR PARA ATENDER AS NECESSIDADES  DAS  UNIDADES  ESCOLARES  DO  MUNICÍPIO  DE  PALMAS,  NOS  TERMOS  DA  ATA  DE  REGISTRO  DE  PREÇOS  Nº  528/2023,  PROVENIENTE  DO  PREGÃO  ELETRÔNICO  PARA  REGISTRO  DE  PREÇOS  N°  10.170/2023,  DA  AGÊNCIA  DE  MODERNIZAÇÃO  DA  GESTÃO  DE  PROCESSOS ? PUBLICADA NO DIÁRIO OFICIAL DO ESTADO DE ALAGOAS, PÁGINAS 49, NO DIA 14 DE AGOSTO DE 2023.;;0;;;0;1,H,C;0;37287;16;5;;2129;False
licitacoes;<b>Processo </b>2024024899/2024;Adesão à ata de registro de preço ou participação(carona) em Pregão de Outros Órgãos;ADESAO A REG DE PRECOS (EXT);Homologada;SECRETARIA MUNICIPAL DA EDUCAÇÃO;2900;2024-07-30;;2024024899;2024;2024-07-30;;;;;3032304.00;3032304.00;AQUISIÇÃO DE MOBILIÁRIO ESCOLAR PARA ATENDER AS NECESSIDADES DAS UNIDADES EDUCACIONAIS DA REDE MUNICIPAL DE PALMAS.;;0;;;0;1,H,C;0;37200;16;5;;2129;False
licitacoes;<b>Processo </b>2024024538/2024;Adesão à ata de registro de preço ou participação(carona) em Pregão de Outros Órgãos;ADESAO A REG DE PRECOS (EXT);Homologada;INSTITUTO MUNICIPAL DE PLANEJAMENTO URBANO DE PALMAS;5200;2024-07-30;;2024024538;2024;2024-07-30;;;;;818820.00;818820.00;"AQUISIÇÃO DE LICENÇA PARA UTILIZAÇÃO DE SOFTWARE AUTODESK (ARCHITECTURE, 
ENGINEERING  AND  CONSTRUCTION)  E  TREINAMENTO  PRESENCIAL.";;0;;;0;1,H,C;0;37283;16;5;;2129;False
licitacoes;<b>Processo </b>2024024499/2024;Adesão à ata de registro de preço ou participação(carona) em Pregão de Outros Órgãos;ADESÃO A REGISTRO DE PREÇOS;Homologada;SECRETARIA MUNICIPAL DE DESENVOLVIMENTO URBANO E SERVIÇOS REGIONAIS;9400;2024-07-26;;2024024499;2024;2024-07-26;;;;;675940.00;675940.00;ADESÃO A ATA DE REGISTRO DE PREÇO DO PREGÃO ELETRÔNICO N°492/2023, AQUISIÇÃO DE LICENÇA PARA UTILIZAÇÃO DE SOFTWARE AUTODESK (ARCHITECTURE, ENGINEERING AND CONSTRUCTION) E TREINAMENTO PRESENCIA;;0;;;0;1,C;0;37274;16;5;;2129;False
licitacoes;<b>Processo </b>2022035801/2024;Adesão à ata de registro de preço ou participação(carona) em Pregão de Outros Órgãos;ADESAO A REG DE PRECOS (EXT);Homologada;FUNDO MUNICIPAL DE SAÚDE;3200;2024-07-12;;2022035801;2024;2024-07-12;;;;;25655.52;25655.52;"PRESTAÇÃO DE SERVIÇOS DE INTRANET 
REF: MAIO E JUNHO DE 2024
VIGILÂNCIA";;0;;;0;1,H,C;0;37199;16;5;;2129;False
licitacoes;<b>Processo </b>2024026264/2024;Adesão à ata de registro de preço ou participação(carona) em Pregão de Outros Órgãos;ADESÃO A REGISTRO DE PREÇOS;Homologada;SECRETARIA MUNICIPAL DE DESENVOLVIMENTO ECONÔMICO E EMPREGO;2600;2024-07-12;;2024026264;2024;2024-07-12;;;;;171000.00;171000.00;COFFEE BREAK;;0;;;0;1,B,C;0;37203;16;5;;2129;False
licitacoes;<b>Processo </b>2022035801/2024;Adesão à ata de registro de preço ou participação(carona) em Pregão de Outros Órgãos;ADESAO A REG DE PRECOS (EXT);Homologada;FUNDO MUNICIPAL DE SAÚDE;3200;2024-07-09;;2022035801;2024;2024-07-09;;;;;51606.72;51606.72;"PRESTAÇÃO DE SERVIÇOS DE INTRANET 
REF: MAIO E JUNHO DE 2024 
ESPECIALIZADA";;0;;;0;1,H,C;0;37189;16;5;;2129;False
licitacoes;<b>Processo </b>2022035801/2024;Adesão à ata de registro de preço ou participação(carona) em Pregão de Outros Órgãos;ADESAO A REG DE PRECOS (EXT);Homologada;FUNDO MUNICIPAL DE SAÚDE;3200;2024-07-09;;2022035801;2024;2024-07-09;;;;;7777.00;7777.00;"PRESTAÇÃO DE SERVIÇOS DE INTRANET 
REF: MAIO E JUNHO DE 2024 
GESTÃO";;0;;;0;1,H,C;0;37190;16;5;;2129;False
licitacoes;<b>Processo </b>2022035801/2024;Adesão à ata de registro de preço ou participação(carona) em Pregão de Outros Órgãos;ADESAO A REG DE PRECOS (EXT);Homologada;FUNDO MUNICIPAL DE SAÚDE;3200;2024-07-09;;2022035801;2024;2024-07-09;;;;;6413.88;6413.88;"PRESTAÇÃO DE SERVIÇOS DE INTRANET 
REF: MAIO E JUNHO DE 2024 
FESP";;0;;;0;1,H,C;0;37191;16;5;;2129;False
licitacoes;<b>Processo </b>2022035801/2024;Adesão à ata de registro de preço ou participação(carona) em Pregão de Outros Órgãos;ADESAO A REG DE PRECOS (EXT);Homologada;FUNDO MUNICIPAL DE SAÚDE;3200;2024-07-09;;2022035801;2024;2024-07-09;;;;;6413.88;6413.88;"PRESTAÇÃO DE SERVIÇOS DE INTRANET 
REF: MAIO E JUNHO DE 2024 
SAMU";;0;;;0;1,H,C;0;37192;16;5;;2129;False
licitacoes;<b>Processo </b>2022035801/2024;Adesão à ata de registro de preço ou participação(carona) em Pregão de Outros Órgãos;ADESAO A REG DE PRECOS (EXT);Homologada;FUNDO MUNICIPAL DE SAÚDE;3200;2024-07-09;;2022035801;2024;2024-07-09;;;;;8848.40;8848.40;"PRESTAÇÃO DE SERVIÇOS DE INTRANET 
REF: MAIO E JUNHO DE 2024 
CAPS";;0;;;0;1,H,C;0;37193;16;5;;2129;False
licitacoes;<b>Processo </b>2022035801/2024;Adesão à ata de registro de preço ou participação(carona) em Pregão de Outros Órgãos;ADESAO A REG DE PRECOS (EXT);Homologada;FUNDO MUNICIPAL DE SAÚDE;3200;2024-07-09;;2022035801;2024;2024-07-09;;;;;214556.58;214556.58;"PRESTAÇÃO DE SERVIÇOS DE INTRANET
REF: MAIO E JUNHO DE 2024 
AT. PRIMÁRIA";;0;;;0;1,H,C;0;37194;16;5;;2129;False
licitacoes;<b>Processo </b>2022035801/2024;Adesão à ata de registro de preço ou participação(carona) em Pregão de Outros Órgãos;ADESAO A REG DE PRECOS (EXT);Homologada;FUNDO MUNICIPAL DE SAÚDE;3200;2024-07-09;;2022035801;2024;2024-07-09;;;;;15554.00;15554.00;"PRESTAÇÃO DE SERVIÇOS DE INTRANET
REF: MAIO E JUNHO DE 2024 
UPAS";;0;;;0;1,H,C;0;37195;16;5;;2129;False
licitacoes;<b>Processo </b>2022035807/2024;Adesão à ata de registro de preço ou participação(carona) em Pregão de Outros Órgãos;ADESAO A REG DE PRECOS (EXT);Homologada;FUNDO MUNICIPAL DE SAÚDE;3200;2024-07-09;;2022035807;2024;2024-07-09;;;;;52000.00;52000.00;"PRESTAÇÃO DE SERVIÇOS DE INTERNET
REF: MAIO E JUNHO DE 2024
SEMUS";;0;;;0;1,H,C;0;37196;16;5;;2129;False
licitacoes;<b>Processo </b>2024018446/2024;Adesão à ata de registro de preço ou participação(carona) em Pregão de Outros Órgãos;ADESÃO A REGISTRO DE PREÇOS;Homologada;AGENCIA DE REGULACAO, CONTROLE E FISCALIZACAO DE SERVICOS PUBLICOS DE PALMAS;9100;2024-06-28;;2024018446;2024;2024-06-28;;;;;185615.01;185615.01;CONTRATAÇÃO DE EMPRESA ESPECIALIZADA NA PRESTAÇÃO DE SERVIÇOS DE LIMPEZA, COPEIRAGEM E RECEPÇÃO;;0;;;0;1,C;0;37152;16;5;;2129;False
licitacoes;<b>Processo </b>2024018446/2024;Adesão à ata de registro de preço ou participação(carona) em Pregão de Outros Órgãos;ADESÃO A REGISTRO DE PREÇOS;Homologada;SECRETARIA MUNICIPAL DE DESENVOLVIMENTO URBANO E SERVIÇOS REGIONAIS;9400;2024-06-28;;2024018446;2024;2024-06-28;;;;;418123.51;418123.51;CONTRATAÇÃO DE EMPRESA ESPECIALIZADA NA PRESTAÇÃO DE SERVIÇOS DE LIMPEZA, COPEIRAGEM E RECEPÇÃO;;0;;;0;1,C;0;37154;16;5;;2129;False
licitacoes;<b>Processo </b>2024018446/2024;Adesão à ata de registro de preço ou participação(carona) em Pregão de Outros Órgãos;ADESÃO A REGISTRO DE PREÇOS;Homologada;SECRETARIA MUNICIPAL DE DESENVOLVIMENTO URBANO E SERVIÇOS REGIONAIS;9400;2024-06-28;;2024018446;2024;2024-06-28;;;;;146920.06;146920.06;CONTRATAÇÃO DE EMPRESA ESPECIALIZADA NA PRESTAÇÃO DE SERVIÇOS DE LIMPEZA, COPEIRAGEM E RECEPÇÃO;;0;;;0;1,C;0;37156;16;5;;2129;False
licitacoes;<b>Processo </b>2023058478/2024;Adesão à ata de registro de preço ou participação(carona) em Pregão de Outros Órgãos;ADESÃO A REGISTRO DE PREÇOS;Homologada;FUNDO MUNICIPAL DE ASSISTÊNCIA SOCIAL;5800;2024-06-26;;2023058478;2024;2024-06-26;;;;;381560.00;381560.00;AQUISIÇÃO DE MATERIAL DE INFORMÁTICA;;0;;;0;1,C;0;37129;16;5;;2129;False
licitacoes;<b>Processo </b>2023058478/2024;Adesão à ata de registro de preço ou participação(carona) em Pregão de Outros Órgãos;ADESÃO A REGISTRO DE PREÇOS;Homologada;FUNDO MUNICIPAL DE ASSISTÊNCIA SOCIAL;5800;2024-06-26;;2023058478;2024;2024-06-26;;;;;71992.00;71992.00;AQUISIÇÃO DE MATERIAL DE INFORMÁTICA;;0;;;0;1,C;0;37130;16;5;;2129;False
licitacoes;<b>Processo </b>2023058478/2024;Adesão à ata de registro de preço ou participação(carona) em Pregão de Outros Órgãos;ADESÃO A REGISTRO DE PREÇOS;Homologada;FUNDO MUNICIPAL DE ASSISTÊNCIA SOCIAL;5800;2024-06-26;;2023058478;2024;2024-06-26;;;;;251972.00;251972.00;AQUISIÇÃO DE MATERIAL DE INFORMÁTICA;;0;;;0;1,C;0;37131;16;5;;2129;False
licitacoes;<b>Processo </b>2023058478/2024;Adesão à ata de registro de preço ou participação(carona) em Pregão de Outros Órgãos;ADESÃO A REGISTRO DE PREÇOS;Homologada;FUNDO MUNICIPAL DE ASSISTÊNCIA SOCIAL;5800;2024-06-26;;2023058478;2024;2024-06-26;;;;;54000.00;54000.00;AQUISIÇÃO DE MATERIAL DE INFORMÁTICA;;0;;;0;1,C;0;37132;16;5;;2129;False
licitacoes;<b>Processo </b>2023058478/2024;Adesão à ata de registro de preço ou participação(carona) em Pregão de Outros Órgãos;ADESÃO A REGISTRO DE PREÇOS;Homologada;FUNDO MUNICIPAL DE ASSISTÊNCIA SOCIAL;5800;2024-06-26;;2023058478;2024;2024-06-26;;;;;43500.00;43500.00;AQUISIÇÃO DE MATERIAL DE INFORMÁTICA;;0;;;0;1,C;0;37133;16;5;;2129;False
licitacoes;<b>Processo </b>2024018446/2024;Adesão à ata de registro de preço ou participação(carona) em Pregão de Outros Órgãos;ADESÃO A REGISTRO DE PREÇOS;Homologada;INSTITUTO 20 DE MAIO DE ENSINO, CIÊNCIA E TECNOLOGIA DO MUNICÍPIO DE PALMAS;8500;2024-06-26;;2024018446;2024;2024-06-26;;;;;224309.96;224309.96;CONTRATAÇÃO DE EMPRESA ESPECIALIZADA NA PRESTAÇÃO DE SERVIÇOS DE LIMPEZA, COPEIRAGEM E RECEPÇÃO;;0;;;0;1,C;0;37135;16;5;;2129;False
licitacoes;<b>Processo </b>2023058478/2024;Adesão à ata de registro de preço ou participação(carona) em Pregão de Outros Órgãos;ADESÃO A REGISTRO DE PREÇOS;Homologada;FUNDO MUNICIPAL DE ASSISTÊNCIA SOCIAL;5800;2024-06-26;;2023058478;2024;2024-06-26;;;;;43500.00;43500.00;INFORMÁTICA;;0;;;0;1,C;0;37137;16;5;;2129;False
licitacoes;<b>Processo </b>2024018446/2024;Adesão à ata de registro de preço ou participação(carona) em Pregão de Outros Órgãos;ADESÃO A REGISTRO DE PREÇOS;Homologada;FUNDAÇÃO MUNICIPAL DA JUVENTUDE DE PALMAS;8900;2024-06-26;;2024018446;2024;2024-06-26;;;;;224309.96;224309.96;CONTRATAÇÃO DE EMPRESA ESPECIALIZADA NA PRESTAÇÃO DE SERVIÇOS DE LIMPEZA, COPEIRAGEM E RECEPÇÃO;;0;;;0;1,C;0;37139;16;5;;2129;False
licitacoes;<b>Processo </b>2023058478/2024;Adesão à ata de registro de preço ou participação(carona) em Pregão de Outros Órgãos;ADESÃO A REGISTRO DE PREÇOS;Homologada;FUNDO MUNICIPAL DE ASSISTÊNCIA SOCIAL;5800;2024-06-25;;2023058478;2024;2024-06-25;;;;;323249.90;323249.90;AQUISIÇÃO DE MATERIAL DE INFORMÁTICA;;0;;;0;1,C;0;37124;16;5;;2129;False
licitacoes;<b>Processo </b>2024018446/2024;Adesão à ata de registro de preço ou participação(carona) em Pregão de Outros Órgãos;ADESÃO A REGISTRO DE PREÇOS;Homologada;SECRETARIA MUNICIPAL DE GOVERNO E RELAÇÕES INSTITUCIONAIS;7900;2024-06-25;;2024018446;2024;2024-06-25;;;;;188828.15;188828.15;CONTRATAÇÃO DE EMPRESA ESPECIALIZADA NA PRESTAÇÃO DE SERVIÇOS DE LIMPEZA, COPEIRAGEM E RECEPÇÃO;;0;;;0;1,C;0;37126;16;5;;2129;False
licitacoes;<b>Processo </b>2024018446/2024;Adesão à ata de registro de preço ou participação(carona) em Pregão de Outros Órgãos;ADESÃO A REGISTRO DE PREÇOS;Homologada;SECRETARIA MUNICIPAL DE PARCERIAS E INVESTIMENTOS;8000;2024-06-25;;2024018446;2024;2024-06-25;;;;;146920.06;146920.06;CONTRATAÇÃO DE EMPRESA ESPECIALIZADA NA PRESTAÇÃO DE SERVIÇOS DE LIMPEZA, COPEIRAGEM E RECEPÇÃO;;0;;;0;1,C;0;37128;16;5;;2129;False
licitacoes;<b>Processo </b>2024018446/2024;Adesão à ata de registro de preço ou participação(carona) em Pregão de Outros Órgãos;ADESÃO A REGISTRO DE PREÇOS;Homologada;SECRETARIA MUNICIPAL DE DESENVOLVIMENTO RURAL;3300;2024-06-24;;2024018446;2024;2024-06-24;;;;;261232.65;261232.65;CONTRATAÇÃO DE EMPRESA ESPECIALIZADA NA PRESTAÇÃO DE SERVIÇOS DE LIMPEZA, COPEIRAGEM E RECEPÇÃO;;0;;;0;1,C;0;37115;16;5;;2129;False
licitacoes;<b>Processo </b>2024018446/2024;Adesão à ata de registro de preço ou participação(carona) em Pregão de Outros Órgãos;ADESÃO A REGISTRO DE PREÇOS;Homologada;INSTITUTO MUNICIPAL DE PLANEJAMENTO URBANO DE PALMAS;5200;2024-06-24;;2024018446;2024;2024-06-24;;;;;146920.06;146920.06;CONTRATAÇÃO DE EMPRESA ESPECIALIZADA NA PRESTAÇÃO DE SERVIÇOS DE LIMPEZA, COPEIRAGEM E RECEPÇÃO;;0;;;0;1,C;0;37116;16;5;;2129;False
licitacoes;<b>Processo </b>2024018446/2024;Adesão à ata de registro de preço ou participação(carona) em Pregão de Outros Órgãos;ADESÃO A REGISTRO DE PREÇOS;Homologada;SECRETARIA MUNICIPAL DE COMUNICAÇÃO;5600;2024-06-24;;2024018446;2024;2024-06-24;;;;;258019.51;258019.51;CONTRATAÇÃO DE EMPRESA ESPECIALIZADA NA PRESTAÇÃO DE SERVIÇOS DE LIMPEZA, COPEIRAGEM E RECEPÇÃO;;0;;;0;1,C;0;37117;16;5;;2129;False
licitacoes;<b>Processo </b>2024024479/2024;Adesão à ata de registro de preço ou participação(carona) em Pregão de Outros Órgãos;ADESÃO A REGISTRO DE PREÇOS;Homologada;SECRETARIA MUNICIPAL DA HABITAÇÃO;9200;2024-06-19;;2024024479;2024;2024-06-19;;;;;130500.00;130500.00;FORNECIMENTO DE REFEIÇÕES TIPO LANCHE, ALMOÇO/JANTA TIPO BUFFET, MARMITEX E SERVIÇOS DE COFFEE BREAK.;;0;;;0;1,C;0;37088;16;5;;2129;False
licitacoes;<b>Processo </b>2024025956/2024;Adesão à ata de registro de preço ou participação(carona) em Pregão de Outros Órgãos;ADESAO A REG DE PRECOS (EXT);Homologada;FUNDAÇÃO CULTURAL DE PALMAS;7100;2024-06-19;;2024025956;2024;2024-06-19;;;;;233521.00;233521.00;CONTRATAÇÃO DE SHOW PIROTÉCNICO.;;0;;;0;1,H,B,C;0;37089;16;5;;2129;False
licitacoes;<b>Processo </b>2024018446/2024;Adesão à ata de registro de preço ou participação(carona) em Pregão de Outros Órgãos;ADESÃO A REGISTRO DE PREÇOS;Homologada;SECRETARIA MUNICIPAL DA MULHER;9902;2024-06-19;;2024018446;2024;2024-06-19;;;;;567917.91;567917.91;CONTRATAÇÃO DE EMPRESA ESPECIALIZADA NA PRESTAÇÃO DE SERVIÇOS DE LIMPEZA, COPEIRAGEM E RECEPÇÃO;;0;;;0;1,C;0;37090;16;5;;2129;False
licitacoes;<b>Processo </b>2024018446/2024;Adesão à ata de registro de preço ou participação(carona) em Pregão de Outros Órgãos;ADESÃO A REGISTRO DE PREÇOS;Homologada;PROCURADORIA GERAL DO MUNICÍPIO DE PALMAS;2300;2024-06-19;;2024018446;2024;2024-06-19;;;;;371903.91;371903.91;CONTRATAÇÃO DE EMPRESA ESPECIALIZADA NA PRESTAÇÃO DE SERVIÇOS DE LIMPEZA, COPEIRAGEM E RECEPÇÃO;;0;;;0;1,C;0;37096;16;5;;2129;False
licitacoes;<b>Processo </b>2024018446/2024;Adesão à ata de registro de preço ou participação(carona) em Pregão de Outros Órgãos;ADESÃO A REGISTRO DE PREÇOS;Homologada;SECRETARIA MUNICIPAL DE PLANEJAMENTO E DESENVOLVIMENTO HUMANO;2500;2024-06-19;;2024018446;2024;2024-06-19;;;;;372577.80;372577.80;CONTRATAÇÃO DE EMPRESA ESPECIALIZADA NA PRESTAÇÃO DE SERVIÇOS DE LIMPEZA, COPEIRAGEM E RECEPÇÃO;;0;;;0;1,C;0;37104;16;5;;2129;False
licitacoes;<b>Processo </b>2024018446/2024;Adesão à ata de registro de preço ou participação(carona) em Pregão de Outros Órgãos;ADESÃO A REGISTRO DE PREÇOS;Homologada;AGÊNCIA MUNICIPAL DE TURISMO;1400;2024-06-18;;2024018446;2024;2024-06-18;;;;;800087.61;800087.61;CONTRATAÇÃO DE EMPRESA ESPECIALIZADA NA PRESTAÇÃO DE SERVIÇOS DE LIMPEZA, COPEIRAGEM E RECEPÇÃO;;0;;;0;1,C;0;37082;16;5;;2129;False
licitacoes;<b>Processo </b>2024018446/2024;Adesão à ata de registro de preço ou participação(carona) em Pregão de Outros Órgãos;ADESÃO A REGISTRO DE PREÇOS;Homologada;FUNDAÇÃO MUNICIPAL DE ESPORTES E LAZER DE PALMAS;1600;2024-06-18;;2024018446;2024;2024-06-18;;;;;185615.01;185615.01;CONTRATAÇÃO DE EMPRESA ESPECIALIZADA NA PRESTAÇÃO DE SERVIÇOS DE LIMPEZA, COPEIRAGEM E RECEPÇÃO;;0;;;0;1,C;0;37084;16;5;;2129;False
licitacoes;<b>Processo </b>2024019667/2024;Adesão à ata de registro de preço ou participação(carona) em Pregão de Outros Órgãos;ADESÃO A REGISTRO DE PREÇOS;Homologada;SECRETARIA MUNICIPAL DE DESENVOLVIMENTO ECONÔMICO E EMPREGO;2600;2024-06-14;;2024019667;2024;2024-06-14;;;;;696509.10;696509.10;CONTRATAÇÃO DE EMPRESA ESPECIALIZADA NA PRESTAÇÃO DE SERVIÇOS DE LIMPEZA, COPEIRAGEM E RECEPÇÃO.;;0;;;0;1,B,C;0;37040;16;5;;2129;False
licitacoes;<b>Processo </b>2024019667/2024;Adesão à ata de registro de preço ou participação(carona) em Pregão de Outros Órgãos;ADESÃO A REGISTRO DE PREÇOS;Homologada;SECRETARIA MUNICIPAL DE DESENVOLVIMENTO ECONÔMICO E EMPREGO;2600;2024-06-14;;2024019667;2024;2024-06-14;;;;;835248.82;835248.82;CONTRATAÇÃO DE EMPRESA ESPECIALIZADA NA PRESTAÇÃO DE SERVIÇOS DE LIMPEZA, COPEIRAGEM E RECEPÇÃO.;;0;;;0;1,B,C;0;37062;16;5;;2129;False
licitacoes;<b>Processo </b>2024018446/2024;Adesão à ata de registro de preço ou participação(carona) em Pregão de Outros Órgãos;ADESÃO A REGISTRO DE PREÇOS;Homologada;CONTROLADORIA-GERAL DO MUNICÍPIO;9908;2024-06-12;;2024018446;2024;2024-06-12;;;;;148357.23;148357.23;CONTRATAÇÃO DE EMPRESA ESPECIALIZADA NA PRESTAÇÃO DE SERVIÇOS DE LIMPEZA, COPEIRAGEM E RECEPÇÃO.;;0;;;0;1,C;0;37045;16;5;;2129;False
licitacoes;<b>Processo </b>2024018446/2024;Adesão à ata de registro de preço ou participação(carona) em Pregão de Outros Órgãos;ADESÃO A REGISTRO DE PREÇOS;Homologada;AGÊNCIA DE TRANSPORTE COLETIVO DE PALMAS;1201;2024-06-12;;2024018446;2024;2024-06-12;;;;;1099676.41;1099676.41;CONTRATAÇÃO DE EMPRESA ESPECIALIZADA NA PRESTAÇÃO DE SERVIÇOS DE LIMPEZA, COPEIRAGEM E RECEPÇÃO.;;0;;;0;1,C;0;37049;16;5;;2129;False
licitacoes;<b>Processo </b>2024024806/2024;Adesão à ata de registro de preço ou participação(carona) em Pregão de Outros Órgãos;ADESÃO A REGISTRO DE PREÇOS;Homologada;SECRETARIA MUNICIPAL DE INFRAESTRUTURA E SERVIÇOS PÚBLICOS;3500;2024-06-06;;2024024806;2024;2024-06-06;;;;;374380.00;374380.00;AQUISIÇÃO DE COMPUTADORES.;;0;;;0;1,C;0;37030;16;5;;2129;False
licitacoes;<b>Processo </b>2023058428/2024;Adesão à ata de registro de preço ou participação(carona) em Pregão de Outros Órgãos;ADESÃO A REGISTRO DE PREÇOS;Homologada;FUNDO MUNICIPAL DE ASSISTÊNCIA SOCIAL;5800;2024-06-03;;2023058428;2024;2024-06-03;;;;;12469.59;12469.59;ADESÃO PARA AQUISIÇÃO DE MATERIAIS DE INFORMÁTICA;;0;;;0;1,C;0;37009;16;5;;2129;False
licitacoes;<b>Processo </b>2024022956/2024;Adesão à ata de registro de preço ou participação(carona) em Pregão de Outros Órgãos;ADESÃO A REGISTRO DE PREÇOS;Homologada;SECRETARIA MUNICIPAL DA FAZENDA E TRANSFORMAÇÃO DIGITAL;2700;2024-05-29;;2024022956;2024;2024-05-29;;;;;679937.30;679937.30;CONTRATAÇÃO DE EMPRESA ESPECIALIZADA NA PRESTAÇÃO DOS SERVIÇOS DE MÃO DE OBRA DE LIMPEZA, CONSERVAÇÃO E APOIO ADMINISTRATIVO.;;0;;;0;1,C;0;37000;16;5;;2129;False
licitacoes;<b>Processo </b>2023035822/2024;Adesão à ata de registro de preço ou participação(carona) em Pregão de Outros Órgãos;ADESAO A REG DE PRECOS (EXT);Homologada;SECRETARIA MUNICIPAL DE INFRAESTRUTURA E SERVIÇOS PÚBLICOS;3500;2024-05-27;;2023035822;2024;2024-05-27;;;;;5452362.63;5452362.63;MANUTENÇÃO, ADEQUAÇÃO E REPAROS EM ILUMINAÇÃO PÚBLICA DE PALMAS-TO.;;0;;;0;1,H,C;0;36987;16;5;;2129;False
licitacoes;<b>Processo </b>2023035822/2024;Adesão à ata de registro de preço ou participação(carona) em Pregão de Outros Órgãos;ADESAO A REG DE PRECOS (EXT);Homologada;SECRETARIA MUNICIPAL DE INFRAESTRUTURA E SERVIÇOS PÚBLICOS;3500;2024-05-27;;2023035822;2024;2024-05-27;;;;;838697.01;838697.01;MANUTENÇÃO, ADEQUAÇÃO E REPAROS EM ILUMINAÇÃO PÚBLICA DE PALMAS-TO.;;0;;;0;1,H,C;0;36988;16;5;;2129;False
licitacoes;<b>Processo </b>2023066207/2024;Adesão à ata de registro de preço ou participação(carona) em Pregão de Outros Órgãos;ADESAO A REG DE PRECOS (EXT);Homologada;SECRETARIA MUNICIPAL DA EDUCAÇÃO;2900;2024-05-23;;2023066207;2024;2024-05-23;;;;;1554510.00;1554510.00;AQUISIÇÃO DE MÓVEIS ESCOLARES.;;0;;;0;1,H,C;0;36975;16;5;;2129;False
licitacoes;<b>Processo </b>2024018446/2024;Adesão à ata de registro de preço ou participação(carona) em Pregão de Outros Órgãos;ADESÃO A REGISTRO DE PREÇOS;Homologada;SECRETARIA MUNICIPAL DE PLANEJAMENTO E DESENVOLVIMENTO HUMANO;2500;2024-05-14;;2024018446;2024;2024-05-14;;;;;433408.50;433408.50;CONTRATAÇÃO DE EMPRESA ESPECIALIZADA NA PRESTAÇÃO DOS SERVIÇOS CONTÍNUOS COM DEDICAÇÃO EXCLUSIVA DE MÃO DE OBRA DE LIMPEZA, CONSERVAÇÃO E APOIO ADMINISTRATIVO.;;0;;;0;1,C;0;36958;16;5;;2129;False
licitacoes;<b>Processo </b>2024023274/2024;Adesão à ata de registro de preço ou participação(carona) em Pregão de Outros Órgãos;ADESÃO A REGISTRO DE PREÇOS;Homologada;CASA CIVIL DO MUNICÍPIO DE PALMAS;9300;2024-05-09;;2024023274;2024;2024-05-09;;;;;2100474.81;2100474.81;CONTRATAÇÃO DE EMPRESA ESPECIALIZADA NA PRESTAÇÃO DOS SERVIÇOS DE MÃO DE OBRA DE LIMPEZA, CONSERVAÇÃO E APOIO ADMINISTRATIVO.;;0;;;0;1,C;0;36941;16;5;;2129;False
licitacoes;<b>Processo </b>2023062216/2024;Adesão à ata de registro de preço ou participação(carona) em Pregão de Outros Órgãos;ADESÃO A REGISTRO DE PREÇOS;Homologada;SECRETARIA MUNICIPAL DA FAZENDA E TRANSFORMAÇÃO DIGITAL;2700;2024-05-09;;2023062216;2024;2024-05-09;;;;;81316.00;81316.00;ADESÃO DE ATA DE REGISTRO DE PREÇOS - FORNECIMENTO DE REFEIÇÃO.;;0;;;0;1,C;0;36945;16;5;;2129;False
licitacoes;<b>Processo </b>2024018446/2024;Adesão à ata de registro de preço ou participação(carona) em Pregão de Outros Órgãos;ADESÃO A REGISTRO DE PREÇOS;Aberta;SECRETARIA DO GABINETE DO PREFEITO;9909;2024-05-08;;2024018446;2024;;;;;;0.00;0.00;CONTRATAÇÃO DE EMPRESA ESPECIALIZADA NA PRESTAÇÃO DOS SERVIÇOS CONTÍNUOS COM DEDICAÇÃO EXCLUSIVA DE MÃO DE OBRA DE LIMPEZA, CONSERVAÇÃO E APOIO ADMINISTRATIVO.;;0;;;0;1,C;0;36896;16;1;;2129;False
licitacoes;<b>Processo </b>2024018446/2024;Adesão à ata de registro de preço ou participação(carona) em Pregão de Outros Órgãos;ADESÃO A REGISTRO DE PREÇOS;Homologada;SECRETARIA MUNICIPAL DA MULHER;9902;2024-05-08;;2024018446;2024;2024-05-08;;;;;709969.41;709969.41;CONTRATAÇÃO DE EMPRESA ESPECIALIZADA NA PRESTAÇÃO DOS SERVIÇOS CONTÍNUOS COM DEDICAÇÃO EXCLUSIVA DE MÃO DE OBRA DE LIMPEZA, CONSERVAÇÃO E APOIO ADMINISTRATIVO.;;0;;;0;1,C;0;36897;16;5;;2129;False
licitacoes;<b>Processo </b>2024018446/2024;Adesão à ata de registro de preço ou participação(carona) em Pregão de Outros Órgãos;ADESÃO A REGISTRO DE PREÇOS;Homologada;AGÊNCIA DE TRANSPORTE COLETIVO DE PALMAS;1201;2024-05-03;;2024018446;2024;2024-05-03;;;;;227245.23;1384305.03;CONTRATAÇÃO DE EMPRESA ESPECIALIZADA NA PRESTAÇÃO DOS SERVIÇOS CONTÍNUOS COM DEDICAÇÃO EXCLUSIVA DE MÃO DE OBRA DE LIMPEZA, CONSERVAÇÃO E APOIO ADMINISTRATIVO.;;0;;;0;1,C;0;36875;16;5;;2129;False
licitacoes;<b>Processo </b>2024018446/2024;Adesão à ata de registro de preço ou participação(carona) em Pregão de Outros Órgãos;ADESÃO A REGISTRO DE PREÇOS;Homologada;CONTROLADORIA-GERAL DO MUNICÍPIO;9908;2024-05-03;;2024018446;2024;2024-05-03;;;;;43340.85;188897.22;CONTRATAÇÃO DE EMPRESA ESPECIALIZADA NA PRESTAÇÃO DOS SERVIÇOS CONTÍNUOS COM DEDICAÇÃO EXCLUSIVA DE MÃO DE OBRA DE LIMPEZA, CONSERVAÇÃO E APOIO ADMINISTRATIVO.;;0;;;0;1,C;0;36876;16;5;;2129;False
licitacoes;<b>Processo </b>2024018446/2024;Adesão à ata de registro de preço ou participação(carona) em Pregão de Outros Órgãos;ADESÃO A REGISTRO DE PREÇOS;Homologada;AGÊNCIA MUNICIPAL DE TURISMO;1400;2024-05-03;;2024018446;2024;2024-05-03;;;;;997386.57;997386.57;CONTRATAÇÃO DE EMPRESA ESPECIALIZADA NA PRESTAÇÃO DOS SERVIÇOS CONTÍNUOS COM DEDICAÇÃO EXCLUSIVA DE MÃO DE OBRA DE LIMPEZA, CONSERVAÇÃO E APOIO ADMINISTRATIVO.;;0;;;0;1,C;0;36877;16;5;;2129;False
licitacoes;<b>Processo </b>2024018446/2024;Adesão à ata de registro de preço ou participação(carona) em Pregão de Outros Órgãos;ADESÃO A REGISTRO DE PREÇOS;Homologada;FUNDAÇÃO MUNICIPAL DE ESPORTES E LAZER DE PALMAS;1600;2024-05-03;;2024018446;2024;2024-05-03;;;;;86681.70;232238.07;CONTRATAÇÃO DE EMPRESA ESPECIALIZADA NA PRESTAÇÃO DOS SERVIÇOS CONTÍNUOS COM DEDICAÇÃO EXCLUSIVA DE MÃO DE OBRA DE LIMPEZA, CONSERVAÇÃO E APOIO ADMINISTRATIVO.;;0;;;0;1,C;0;36878;16;5;;2129;False
licitacoes;<b>Processo </b>2024018446/2024;Adesão à ata de registro de preço ou participação(carona) em Pregão de Outros Órgãos;ADESÃO A REGISTRO DE PREÇOS;Homologada;PROCURADORIA GERAL DO MUNICÍPIO DE PALMAS;2300;2024-05-03;;2024018446;2024;2024-05-03;;;;;303385.95;448942.32;CONTRATAÇÃO DE EMPRESA ESPECIALIZADA NA PRESTAÇÃO DOS SERVIÇOS CONTÍNUOS COM DEDICAÇÃO EXCLUSIVA DE MÃO DE OBRA DE LIMPEZA, CONSERVAÇÃO E APOIO ADMINISTRATIVO.;;0;;;0;1,C;0;36883;16;5;;2129;False
licitacoes;<b>Processo </b>2024018446/2024;Adesão à ata de registro de preço ou participação(carona) em Pregão de Outros Órgãos;ADESÃO A REGISTRO DE PREÇOS;Homologada;SECRETARIA MUNICIPAL DE PLANEJAMENTO E DESENVOLVIMENTO HUMANO;2500;2024-05-03;;2024018446;2024;2024-05-03;;;;;433408.50;433408.50;CONTRATAÇÃO DE EMPRESA ESPECIALIZADA NA PRESTAÇÃO DOS SERVIÇOS CONTÍNUOS COM DEDICAÇÃO EXCLUSIVA DE MÃO DE OBRA DE LIMPEZA, CONSERVAÇÃO E APOIO ADMINISTRATIVO.;;0;;;0;1,C;0;36898;16;5;;2129;False
licitacoes;<b>Processo </b>2024018446/2024;Adesão à ata de registro de preço ou participação(carona) em Pregão de Outros Órgãos;ADESÃO A REGISTRO DE PREÇOS;Homologada;SECRETARIA MUNICIPAL DE DESENVOLVIMENTO RURAL;3300;2024-05-03;;2024018446;2024;2024-05-03;;;;;335870.55;335870.55;CONTRATAÇÃO DE EMPRESA ESPECIALIZADA NA PRESTAÇÃO DOS SERVIÇOS CONTÍNUOS COM DEDICAÇÃO EXCLUSIVA DE MÃO DE OBRA DE LIMPEZA, CONSERVAÇÃO E APOIO ADMINISTRATIVO.;;0;;;0;1,C;0;36899;16;5;;2129;False
licitacoes;<b>Processo </b>2024018446/2024;Adesão à ata de registro de preço ou participação(carona) em Pregão de Outros Órgãos;ADESÃO A REGISTRO DE PREÇOS;Homologada;INSTITUTO MUNICIPAL DE PLANEJAMENTO URBANO DE PALMAS;5200;2024-05-03;;2024018446;2024;2024-05-03;;;;;184335.21;184335.21;CONTRATAÇÃO DE EMPRESA ESPECIALIZADA NA PRESTAÇÃO DOS SERVIÇOS CONTÍNUOS COM DEDICAÇÃO EXCLUSIVA DE MÃO DE OBRA DE LIMPEZA, CONSERVAÇÃO E APOIO ADMINISTRATIVO.;;0;;;0;1,C;0;36900;16;5;;2129;False
licitacoes;<b>Processo </b>2024018446/2024;Adesão à ata de registro de preço ou participação(carona) em Pregão de Outros Órgãos;ADESÃO A REGISTRO DE PREÇOS;Homologada;SECRETARIA MUNICIPAL DE COMUNICAÇÃO;5600;2024-05-03;;2024018446;2024;2024-05-03;;;;;329891.58;329891.58;CONTRATAÇÃO DE EMPRESA ESPECIALIZADA NA PRESTAÇÃO DOS SERVIÇOS CONTÍNUOS COM DEDICAÇÃO EXCLUSIVA DE MÃO DE OBRA DE LIMPEZA, CONSERVAÇÃO E APOIO ADMINISTRATIVO.;;0;;;0;1,C;0;36901;16;5;;2129;False
licitacoes;<b>Processo </b>2024018446/2024;Adesão à ata de registro de preço ou participação(carona) em Pregão de Outros Órgãos;ADESÃO A REGISTRO DE PREÇOS;Homologada;SECRETARIA MUNICIPAL DE GOVERNO E RELAÇÕES INSTITUCIONAIS;7900;2024-05-03;;2024018446;2024;2024-05-03;;;;;238217.04;238217.04;CONTRATAÇÃO DE EMPRESA ESPECIALIZADA NA PRESTAÇÃO DOS SERVIÇOS CONTÍNUOS COM DEDICAÇÃO EXCLUSIVA DE MÃO DE OBRA DE LIMPEZA, CONSERVAÇÃO E APOIO ADMINISTRATIVO.;;0;;;0;1,C;0;36902;16;5;;2129;False
licitacoes;<b>Processo </b>2024018446/2024;Adesão à ata de registro de preço ou participação(carona) em Pregão de Outros Órgãos;ADESÃO A REGISTRO DE PREÇOS;Homologada;SECRETARIA MUNICIPAL DE PARCERIAS E INVESTIMENTOS;8000;2024-05-03;;2024018446;2024;2024-05-03;;;;;184335.21;184335.21;CONTRATAÇÃO DE EMPRESA ESPECIALIZADA NA PRESTAÇÃO DOS SERVIÇOS CONTÍNUOS COM DEDICAÇÃO EXCLUSIVA DE MÃO DE OBRA DE LIMPEZA, CONSERVAÇÃO E APOIO ADMINISTRATIVO.;;0;;;0;1,C;0;36903;16;5;;2129;False
licitacoes;<b>Processo </b>2024018446/2024;Adesão à ata de registro de preço ou participação(carona) em Pregão de Outros Órgãos;ADESÃO A REGISTRO DE PREÇOS;Homologada;INSTITUTO 20 DE MAIO DE ENSINO, CIÊNCIA E TECNOLOGIA DO MUNICÍPIO DE PALMAS;8500;2024-05-03;;2024018446;2024;2024-05-03;;;;;280140.93;280140.93;CONTRATAÇÃO DE EMPRESA ESPECIALIZADA NA PRESTAÇÃO DOS SERVIÇOS CONTÍNUOS COM DEDICAÇÃO EXCLUSIVA DE MÃO DE OBRA DE LIMPEZA, CONSERVAÇÃO E APOIO ADMINISTRATIVO.;;0;;;0;1,C;0;36905;16;5;;2129;False
licitacoes;<b>Processo </b>2024018446/2024;Adesão à ata de registro de preço ou participação(carona) em Pregão de Outros Órgãos;ADESÃO A REGISTRO DE PREÇOS;Homologada;FUNDAÇÃO MUNICIPAL DA JUVENTUDE DE PALMAS;8900;2024-05-03;;2024018446;2024;2024-05-03;;;;;280140.93;280140.93;CONTRATAÇÃO DE EMPRESA ESPECIALIZADA NA PRESTAÇÃO DOS SERVIÇOS CONTÍNUOS COM DEDICAÇÃO EXCLUSIVA DE MÃO DE OBRA DE LIMPEZA, CONSERVAÇÃO E APOIO ADMINISTRATIVO.;;0;;;0;1,C;0;36906;16;5;;2129;False
licitacoes;<b>Processo </b>2024018446/2024;Adesão à ata de registro de preço ou participação(carona) em Pregão de Outros Órgãos;ADESÃO A REGISTRO DE PREÇOS;Homologada;AGENCIA DE REGULACAO, CONTROLE E FISCALIZACAO DE SERVICOS PUBLICOS DE PALMAS;9100;2024-05-03;;2024018446;2024;2024-05-03;;;;;232238.07;232238.07;CONTRATAÇÃO DE EMPRESA ESPECIALIZADA NA PRESTAÇÃO DOS SERVIÇOS CONTÍNUOS COM DEDICAÇÃO EXCLUSIVA DE MÃO DE OBRA DE LIMPEZA, CONSERVAÇÃO E APOIO ADMINISTRATIVO.;;0;;;0;1,C;0;36907;16;5;;2129;False
licitacoes;<b>Processo </b>2024018446/2024;Adesão à ata de registro de preço ou participação(carona) em Pregão de Outros Órgãos;ADESÃO A REGISTRO DE PREÇOS;Homologada;SECRETARIA MUNICIPAL DE DESENVOLVIMENTO URBANO E SERVIÇOS REGIONAIS;9400;2024-05-03;;2024018446;2024;2024-05-03;;;;;466759.53;516510.18;CONTRATAÇÃO DE EMPRESA ESPECIALIZADA NA PRESTAÇÃO DOS SERVIÇOS CONTÍNUOS COM DEDICAÇÃO EXCLUSIVA DE MÃO DE OBRA DE LIMPEZA, CONSERVAÇÃO E APOIO ADMINISTRATIVO.;;0;;;0;1,C;0;36908;16;5;;2129;False
licitacoes;<b>Processo </b>2024018446/2024;Adesão à ata de registro de preço ou participação(carona) em Pregão de Outros Órgãos;ADESÃO A REGISTRO DE PREÇOS;Homologada;AGÊNCIA DE TECNOLOGIA DA INFORMAÇÃO DO  MUNICÍPIO  DE  PALMAS;9600;2024-05-03;;2024018446;2024;2024-05-03;;;;;184335.21;184335.21;CONTRATAÇÃO DE EMPRESA ESPECIALIZADA NA PRESTAÇÃO DOS SERVIÇOS CONTÍNUOS COM DEDICAÇÃO EXCLUSIVA DE MÃO DE OBRA DE LIMPEZA, CONSERVAÇÃO E APOIO ADMINISTRATIVO.;;0;;;0;1,C;0;36909;16;5;;2129;False
licitacoes;<b>Processo </b>2023013615/2024;Adesão à ata de registro de preço ou participação(carona) em Pregão de Outros Órgãos;ADESAO A REG DE PRECOS (EXT);Homologada;FUNDO MUNICIPAL DE ASSISTÊNCIA SOCIAL;5800;2024-04-23;;2023013615;2024;2024-04-23;;;;;700651.44;700651.44;AQUISIÇÃO DE GENEROS ALIMENTICIOS PERECIVEIS E NÃO PERECIVEIS.;;0;;;0;1,H,C;0;36844;16;5;;2129;False
licitacoes;<b>Processo </b>2023058478/2024;Adesão à ata de registro de preço ou participação(carona) em Pregão de Outros Órgãos;ADESAO A REG DE PREÇOS  (INT);Homologada;FUNDO MUNICIPAL DE ASSISTÊNCIA SOCIAL;5800;2024-04-16;;2023058478;2024;2024-04-16;;;;;58519.90;58519.90;AQUISIÇÃO DE EQUIPAMENTOS DE INFORMÁTICA;;0;;;0;1,H,C;0;36778;16;5;;2129;False
licitacoes;<b>Processo </b>2023058478/2024;Adesão à ata de registro de preço ou participação(carona) em Pregão de Outros Órgãos;ADESAO A REG DE PREÇOS  (INT);Homologada;SECRETARIA MUNICIPAL DE DESENVOLVIMENTO SOCIAL;3700;2024-04-16;;2023058478;2024;2024-04-16;;;;;10800.00;10800.00;INFORMÁTICA;;0;;;0;1,H,C;0;36779;16;5;;2129;False
licitacoes;<b>Processo </b>2023058478/2024;Adesão à ata de registro de preço ou participação(carona) em Pregão de Outros Órgãos;ADESAO A REG DE PREÇOS  (INT);Homologada;FUNDO MUNICIPAL DE ASSISTÊNCIA SOCIAL;5800;2024-04-16;;2023058478;2024;2024-04-16;;;;;345.00;345.00;INFORMÁTICA;;0;;;0;1,H,C;0;36780;16;5;;2129;False
licitacoes;<b>Processo </b>2023058478/2024;Adesão à ata de registro de preço ou participação(carona) em Pregão de Outros Órgãos;ADESAO A REG DE PREÇOS  (INT);Homologada;SECRETARIA MUNICIPAL DE DESENVOLVIMENTO SOCIAL;3700;2024-04-15;;2023058478;2024;2024-04-15;;;;;964415.39;964415.39;AQUISIÇÃO DE EQUIPAMENTOS DE INFORMÁTICA;;0;;;0;1,H,C;0;36762;16;5;;2129;False
licitacoes;<b>Processo </b>2023058428/2024;Adesão à ata de registro de preço ou participação(carona) em Pregão de Outros Órgãos;ADESAO A REG DE PREÇOS  (INT);Homologada;FUNDO MUNICIPAL DE ASSISTÊNCIA SOCIAL;5800;2024-04-12;;2023058428;2024;2024-04-12;;;;;380241.80;380241.80;ADESÃO PARA AQUISIÇÃO DE MATERIAIS DE INFORMÁTICA;;0;;;0;1,H,C;0;36725;16;5;;2129;False
licitacoes;<b>Processo </b>2023058428/2024;Adesão à ata de registro de preço ou participação(carona) em Pregão de Outros Órgãos;ADESAO A REG DE PREÇOS  (INT);Homologada;FUNDO MUNICIPAL DE ASSISTÊNCIA SOCIAL;5800;2024-04-10;;2023058428;2024;2024-04-10;;;;;397329.39;397329.39;ADESÃO PARA AQUISIÇÃO DE MATERIAIS DE INFORMÁTICA;;0;;;0;1,H,C;0;36721;16;5;;2129;False
licitacoes;<b>Processo </b>2023058428/2024;Adesão à ata de registro de preço ou participação(carona) em Pregão de Outros Órgãos;ADESAO A REG DE PREÇOS  (INT);Homologada;FUNDO MUNICIPAL DE ASSISTÊNCIA SOCIAL;5800;2024-04-10;;2023058428;2024;2024-04-10;;;;;485013.00;485013.00;ADESÃO PARA AQUISIÇÃO DE MATERIAIS DE INFORMÁTICA;;0;;;0;1,H,C;0;36722;16;5;;2129;False
licitacoes;<b>Processo </b>2023058428/2024;Adesão à ata de registro de preço ou participação(carona) em Pregão de Outros Órgãos;ADESAO A REG DE PREÇOS  (INT);Homologada;FUNDO MUNICIPAL DE ASSISTÊNCIA SOCIAL;5800;2024-04-10;;2023058428;2024;2024-04-10;;;;;245303.90;245303.90;ADESÃO PARA AQUISIÇÃO DE MATERIAIS DE INFORMÁTICA;;0;;;0;1,H,C;0;36723;16;5;;2129;False
licitacoes;<b>Processo </b>2023058428/2024;Adesão à ata de registro de preço ou participação(carona) em Pregão de Outros Órgãos;ADESAO A REG DE PREÇOS  (INT);Homologada;SECRETARIA MUNICIPAL DE DESENVOLVIMENTO SOCIAL;3700;2024-04-10;;2023058428;2024;2024-04-10;;;;;64356.59;64356.59;ADESÃO PARA AQUISIÇÃO DE MATERIAIS DE INFORMÁTICA;;0;;;0;1,H,C;0;36724;16;5;;2129;False
licitacoes;<b>Processo </b>2023060552/2024;Adesão à ata de registro de preço ou participação(carona) em Pregão de Outros Órgãos;ADESAO A REG DE PRECOS (EXT);Homologada;INSTITUTO DE PREVIDÊNCIA SOCIAL DO MUNICÍPIO DE PALMAS;6100;2024-04-04;;2023060552;2024;2024-04-04;;;;;175473.27;175473.27;CONTRATAÇÃO DE EMPRESA ESPEDIALIZADA NA PRESTAÇÃO DE SERVIÇOS DE COPEIRAGEM, LIMPEZA, CONSERVAÇÃO, HIGIENIZAÇÃO E JARDINAGEM.;;0;;;0;1,H,C;0;36669;16;5;;2129;False
licitacoes;<b>Processo </b>2023027600/2024;Adesão à ata de registro de preço ou participação(carona) em Pregão de Outros Órgãos;ADESAO A REG DE PRECOS (EXT);Homologada;SECRETARIA MUNICIPAL DE PLANEJAMENTO E DESENVOLVIMENTO HUMANO;2500;2024-04-04;;2023027600;2024;2024-04-04;;;;;7540.00;7540.00;ADESAO ATA 058/2022 VIDRO TEMPERADO FIXO;;0;;;0;1,H,C;0;36674;16;5;;2129;False
licitacoes;<b>Processo </b>2023027600/2024;Adesão à ata de registro de preço ou participação(carona) em Pregão de Outros Órgãos;ADESAO A REG DE PRECOS (EXT);Homologada;SECRETARIA MUNICIPAL DE PLANEJAMENTO E DESENVOLVIMENTO HUMANO;2500;2024-04-04;;2023027600;2024;2024-04-04;;;;;11344.00;11344.00;ADESAO A ATA 058/2024 - DISJUNTORES;;0;;;0;1,H,C;0;36675;16;5;;2129;False
licitacoes;<b>Processo </b>2023027600/2024;Adesão à ata de registro de preço ou participação(carona) em Pregão de Outros Órgãos;ADESAO A REG DE PRECOS (EXT);Homologada;SECRETARIA MUNICIPAL DE PLANEJAMENTO E DESENVOLVIMENTO HUMANO;2500;2024-04-03;;2023027600;2024;2024-04-03;;;;;731468.38;731468.37;ADESAO A ATA DE REGISTRO DE PREÇO - PAREDE EM DIVISORIA DE GESSO E OUTROS;;0;;;0;1,H,C;0;36660;16;5;;2129;False
licitacoes;<b>Processo </b>2023058416/2024;Adesão à ata de registro de preço ou participação(carona) em Pregão de Outros Órgãos;ADESAO A REG DE PREÇOS  (INT);Homologada;AGENCIA DE REGULACAO, CONTROLE E FISCALIZACAO DE SERVICOS PUBLICOS DE PALMAS;9100;2024-03-21;;2023058416;2024;2024-03-21;;;;;318583.06;318583.06;AQUISIÇÃO DE EQUIPAMENTOS DE INFORMÁTICA.;;0;;;0;1,H,C;0;36566;16;5;;2129;False
licitacoes;<b>Processo </b>2023060811/2024;Adesão à ata de registro de preço ou participação(carona) em Pregão de Outros Órgãos;ADESAO A REG DE PREÇOS  (INT);Homologada;CASA CIVIL DO MUNICÍPIO DE PALMAS;9300;2024-03-21;;2023060811;2024;2024-03-21;;;;;14500.00;14500.00;AQUISIÇÃO DE MATERIAIS DE INFORMÁTICA;;0;;;0;1,H,C;0;36579;16;5;;2129;False
licitacoes;<b>Processo </b>2023064465/2024;Adesão à ata de registro de preço ou participação(carona) em Pregão de Outros Órgãos;ADESAO A REG DE PREÇOS  (INT);Homologada;SECRETARIA MUNICIPAL DE DESENVOLVIMENTO RURAL;3300;2024-03-20;;2023064465;2024;2024-03-20;;;;;155596.00;155596.00;AQUISIÇÃO DE EQUIPAMENTOS DE INFORMÁTICA.;;0;;;0;1,H,C;0;36565;16;5;;2129;False
licitacoes;<b>Processo </b>2023064465/2024;Adesão à ata de registro de preço ou participação(carona) em Pregão de Outros Órgãos;ADESAO A REG DE PREÇOS  (INT);Homologada;SECRETARIA MUNICIPAL DE DESENVOLVIMENTO RURAL;3300;2024-03-13;;2023064465;2024;2024-03-13;;;;;4156.53;4156.53;ADESÃO INTERNA PARA AQUISIÇÃO DE MATERIAIS DE INFORMÁTICA;;0;;;0;1,H,C;0;36532;16;5;;2129;False
licitacoes;<b>Processo </b>2023065951/2024;Adesão à ata de registro de preço ou participação(carona) em Pregão de Outros Órgãos;ADESAO A REG DE PRECOS (EXT);Homologada;SECRETARIA MUNICIPAL DE INFRAESTRUTURA E SERVIÇOS PÚBLICOS;3500;2024-03-12;;2023065951;2024;2024-03-12;;;;;5639462.72;5639462.72;CONTRATAÇÃO DE EMPRESA ESPECIALIZADA PARA FORNECIMENTO E INSTALAÇÃO DE LUMINÁRIAS.;;0;;;0;1,H,C;0;36527;16;5;;2129;False
licitacoes;<b>Processo </b>2023064465/2024;Adesão à ata de registro de preço ou participação(carona) em Pregão de Outros Órgãos;ADESAO A REG DE PREÇOS  (INT);Homologada;SECRETARIA MUNICIPAL DE DESENVOLVIMENTO RURAL;3300;2024-03-12;;2023064465;2024;2024-03-12;;;;;147736.00;147736.00;AQUISIÇÃO DE EQUIPAMENTOS DE INFORMÁTICA.;;0;;;0;1,H,C;0;36529;16;5;;2129;False
licitacoes;<b>Processo </b>2023064465/2024;Adesão à ata de registro de preço ou participação(carona) em Pregão de Outros Órgãos;ADESAO A REG DE PREÇOS  (INT);Homologada;SECRETARIA MUNICIPAL DE DESENVOLVIMENTO RURAL;3300;2024-03-11;;2023064465;2024;2024-03-11;;;;;7860.00;7860.00;AQUISIÇÃO DE EQUIPAMENTOS DE INFORMÁTICA.;;0;;;0;1,H,C;0;36520;16;5;;2129;False
licitacoes;<b>Processo </b>2022019990/2024;Adesão à ata de registro de preço ou participação(carona) em Pregão de Outros Órgãos;ADESAO A REG DE PRECOS (EXT);Homologada;FUNDO MUNICIPAL DE SAÚDE;3200;2024-03-05;;2022019990;2024;2024-03-05;;;;;32583.90;32583.90;"LOCAÇÃO DE COPIADORA E SERVIÇOS DE REPROGRAFIA 
REFERENTE: JANEIRO DE 2024 
ESPECIALIZADA";;0;;;0;1,H,C;0;36458;16;5;;2129;False
licitacoes;<b>Processo </b>2022019990/2024;Adesão à ata de registro de preço ou participação(carona) em Pregão de Outros Órgãos;ADESAO A REG DE PRECOS (EXT);Homologada;FUNDO MUNICIPAL DE SAÚDE;3200;2024-03-05;;2022019990;2024;2024-03-05;;;;;28651.75;28651.75;"LOCAÇÃO DE COPIADORA E SERVIÇOS DE REPROGRAFIA 
REFERENTE: JANEIRO DE 2024
GESTÃO";;0;;;0;1,H,C;0;36459;16;5;;2129;False
licitacoes;<b>Processo </b>2022019990/2024;Adesão à ata de registro de preço ou participação(carona) em Pregão de Outros Órgãos;ADESAO A REG DE PRECOS (EXT);Homologada;FUNDO MUNICIPAL DE SAÚDE;3200;2024-03-05;;2022019990;2024;2024-03-05;;;;;1507.90;1507.90;"LOCAÇÃO DE COPIADORA E SERVIÇOS DE REPROGRAFIA 
REFERENTE: JANEIRO DE 2024 
SAMU";;0;;;0;1,H,C;0;36460;16;5;;2129;False
licitacoes;<b>Processo </b>2022019990/2024;Adesão à ata de registro de preço ou participação(carona) em Pregão de Outros Órgãos;ADESAO A REG DE PRECOS (EXT);Homologada;FUNDO MUNICIPAL DE SAÚDE;3200;2024-03-05;;2022019990;2024;2024-03-05;;;;;6425.25;6425.25;"LOCAÇÃO DE COPIADORA E SERVIÇOS DE REPROGRAFIA 
REFERENTE: JANEIRO DE 2024 
VIGILÂNCIA";;0;;;0;1,H,C;0;36461;16;5;;2129;False
licitacoes;<b>Processo </b>2022019990/2024;Adesão à ata de registro de preço ou participação(carona) em Pregão de Outros Órgãos;ADESAO A REG DE PRECOS (EXT);Homologada;FUNDO MUNICIPAL DE SAÚDE;3200;2024-03-05;;2022019990;2024;2024-03-05;;;;;6264.75;6264.75;"LOCAÇÃO DE COPIADORA E SERVIÇOS DE REPROGRAFIA 
REFERENTE: JANEIRO DE 2024 
CAPS";;0;;;0;1,H,C;0;36462;16;5;;2129;False
licitacoes;<b>Processo </b>2022019990/2024;Adesão à ata de registro de preço ou participação(carona) em Pregão de Outros Órgãos;ADESAO A REG DE PRECOS (EXT);Homologada;FUNDO MUNICIPAL DE SAÚDE;3200;2024-03-05;;2022019990;2024;2024-03-05;;;;;85541.50;85541.50;"LOCAÇÃO DE COPIADORA E SERVIÇOS DE REPROGRAFIA 
REFERENTE: JANEIRO DE 2024 
SUPAVS";;0;;;0;1,H,C;0;36465;16;5;;2129;False
licitacoes;<b>Processo </b>2022019990/2024;Adesão à ata de registro de preço ou participação(carona) em Pregão de Outros Órgãos;ADESAO A REG DE PRECOS (EXT);Homologada;FUNDO MUNICIPAL DE SAÚDE;3200;2024-03-05;;2022019990;2024;2024-03-05;;;;;40361.50;40361.50;"LOCAÇÃO DE COPIADORA E SERVIÇOS DE REPROGRAFIA 
REFERENTE: JANEIRO DE 2024 
UPAS";;0;;;0;1,H,C;0;36469;16;5;;2129;False
licitacoes;<b>Processo </b>2022019990/2024;Adesão à ata de registro de preço ou participação(carona) em Pregão de Outros Órgãos;ADESAO A REG DE PRECOS (EXT);Homologada;FUNDO MUNICIPAL DE SAÚDE;3200;2024-03-05;;2022019990;2024;2024-03-05;;;;;135000.00;135000.00;"LOCAÇÃO DE COPIADORA E SERVIÇOS DE REPROGRAFIA 
REF: VALOR ESTIMADO REFERENTE MESES: FEVEREIRO A ABRIL DE 2024 
ESPECIALIZADA";;0;;;0;1,H,C;0;36471;16;5;;2129;False
licitacoes;<b>Processo </b>2022019990/2024;Adesão à ata de registro de preço ou participação(carona) em Pregão de Outros Órgãos;ADESAO A REG DE PRECOS (EXT);Homologada;FUNDO MUNICIPAL DE SAÚDE;3200;2024-03-05;;2022019990;2024;2024-03-05;;;;;135000.00;135000.00;"LOCAÇÃO DE COPIADORA E SERVIÇOS DE REPROGRAFIA 
REF: VALOR ESTIMADO REFERENTE MESES: FEVEREIRO A ABRIL DE 2024 
GESTÃO";;0;;;0;1,H,C;0;36472;16;5;;2129;False
licitacoes;<b>Processo </b>2022019990/2024;Adesão à ata de registro de preço ou participação(carona) em Pregão de Outros Órgãos;ADESAO A REG DE PRECOS (EXT);Homologada;FUNDO MUNICIPAL DE SAÚDE;3200;2024-03-05;;2022019990;2024;2024-03-05;;;;;15000.00;15000.00;"LOCAÇÃO DE COPIADORA E SERVIÇOS DE REPROGRAFIA 
REF: VALOR ESTIMADO REFERENTE MESES: FEVEREIRO A ABRIL DE 2024 
SAMU";;0;;;0;1,H,C;0;36473;16;5;;2129;False
licitacoes;<b>Processo </b>2022019990/2024;Adesão à ata de registro de preço ou participação(carona) em Pregão de Outros Órgãos;ADESAO A REG DE PRECOS (EXT);Homologada;FUNDO MUNICIPAL DE SAÚDE;3200;2024-03-05;;2022019990;2024;2024-03-05;;;;;30000.00;30000.00;"LOCAÇÃO DE COPIADORA E SERVIÇOS DE REPROGRAFIA 
REF: VALOR ESTIMADO REFERENTE MESES: FEVEREIRO A ABRIL DE 2024 
VIGILÃNCIA";;0;;;0;1,H,C;0;36474;16;5;;2129;False
licitacoes;<b>Processo </b>2022019990/2024;Adesão à ata de registro de preço ou participação(carona) em Pregão de Outros Órgãos;ADESAO A REG DE PRECOS (EXT);Homologada;FUNDO MUNICIPAL DE SAÚDE;3200;2024-03-05;;2022019990;2024;2024-03-05;;;;;24000.00;24000.00;"LOCAÇÃO DE COPIADORA E SERVIÇOS DE REPROGRAFIA 
REF: VALOR ESTIMADO REFERENTE MESES: FEVEREIRO A ABRIL DE 2024 
CAPS";;0;;;0;1,H,C;0;36475;16;5;;2129;False
licitacoes;<b>Processo </b>2022019990/2024;Adesão à ata de registro de preço ou participação(carona) em Pregão de Outros Órgãos;ADESAO A REG DE PRECOS (EXT);Homologada;FUNDO MUNICIPAL DE SAÚDE;3200;2024-03-05;;2022019990;2024;2024-03-05;;;;;360000.00;360000.00;"LOCAÇÃO DE COPIADORA E SERVIÇOS DE REPROGRAFIA 
REF: VALOR ESTIMADO REFERENTE MESES: FEVEREIRO A ABRIL DE 2024 
SUPAVS";;0;;;0;1,H,C;0;36476;16;5;;2129;False
licitacoes;<b>Processo </b>2022019990/2024;Adesão à ata de registro de preço ou participação(carona) em Pregão de Outros Órgãos;ADESAO A REG DE PRECOS (EXT);Homologada;FUNDO MUNICIPAL DE SAÚDE;3200;2024-03-05;;2022019990;2024;2024-03-05;;;;;180000.00;180000.00;"LOCAÇÃO DE COPIADORA E SERVIÇOS DE REPROGRAFIA 
REF: VALOR ESTIMADO REFERENTE MESES: FEVEREIRO A ABRIL DE 2024 
UPAS";;0;;;0;1,H,C;0;36477;16;5;;2129;False
licitacoes;<b>Processo </b>2023024336/2024;Adesão à ata de registro de preço ou participação(carona) em Pregão de Outros Órgãos;ADESAO A REG DE PRECOS (EXT);Homologada;INSTITUTO DE PREVIDÊNCIA SOCIAL DO MUNICÍPIO DE PALMAS;6100;2024-03-01;;2023024336;2024;2024-03-01;;;;;120732.75;120732.75;AQUISIÇÃO DE PASSAGENS AÉREAS.;;0;;;0;1,H,C;0;36430;16;5;;2129;False
licitacoes;<b>Processo </b>2022035801/2024;Adesão à ata de registro de preço ou participação(carona) em Pregão de Outros Órgãos;ADESAO A REG DE PRECOS (EXT);Homologada;FUNDO MUNICIPAL DE SAÚDE;3200;2024-02-27;;2022035801;2024;2024-02-27;;;;;103213.44;103213.44;"PRESTAÇÃO DE SERVIÇOS DE INTRANET 
REFERENTE: JANEIRO A ABRIL DE 2024
ESPECIALIZADA";;0;;;0;1,H,C;0;36369;16;5;;2129;False
licitacoes;<b>Processo </b>2022035801/2024;Adesão à ata de registro de preço ou participação(carona) em Pregão de Outros Órgãos;ADESAO A REG DE PRECOS (EXT);Homologada;FUNDO MUNICIPAL DE SAÚDE;3200;2024-02-27;;2022035801;2024;2024-02-27;;;;;15554.00;15554.00;"PRESTAÇÃO DE SERVIÇOS DE INTRANET 
REFERENTE: JANEIRO A ABRIL DE 2024
GESTÃO";;0;;;0;1,H,C;0;36371;16;5;;2129;False
licitacoes;<b>Processo </b>2022035801/2024;Adesão à ata de registro de preço ou participação(carona) em Pregão de Outros Órgãos;ADESAO A REG DE PRECOS (EXT);Homologada;FUNDO MUNICIPAL DE SAÚDE;3200;2024-02-27;;2022035801;2024;2024-02-27;;;;;12827.76;12827.76;"PRESTAÇÃO DE SERVIÇOS DE INTRANET 
REFERENTE: JANEIRO A ABRIL DE 2024
FESP";;0;;;0;1,H,C;0;36373;16;5;;2129;False
licitacoes;<b>Processo </b>2022035801/2024;Adesão à ata de registro de preço ou participação(carona) em Pregão de Outros Órgãos;ADESAO A REG DE PRECOS (EXT);Homologada;FUNDO MUNICIPAL DE SAÚDE;3200;2024-02-27;;2022035801;2024;2024-02-27;;;;;12827.76;12827.76;"PRESTAÇÃO DE SERVIÇOS DE INTRANET 
REFERENTE: JANEIRO A ABRIL DE 2024
SAMU";;0;;;0;1,H,C;0;36379;16;5;;2129;False
licitacoes;<b>Processo </b>2022035801/2024;Adesão à ata de registro de preço ou participação(carona) em Pregão de Outros Órgãos;ADESAO A REG DE PRECOS (EXT);Homologada;FUNDO MUNICIPAL DE SAÚDE;3200;2024-02-27;;2022035801;2024;2024-02-27;;;;;51311.04;51311.04;"PRESTAÇÃO DE SERVIÇOS DE INTRANET 
REFERENTE: JANEIRO A ABRIL DE 2024
VIGILÂNCIA";;0;;;0;1,H,C;0;36381;16;5;;2129;False
licitacoes;<b>Processo </b>2022035801/2024;Adesão à ata de registro de preço ou participação(carona) em Pregão de Outros Órgãos;ADESAO A REG DE PRECOS (EXT);Homologada;FUNDO MUNICIPAL DE SAÚDE;3200;2024-02-27;;2022035801;2024;2024-02-27;;;;;17696.80;17696.80;"PRESTAÇÃO DE SERVIÇOS DE INTRANET 
REFERENTE: JANEIRO A ABRIL DE 2024
CAPS";;0;;;0;1,H,C;0;36382;16;5;;2129;False
licitacoes;<b>Processo </b>2022035801/2024;Adesão à ata de registro de preço ou participação(carona) em Pregão de Outros Órgãos;ADESAO A REG DE PRECOS (EXT);Homologada;FUNDO MUNICIPAL DE SAÚDE;3200;2024-02-27;;2022035801;2024;2024-02-27;;;;;429113.16;429113.16;"PRESTAÇÃO DE SERVIÇOS DE INTRANET 
REFERENTE: JANEIRO A ABRIL DE 2024
ATENÇÃO PRIMÁRIA";;0;;;0;1,H,C;0;36384;16;5;;2129;False
licitacoes;<b>Processo </b>2022035801/2024;Adesão à ata de registro de preço ou participação(carona) em Pregão de Outros Órgãos;ADESAO A REG DE PRECOS (EXT);Homologada;FUNDO MUNICIPAL DE SAÚDE;3200;2024-02-27;;2022035801;2024;2024-02-27;;;;;31108.00;31108.00;"PRESTAÇÃO DE SERVIÇOS DE INTRANET 
REFERENTE: JANEIRO A ABRIL DE 2024
UPAS";;0;;;0;1,H,C;0;36385;16;5;;2129;False
licitacoes;<b>Processo </b>2022035807/2024;Adesão à ata de registro de preço ou participação(carona) em Pregão de Outros Órgãos;ADESAO A REG DE PRECOS (EXT);Homologada;FUNDO MUNICIPAL DE SAÚDE;3200;2024-02-27;;2022035807;2024;2024-02-27;;;;;104000.00;104000.00;"PRESTAÇÃO DE SERVIÇOS DE INTERNET 
REFERENTE: JANEIRO A ABRIL DE 2024
SEMUS";;0;;;0;1,H,C;0;36386;16;5;;2129;False
licitacoes;<b>Processo </b>2023065951/2024;Adesão à ata de registro de preço ou participação(carona) em Pregão de Outros Órgãos;ADESAO A REG DE PRECOS (EXT);Homologada;SECRETARIA MUNICIPAL DE INFRAESTRUTURA E SERVIÇOS PÚBLICOS;3500;2024-02-27;;2023065951;2024;2024-02-27;;;;;5569383.92;5569383.92;CONTRATAÇÃO DE EMPRESA ESPECIALIZADA PARA FORNECIMENTO E INSTALAÇÃO DE LUMINÁRIAS.;;0;;;0;1,H,C;0;36390;16;5;;2129;False
licitacoes;<b>Processo </b>2023035822/2024;Adesão à ata de registro de preço ou participação(carona) em Pregão de Outros Órgãos;ADESAO A REG DE PRECOS (EXT);Homologada;SECRETARIA MUNICIPAL DE INFRAESTRUTURA E SERVIÇOS PÚBLICOS;3500;2024-02-23;;2023035822;2024;2024-02-23;;;;;3841307.68;3841307.68;PRESTAÇÃO DE SERVIÇOS TÉCNICOS DE MANUTENÇÕES DAS INSTALAÇÕES FÍSICAS PREDIAIS DOS IMÓVEIS PÚBLICOS DE PALMAS-TO.;;0;;;0;1,H,C;0;36316;16;5;;2129;False
licitacoes;<b>Processo </b>2023035822/2024;Adesão à ata de registro de preço ou participação(carona) em Pregão de Outros Órgãos;ADESAO A REG DE PRECOS (EXT);Homologada;SECRETARIA MUNICIPAL DE INFRAESTRUTURA E SERVIÇOS PÚBLICOS;3500;2024-02-23;;2023035822;2024;2024-02-23;;;;;209201.14;209201.14;PRESTAÇÃO DE   SERVIÇOS TÉCNICOS DE MANUTENÇÕES DAS INSTALAÇÕES FÍSICAS PREDIAIS DOS IMÓVEIS PÚBLICOS DE PALMAS-TO.;;0;;;0;1,H,C;0;36321;16;5;;2129;False
licitacoes;<b>Processo </b>2023067180/2024;Adesão à ata de registro de preço ou participação(carona) em Pregão de Outros Órgãos;ADESAO A REG DE PRECOS (EXT);Homologada;SECRETARIA MUNICIPAL DA EDUCAÇÃO;2900;2024-02-22;;2023067180;2024;2024-02-22;;;;;107000.00;107000.00;AQUISIÇÃO DE SERVIDOR DE GRANDE PORTE.;;0;;;0;1,H,C;0;36247;16;5;;2129;False
licitacoes;<b>Processo </b>2023027600/2024;Adesão à ata de registro de preço ou participação(carona) em Pregão de Outros Órgãos;ADESAO A REG DE PRECOS (EXT);Homologada;SECRETARIA MUNICIPAL DE PLANEJAMENTO E DESENVOLVIMENTO HUMANO;2500;2024-02-22;;2023027600;2024;2024-02-22;;;;;591186.08;591186.08;CONTRATAÇÃO DE EMPRESA ESPECIALIZADA, PARA OS SERVIÇOS DE INSTALAÇÃO, REMOÇÃO E RECUPERAÇÃO DE FORROS E PAREDES EM DIVISÓRIAS DE GESSO ACARTONADO OU ALVENARIA, COM EMASSAMENTO, SERVIÇOS DE PINTURA, SERVIÇOS DE ELÉTRICA, PISO EM GRANITO, BALCÃO EM GRANITO  OUTROS SERVIÇOS REFERENTES ÀS NECESSIDADES DE CRIAÇÃO, ADAPTAÇÃO E DESMEMBRAMENTO DE SALAS, COM FORNECIMENTO DE MATERIAIS PARA ATENDER AS DEMANDAS DO PRÉDIO DO BURITI E OS PRÉDIOS DE RESPONSABILIDADE DA SECRETARIA DE PLANEJAMENTO E DESENVOLVIMENTO HUMANO (PATRIMÔNIO E ALMOXARIFADO, GARAGEM CENTRAL, ARQUIVO E DOSSIÊ).;;0;;;0;1,H,C;0;36249;16;5;;2129;False
licitacoes;<b>Processo </b>2023058061/2024;Adesão à ata de registro de preço ou participação(carona) em Pregão de Outros Órgãos;ADESAO A REG DE PREÇOS  (INT);Homologada;INSTITUTO DE PREVIDÊNCIA SOCIAL DO MUNICÍPIO DE PALMAS;6100;2024-02-20;;2023058061;2024;2024-02-20;;;;;240562.30;240562.30;ADESÃO A ATA DE REGISTRO DE PREÇOS N° 01/2023, ORIUNDA DO PREGÃO ELETRÔNICO N° 19/2022, REFERENTE A CONTRATAÇÃO DE SERVIÇO DE VIGILÂNCIA PATRIMONIAL ARMADA;;0;;;0;1,H,C;0;36209;16;5;;2129;False
licitacoes;<b>Processo </b>2023051029/2024;Adesão à ata de registro de preço ou participação(carona) em Pregão de Outros Órgãos;ADESAO A REG DE PREÇOS  (INT);Homologada;SECRETARIA MUNICIPAL DE DESENVOLVIMENTO RURAL;3300;2024-02-16;;2023051029;2024;2024-02-16;;;;;7840.00;7840.00;"ADESÃO A ATA DE REGISTRO DE PREÇO N° 018/2023, RELATIVO AO PE 031/2023
CONTRATAÇÃO DE EMPRESA ESPECIALIZADA EM ALIMENTAÇÃO (ALMOÇO, JANTAR E COFFE BREAK).";;0;;;0;1,H,C;0;36186;16;5;;2129;False
licitacoes;<b>Processo </b>2023051029/2024;Adesão à ata de registro de preço ou participação(carona) em Pregão de Outros Órgãos;ADESAO A REG DE PREÇOS  (INT);Homologada;SECRETARIA MUNICIPAL DE DESENVOLVIMENTO RURAL;3300;2024-02-16;;2023051029;2024;2024-02-16;;;;;11256.00;11256.00;"ADESÃO A ATA DE REGISTRO DE PREÇO N° 018/2023, RELATIVO AO PE 031/2023
CONTRATAÇÃO DE EMPRESA ESPECIALIZADA EM ALIMENTAÇÃO (ALMOÇO, JANTAR E COFFE BREAK).";;0;;;0;1,H,C;0;36187;16;5;;2129;False
licitacoes;<b>Processo </b>2023024923/2024;Adesão à ata de registro de preço ou participação(carona) em Pregão de Outros Órgãos;ADESAO A REG DE PREÇOS  (INT);Homologada;INSTITUTO DE PREVIDÊNCIA SOCIAL DO MUNICÍPIO DE PALMAS;6100;2024-02-15;;2023024923;2024;2024-02-15;;;;;70576.00;70576.00;LOCAÇÃO DE EQUIPAMENTOS REPROGRÁFICOS PARA FINS DE OUTSOURCING.;;0;;;0;1,H,C;0;36183;16;5;;2129;False
licitacoes;<b>Processo </b>2023051261/2024;Adesão à ata de registro de preço ou participação(carona) em Pregão de Outros Órgãos;ADESAO A REG DE PREÇOS  (INT);Homologada;AGÊNCIA DE TRANSPORTE COLETIVO DE PALMAS;1201;2024-02-14;;2023051261;2024;2024-02-14;;;;;95920.00;95920.00;ADESÃO A ATA DE REGISTRO DE PREÇO N° 026/2023 - PREGÃO ELETRÔNICO N° 088/2022 DO MUMICÍPIO DE PALMAS, PUBLICADA DO DIÁRIO OFICIAL DE PALMAS N° 3.250;;0;;;0;1,H,C;0;36162;16;5;;2129;False
licitacoes;<b>Processo </b>2023037766/2024;Adesão à ata de registro de preço ou participação(carona) em Pregão de Outros Órgãos;ADESAO A REG DE PREÇOS  (INT);Homologada;SECRETARIA MUNICIPAL DE COMUNICAÇÃO;5600;2024-02-09;;2023037766;2024;2024-02-09;;;;;5124653.35;5124653.35;LOCAÇÃO DE ESTRUTURA TEMPORÁRIA PARA EVENTOS.;;0;;;0;1,H,C;0;36160;16;5;;2129;False
licitacoes;<b>Processo </b>2023065494/2024;Adesão à ata de registro de preço ou participação(carona) em Pregão de Outros Órgãos;ADESAO A REG DE PREÇOS  (INT);Homologada;FUNDO MUNICIPAL DE SAÚDE;3200;2024-02-02;;2023065494;2024;2024-02-02;;;;;37375.00;37375.00;CONTRATAÇÃO DE EMPRESA ESPECIALIZADA NA PRESTAÇÃO DE SERVIÇOS CONTINUADOS DE MANUTENÇÃO PREVENTIVA E CORRETIVA EM VEÍCULOS AUTOMOTORES DA SEMUS - GESTÃO ADMINISTRATIVA.;;0;;;0;1,H,C;0;36119;16;5;;2129;False
licitacoes;<b>Processo </b>2024000915/2024;Adesão à ata de registro de preço ou participação(carona) em Pregão de Outros Órgãos;ADESAO A REG DE PREÇOS  (INT);Homologada;SECRETARIA MUNICIPAL DE DESENVOLVIMENTO ECONÔMICO E EMPREGO;2600;2024-02-02;;2024000915;2024;2024-02-02;;;;;152460.00;152460.00;CONTRATAÇÃO DE SERVIÇOS DE SEGURANÇA E ORGANIZAÇÃO DE EVENTOS.;;0;;;0;1,H,C;0;36123;16;5;;2129;False
licitacoes;<b>Processo </b>2023065494/2024;Adesão à ata de registro de preço ou participação(carona) em Pregão de Outros Órgãos;ADESAO A REG DE PREÇOS  (INT);Homologada;FUNDO MUNICIPAL DE SAÚDE;3200;2024-02-01;;2023065494;2024;2024-02-01;;;;;317681.25;317681.25;CONTRATAÇÃO DE EMPRESA ESPECIALIZADA NA PRESTAÇÃO DE SERVIÇOS CONTINUADOS DE MANUTENÇÃO PREVENTIVA E CORRETIVA EM VEÍCULOS AUTOMOTORES DA SEMUS - ATENÇÃO SECUNDÁRIA.;;0;;;0;1,H,C;0;36114;16;5;;2129;False
licitacoes;<b>Processo </b>2023065494/2024;Adesão à ata de registro de preço ou participação(carona) em Pregão de Outros Órgãos;ADESAO A REG DE PREÇOS  (INT);Homologada;FUNDO MUNICIPAL DE SAÚDE;3200;2024-02-01;;2023065494;2024;2024-02-01;;;;;583631.25;583631.25;CONTRATAÇÃO DE EMPRESA ESPECIALIZADA NA PRESTAÇÃO DE SERVIÇOS CONTINUADOS DE MANUTENÇÃO PREVENTIVA E CORRETIVA EM VEÍCULOS AUTOMOTORES DA SEMUS - ATENÇÃO SECUNDÁRIA.;;0;;;0;1,H,C;0;36115;16;5;;2129;False
licitacoes;<b>Processo </b>2023065494/2024;Adesão à ata de registro de preço ou participação(carona) em Pregão de Outros Órgãos;ADESAO A REG DE PREÇOS  (INT);Homologada;FUNDO MUNICIPAL DE SAÚDE;3200;2024-02-01;;2023065494;2024;2024-02-01;;;;;586687.50;586687.50;CONTRATAÇÃO DE EMPRESA ESPECIALIZADA NA PRESTAÇÃO DE SERVIÇOS CONTINUADOS DE MANUTENÇÃO PREVENTIVA E CORRETIVA EM VEÍCULOS AUTOMOTORES DA SEMUS - URGÊNCIA E EMERGÊNCIA.;;0;;;0;1,H,C;0;36116;16;5;;2129;False
licitacoes;<b>Processo </b>2023065494/2024;Adesão à ata de registro de preço ou participação(carona) em Pregão de Outros Órgãos;ADESAO A REG DE PREÇOS  (INT);Homologada;FUNDO MUNICIPAL DE SAÚDE;3200;2024-02-01;;2023065494;2024;2024-02-01;;;;;778250.00;778250.00;CONTRATAÇÃO DE EMPRESA ESPECIALIZADA NA PRESTAÇÃO DE SERVIÇOS CONTINUADOS DE MANUTENÇÃO PREVENTIVA E CORRETIVA EM VEÍCULOS AUTOMOTORES DA SEMUS - VIGILÂNCIA.;;0;;;0;1,H,C;0;36117;16;5;;2129;False
licitacoes;<b>Processo </b>2023065494/2024;Adesão à ata de registro de preço ou participação(carona) em Pregão de Outros Órgãos;ADESAO A REG DE PREÇOS  (INT);Homologada;FUNDO MUNICIPAL DE SAÚDE;3200;2024-02-01;;2023065494;2024;2024-02-01;;;;;196375.00;196375.00;CONTRATAÇÃO DE EMPRESA ESPECIALIZADA NA PRESTAÇÃO DE SERVIÇOS CONTINUADOS DE MANUTENÇÃO PREVENTIVA E CORRETIVA EM VEÍCULOS AUTOMOTORES DA SEMUS - GESTÃO ADMINISTRATIVA.;;0;;;0;1,H,C;0;36118;16;5;;2129;False
licitacoes;9093/2023;Pregão Eletrônico;PREGÃO ELETRÔNICO RP;Homologada;SECRETARIA MUNICIPAL DE SEGURANCA E MOBILIDADE URBANA;1200;2023-09-21;9093;2024005588;2023;2024-02-21;;;;;24175.56;24175.56;UTILIZAÇÃO DA ATA DE REGISTRO DE PREÇOS ° 070/2023, ORIUNDA DO PREGÃO ELETRÔNICO N° 074/2023 FORMALIZDO PELA SECRETARIA DE FINANÇAS - DCG, PARA AQUISIÇÃO DE MATERIAL DE COPA E COZINHA PARA ATENDER AS NECESSIDADES DA SECRETARIA MUNICIPAL DE SEGURANÇA E MOBILIDADE URBANA.;;0;;;0;2,A;0;36216;13;5;;2129;False
licitacoes;9090/2023;Registro de Preço;PREGAO PRESENCIAL RP;Homologada;SECRETARIA MUNICIPAL DE SEGURANCA E MOBILIDADE URBANA;1200;2023-10-31;9090;2024009144;2023;2024-02-21;;;;;7031.50;7031.50;UTILIZAÇÃO DA ATA REGISTRO DE PREÇOS N° 067/2023, ORIUNDA DO PREGÃO ELTRÔNICO N° 089/2023 FORMALIZADO PELA SECRETARIA DE FINANÇAS - DCG, PARA CONTRATAÇÃO DE EMPRESA ESPECIALIZADA EM FORNECIMENTO DE CARIMBOS PARA ATENDER AS NECESSIDADES DA SECRETARIA MUNICIPAL DE SEGURANÇA E MOBILIDADE URBANA.;;0;;;0;0;0;36214;90;5;;2129;False
licitacoes;3636/2023;Pregão Eletrônico;PREGAO ELETRONICO;Homologada;SECRETARIA MUNICIPAL DE INFRAESTRUTURA E SERVIÇOS PÚBLICOS;3500;2023-03-07;3636;2023008672;2023;2024-03-22;;;;;240012.34;240012.34;CONTRATAÇÃO DE EMPRESA ESPECIALIZADA PARA REVITALIZAÇÃO DO SISTEMA DE ILUMINAÇÃO PÚBLICA INTERNA DO PARQUE CESAMAR - PALMAS;;0;;;0;2,A;0;36595;13;5;;2129;False
licitacoes;3131/2023;Pregão Eletrônico;PREGÃO ELETRÔNICO RP;Homologada;FUNDO MUNICIPAL DE SAÚDE;3200;2023-05-05;3131;2023044618;2023;2023-07-10;;;;;436320.00;215000.00;CONTRATAÇÃO DE EMPRESA ESPECIALIZADA NA PRESTAÇÃO DE SERVIÇO DE FORNECIMENTO DE REFEIÇÕES TIPO LANCHE INDIVIDUAL, ALMOÇO/JANTAR TIPO BUFFET, SERVIÇOS DE COFFEE BREAK, COQUETEL E BOLOS CONFEITADOS PARA EVENTOS INSTITUCIONAIS;;0;;;0;2,A;0;34331;13;5;;2129;False
licitacoes;1313/2023;Pregão Eletrônico;PREGÃO ELETRÔNICO RP;Homologada;SECRETARIA MUNICIPAL DE SEGURANCA E MOBILIDADE URBANA;1200;2023-02-01;1313;2021050777;2023;2024-02-20;;;;;3959053.53;3959053.53;SERVIÇO DE CONTROLE DE ESTACIONAMENTO ROTATIVO TARIFADO;;0;;;0;2,A;0;36213;13;5;;2129;False
licitacoes;114/2023;Pregão Eletrônico;PREGÃO ELETRÔNICO RP;Homologada;FUNDO MUNICIPAL DE SAÚDE;3200;2023-12-29;114;2023058277;2023;2024-02-22;2024-01-17 00:00:00;;;;100700.00;100700.00;AQUISIÇÃO DE FÓRMULA LÁCTEA INFANTIL TIPO 1 E 2.;;0;;;0;2,A;0;36018;13;5;;2129;False
licitacoes;113/2023;Pregão Eletrônico;PREGAO ELETRONICO;Homologada;FUNDO MUNICIPAL DE SAÚDE;3200;2023-12-29;113;2023066445;2023;2024-03-13;2024-01-18 00:00:00;;;;26160.00;26160.00;CONTRATAÇÃO DE EMPRESA DE LIMPEZA DE PISCINAS PARA ATENDER A REDE MUNICIPAL DE SAÚDE DE PALMAS-TO.;;0;;;0;2,A;0;36016;13;5;;2129;False
licitacoes;112/2023;Pregão Eletrônico;PREGÃO ELETRÔNICO RP;Homologada;FUNDO MUNICIPAL DE SAÚDE;3200;2023-12-29;112;2023047688;2023;2024-03-14;2024-01-16 00:00:00;;;;328930.70;328930.70;AQUISIÇÃO DE INSTRUMENTAIS CIRÚRGICOS PARA ATENDER A REDE MUNICIPAL DE SAÚDE DE PALMAS.;;0;;;0;2,A;0;36015;13;5;;2129;False
licitacoes;112/2023;Pregão Eletrônico;PREGAO ELETRONICO;Homologada;SECRETARIA MUNICIPAL DE SEGURANCA, TRANSITO E TRANSPORTES;3600;2023-12-29;112;2012025185;2023;2012-08-20;2024-01-16 00:00:00;;;;4205.85;4205.85;AQUISIÇÃO DE ISNTRUMENTAIS CIRÚRGICOS PARA ATENDER A REDE MUNICIPAL DE SAÚDE DE PALMAS;;0;;;0;2,A,1,B;0;3615;13;5;;2129;False
licitacoes;111/2023;Pregão Eletrônico;PREGÃO ELETRÔNICO RP;Homologada;SECRETARIA MUNICIPAL DA FAZENDA E TRANSFORMAÇÃO DIGITAL;2700;2023-12-29;111;2023026501;2023;2024-07-04;2024-01-15 00:00:00;;;;839387.42;839387.42;AQUISIÇÃO DE MATERIAL DE EXPEDIENTE.;;0;;;0;2,A;0;36013;13;5;;2129;False
licitacoes;111/2023;Pregão Eletrônico;PREGAO ELETRONICO;Homologada;SECRETARIA MUNICIPAL DE SEGURANCA E MOBILIDADE URBANA;1200;2023-12-28;111;2023026501;2023;2024-11-19;;;;;2666.09;2666.09;AQUISIÇÃO DE MATERIAL DE EXPEDIENTE.;;0;;;0;2,A;0;37956;13;5;;2129;False
licitacoes;111/2023;Pregão Eletrônico;PREGAO ELETRONICO;Homologada;SECRETARIA MUNICIPAL DE GOVERNO E RELAÇÕES INSTITUCIONAIS;7900;2023-12-28;111;2024027219;2023;2024-12-10;;;;;475.45;475.45;AQUISIÇÃO DE MATERIAL DE EXPEDIENTE.;;0;;;0;2,A;0;38125;13;5;;2129;False
licitacoes;110/2023;Pregão Eletrônico;PREGÃO ELETRÔNICO RP;Homologada;FUNDO MUNICIPAL DE SAÚDE;3200;2023-12-28;110;2023063317;2023;2024-08-02;2023-12-28 00:00:00;;;;462038.20;462038.20;AQUISIÇÃO DE MEDICAMENTOS - INSULINAS;;0;;;0;0;0;35995;13;5;;2129;False
licitacoes;109/2023;Pregão Eletrônico;PREGÃO ELETRÔNICO RP;Homologada;FUNDO MUNICIPAL DE SAÚDE;3200;2023-01-22;109;2023012781;2023;2024-05-17;2024-02-02 00:00:00;2024-02-02 00:00:00;;;6840951.00;6840951.00;AQUISIÇÃO DE MATERIAIS, PARA ATENDER OS 34 CENTROS DE SAÚDE DA COMUNIDADE TOTALIZANDO 85 EQUIPES DE SAÚDE DA FAMILÍA, 12 CENTROS DE REFERÊNCIAESPECIALIZADOS, 02 UNIDADES DE PRONTO ATENDIMENTO E 01 SAMU;;0;;;0;0;0;36004;13;5;;2129;False
licitacoes;108/2023;Pregão Eletrônico;PREGÃO ELETRÔNICO RP;Homologada;SECRETARIA MUNICIPAL DE INFRAESTRUTURA E SERVIÇOS PÚBLICOS;3500;2023-12-28;108;2023063375;2023;2024-05-09;2024-01-12 00:00:00;;;;3016000.00;3016000.00;CONTRATAÇÃO DE EMPRESA ESPECIALIZADA NA PRESTAÇÃO DE SERVIÇOS DE MICRO TRATORES DE AUTOPROPELIDO GIRO ZERO.;;0;;;0;0;0;35993;13;5;;2129;False
licitacoes;107/2023;Pregão Eletrônico;PREGAO ELETRONICO;Aberta;SECRETARIA MUNICIPAL DE DESENVOLVIMENTO SOCIAL;3700;2023-12-28;107;2023045291;2023;;2024-01-15 00:00:00;;;;0.00;0.00;CONTRATAÇÃO DE EMPRESA ESPECIALIZADA NA PRESTAÇÃO DE SERVIÇOS, NO PREPARO, FORNECIMENTO DE ALIMENTAÇÃO E NUTRIÇÃO, COM GESTÃO E MANUTENÇÃO, PARA ATENDER OS RESTAURANTES COMUNITÁRIOS DE PALMAS/TO;;0;;;0;0;0;35985;13;1;;2129;False
licitacoes;106/2023;Pregão Eletrônico;PREGÃO ELETRÔNICO RP;Aberta;SECRETARIA MUNICIPAL DA FAZENDA E TRANSFORMAÇÃO DIGITAL;2700;2024-05-24;106;2023054420;2023;;2024-06-13 00:00:00;;;;0.00;0.00;VIGILÂNCIA ARMADA E DESARMADA;;0;;;0;2,E;0;35986;13;1;;2129;False
licitacoes;105/2023;Pregão Eletrônico;PREGÃO ELETRÔNICO RP;Homologada;FUNDO MUNICIPAL DE SAÚDE;3200;2023-12-26;105;2023046857;2023;2024-07-23;2024-01-09 00:00:00;;;;987007.51;618437.60;FUTURA AQUISIÇÃO DE EQUIPAMENTOS/MATERIAIS PERMANENTES DE COPA, COZINHA E OUTROS, PARA ATENDER A REDE MUNICIPAL DE SAÚDE, BEM COMO A UNIDADE DE ALIMENTAÇÃO E NUTRIÇÃO-UAN E UNIDADES DA DIRETORIA DE MÉDIA E ALTA COMPLEXIDADE;;0;;;0;2,A;0;35973;13;5;;2129;False
licitacoes;104/2023;Pregão Eletrônico;PREGAO ELETRONICO;Homologada;SECRETARIA MUNICIPAL DE INFRAESTRUTURA E SERVIÇOS PÚBLICOS;3500;2023-12-21;104;2023051148;2023;2024-02-29;2024-01-08 00:00:00;;;;7360.00;7360.00;AQUISIÇÃO DE UNIFORMES PARA ATENDER OS FUNCIONÁRIOS DA SUPERINTENDÊNCIA DE ILUMINAÇÃO PÚBLICA DE PALMAS-TO.;;0;;;0;2,A;0;35964;13;5;;2129;False
licitacoes;103/2023;Outros;ADESÃO A REGISTRO DE PREÇOS;Homologada;SECRETARIA MUNICIPAL DA HABITAÇÃO;9200;2025-02-07;103;2024025884;2023;2025-02-07;;;;;29717.50;29717.50;"UTILIZAÇÃO DA ATA DE REGISTRO DE PREÇOS Nº 014/2023, ORIUNDA DO PREGÃO ELETRÔNICO - SRP Nº 103/2023 FORMALIZADO PELA SECRETARIA DE FINANÇAS ? DCG,  CUJO OBJETO É PRESTAÇÃO DE SERVIÇOS DE CHAVEIRO COM FORNECIMENTO DE
MATERIAIS. NUP: 037409/2024 (VOLUME 1)";;0;;;0;0;0;38357;99;5;;2129;False
licitacoes;103/2023;Pregão Eletrônico;PREGAO ELETRONICO;Homologada;SECRETARIA MUNICIPAL DE SEGURANCA E MOBILIDADE URBANA;1200;2024-11-08;103;2024024736;2023;2024-11-08;;;;;24095.50;24095.50;UTILIZAÇÃO DA ATA DE REGISTRO DE PREÇOS Nº 014/2024, ORIUNDA DO PREGÃO ELETRÔNICO- SRP Nº 103/2023 FORMALIZADO PELA SECRETARIA DE FINANÇAS ? DCG, PARA CONTRATAÇÃO DE EMPRESA ESPECIALIZADA NA PRESTAÇÃO DE SERVIÇOS DE CHAVEIRO COM FORNECIMENTO DE MATERIAIS PARA ATENDER AS NECESSIDADES DA SECRETARIA MUNICIPAL DE SEGURANÇA E MOBILIDADE URBANA. NUP: 031238/2024;;0;;;0;2,A;0;37871;13;5;;2129;False
licitacoes;103/2023;Pregão Eletrônico;PREGAO ELETRONICO;Homologada;SECRETARIA MUNICIPAL DE SEGURANCA E MOBILIDADE URBANA;1200;2024-11-08;103;2024024736;2023;2025-05-15;;;;;23843.00;23843.00;UTILIZAÇÃO DA ATA DE REGISTRO DE PREÇOS Nº 014/2024, ORIUNDA DO PREGÃO ELETRÔNICO- SRP Nº 103/2023 FORMALIZADO PELA SECRETARIA DE FINANÇAS ? DCG, PARA CONTRATAÇÃO DE EMPRESA ESPECIALIZADA NA PRESTAÇÃO DE SERVIÇOS DE CHAVEIRO COM FORNECIMENTO DE MATERIAIS PARA ATENDER AS NECESSIDADES DA SECRETARIA MUNICIPAL DE SEGURANÇA E MOBILIDADE URBANA. NUP: 031238/2024;;0;;;0;2,A;0;39091;13;5;;2129;False
licitacoes;103/2023;Pregão Eletrônico;PREGÃO ELETRÔNICO RP;Homologada;SECRETARIA MUNICIPAL DA FAZENDA E TRANSFORMAÇÃO DIGITAL;2700;2024-02-16;103;2023038305;2023;2024-05-24;2024-02-29 00:00:00;;;;1437972.00;1437972.00;FUTURA CONTRATAÇÃO DE EMPRESA ESPECIALIZADA NA PRESTAÇÃO DE SERVIÇOS DE CHAVEIRO, COM FORNECIMENTO DE MATERIAIS, PARA ATENDER AOS ÓRGÃOS MUNICIPAIS, CONFORME ART. 44, I, ?E?, DO DECRETO MUNICIPAL Nº 1.031/2015, NAS CONDIÇÕES, QUANTITATIVOS E ESPECIFICAÇÕES ESTABELECIDAS NO EDITAL E SEUS ANEXOS.;;0;;;0;0;0;35944;13;5;;2129;False
licitacoes;102/2023;Pregão Eletrônico;PREGAO ELETRONICO;Homologada;SECRETARIA MUNICIPAL DE PLANEJAMENTO E DESENVOLVIMENTO HUMANO;2500;2024-02-02;102;2023050085;2023;2024-05-13;2024-02-16 00:00:00;;;;314100.00;314100.00;AQUISIÇÃO DE SISTEMA DE ARMAZENAMENTO VERTICAL (ESTANTE DE AÇO TIPO PORTA PALETES).;;0;;;0;2,A;0;35950;13;5;;2129;False
licitacoes;101/2023;Pregão Eletrônico;PREGAO ELETRONICO;Homologada;FUNDO MUNICIPAL DE SAÚDE;3200;2023-12-11;101;2022074465;2023;2024-02-21;;;;;296312.70;296312.70;CONTRATAÇÃO DE EMPRESA ESPECIALIZADA NA PRESTAÇÃO DE SERVIÇOS DE MANUTENÇÃO PREVENTIVA E CORETIVA, COM REPOSIÇÃO DE PEÇAS E ACESSÓRIOS ORIGINAIS E/OU GENUÍNAS EM EQUIPAMENTOS ODONTOLÓGICOS.;;0;;;0;2,A;0;36230;13;5;;2129;False
licitacoes;101/2023;Pregão Eletrônico;PREGAO ELETRONICO;Homologada;FUNDO MUNICIPAL DE SAÚDE;3200;2023-12-11;101;2022074465;2023;2024-02-21;;;;;33303.29;33303.29;CONTRATAÇÃO DE EMPRESA ESPECIALIZADA NA PRESTAÇÃO DE SERVIÇOS DE MANUTENÇÃO PREVENTIVA E CORETIVA, COM REPOSIÇÃO DE PEÇAS E ACESSÓRIOS ORIGINAIS E/OU GENUÍNAS EM EQUIPAMENTOS ODONTOLÓGICOS.;;0;;;0;2,A;0;36231;13;5;;2129;False
licitacoes;101/2023;Pregão Eletrônico;PREGAO ELETRONICO;Homologada;FUNDO MUNICIPAL DE SAÚDE;3200;2023-12-11;101;2022074465;2023;2024-02-21;;;;;54606.58;54606.58;CONTRATAÇÃO DE EMPRESA ESPECIALIZADA NA PRESTAÇÃO DE SERVIÇOS DE MANUTENÇÃO PREVENTIVA E CORETIVA, COM REPOSIÇÃO DE PEÇAS E ACESSÓRIOS ORIGINAIS E/OU GENUÍNAS EM EQUIPAMENTOS ODONTOLÓGICOS.;;0;;;0;2,A;0;36233;13;5;;2129;False
licitacoes;100/2023;Pregão Eletrônico;PREGAO ELETRONICO;Aberta;SECRETARIA MUNICIPAL DE DESENVOLVIMENTO RURAL;3300;2023-12-07;100;2023057583;2023;;2023-12-21 00:00:00;;;;64950.96;64950.96;CONTRATAÇÃO DE EMPRESA PARA FORNECIMENTO DE SÊMEN DE RAÇAS LEITEIRAS PARA REALIZAR O MELHORAMENTO GENETICO DOS REBANHOS LEITEIROS DO MUNICIPIO DE PALMAS.;;0;;;0;2,E;0;35821;13;1;;2129;False
licitacoes;099/2023;Pregão Eletrônico;PREGÃO ELETRÔNICO RP;Homologada;AGÊNCIA DE TRANSPORTE COLETIVO DE PALMAS;1201;2024-01-12;99;2023019500;2023;2024-11-11;;;;;42280.00;42280.00;CONTRATAÇÃO PARA REFORMAS (RECAPAGENS) E CONSERTOS (VULGANIZAÇÃO) DE PNEUS DE VEÍCULOS/ÔNIBUS.;;0;;;0;2,A;0;37900;13;5;;2129;False
licitacoes;099/2023;Pregão Eletrônico;PREGÃO ELETRÔNICO RP;Aberta;AGÊNCIA DE TRANSPORTE COLETIVO DE PALMAS;1201;2023-12-20;99;2023019500;2023;;2024-01-29 00:00:00;;;;0.00;0.00;FUTURA CONTRATAÇÃO DE EMPRESA PARA REALIZAR REFORMAS (RECAPAGENS) E CONSERTOS (VULCANIZAÇÃO) DE PNEUS DE VEÍCULOS/ÔNIBOS.;;0;;;0;2,E;0;35789;13;1;;2129;False
licitacoes;097/2023;Pregão Eletrônico;PREGÃO ELETRÔNICO RP;Homologada;FUNDO MUNICIPAL DE SAÚDE;3200;2023-11-27;97;2023001983;2023;2024-01-09;2023-12-11 00:00:00;;;;282679.00;273873.60;AQUISIÇÃO DE MATERIAIS DESCARTAVÉIS PARA ATENDER A UNIDADE DE ALIMENTAÇÃO E NUTRIÇÃO - UAN DA REDE MUNICIPAL DE SAÚDE.;;0;;;0;2,A;0;35718;13;5;;2129;False
licitacoes;096/2023;Adesão à ata de registro de preço ou participação(carona) em Pregão de Outros Órgãos;ADESÃO A REGISTRO DE PREÇOS;Homologada;SECRETARIA MUNICIPAL DE SEGURANCA E MOBILIDADE URBANA;1200;2024-11-04;96;2024027052;2023;2024-11-04;;;;;40500.00;40500.00;A FUTURA CONTRATAÇÃO DE EMPRESA ESPECIALIZADA PARA O FORNECIMENTO DE  REFEIÇÕES TIPO MARMITEX . MUP: 035198/2024;;0;;;0;1,C;0;37776;16;5;;2129;False
licitacoes;096/2023;Pregão Eletrônico;PREGÃO ELETRÔNICO RP;Homologada;FUNDO MUNICIPAL DE SAÚDE;3200;2023-11-23;96;2023048080;2023;2024-01-04;2023-12-06 00:00:00;;;;405000.00;405000.00;FUTURA CONTRATAÇÃO DE EMPRESA PARA FORNECIMENTO DE REFEIÇÕES (MARMITEX) PARA ATENDER OS SERVIDORES PLANTONISTAS DAS USFS WALTER MORATO ? TAQUARUÇU E MARIAZINHA RODRIGUES ? BURITIRANA;;0;;;0;0;0;35683;13;5;;2129;False
licitacoes;095/2023;Pregão Eletrônico;PREGAO ELETRONICO;Aberta;SECRETARIA MUNICIPAL DE INFRAESTRUTURA E SERVIÇOS PÚBLICOS;3500;2023-11-23;95;2023023350;2023;;2023-12-13 00:00:00;;;;0.00;;AQUISIÇÃO DE LUMINÁRIA LED E RELÉ FOTOELÉTRICO PARA EXECUÇÃO DO PROGRAMA DE REQUALIFICAÇÃO URBANA ? PALMAS PARA O FUTURO, NAS CONDIÇÕES, QUANTITATIVOS E ESPECIFICAÇÕES ESTABELECIDAS NO EDITAL E SEUS ANEXOS.;;0;;;0;0;0;35679;13;1;;2129;False
licitacoes;094/2023;Pregão Eletrônico;PREGÃO ELETRÔNICO RP;Homologada;SECRETARIA MUNICIPAL DE DESENVOLVIMENTO RURAL;3300;2023-11-21;94;2023045842;2023;2024-02-22;2023-12-04 00:00:00;2023-12-04 00:00:00;;;354773.00;354773.00;AQUISIÇÃO DE INSUMOS AGRÍCOLAS;;0;;;0;2,A;0;35668;13;5;;2129;False
licitacoes;093/2023;Pregão Eletrônico;PREGÃO ELETRÔNICO RP;Aberta;SECRETARIA MUNICIPAL DA EDUCAÇÃO;2900;2024-03-13;93;2023054940;2023;;2024-03-22 00:00:00;;;;16909598.83;0.00;FUTURA CONTRATAÇÃO DE EMPRESA ESPECIALIZADA PARA PRESTAÇÃO DE SERVIÇOS DE TRANSPORTE ESCOLAR DOS ALUNOS DA ZONA RURAL, DO ENSINO INFANTIL E ENSINO FUNDAMENTAL, REGULARMENTE MATRICULADOS NA REDE DE ENSINO DO MUNICÍPIO DE PALMAS-TO E ENTIDADES CONVENIADAS, E AINDA, PARA TRANSPORTE DOS SERVIDORES MODULADOS NAS UNIDADES ESCOLARES DO PERÍMETRO RURAL. A PRESTAÇÃO DE SERVIÇOS SERÁ POR QUILÔMETROS RODADOS;;0;;;0;0;0;35662;13;1;;2129;False
licitacoes;092/2023;Pregão Eletrônico;PREGÃO ELETRÔNICO RP;Homologada;FUNDO MUNICIPAL DE SAÚDE;3200;2023-11-27;92;2023041607;2023;2024-02-21;2023-12-07 00:00:00;;;;2048358.96;2048358.96;AQUISIÇÃO DE MATERIAL DE LIMPEZA, HIGIENE PESADA E OUTROS;;0;;;0;2,A;0;35621;13;5;;2129;False
licitacoes;091/2023;Pregão Eletrônico;PREGÃO ELETRÔNICO RP;Homologada;SECRETARIA MUNICIPAL DE INFRAESTRUTURA E SERVIÇOS PÚBLICOS;3500;2023-11-06;91;2023043644;2023;2024-02-09;2023-11-20 00:00:00;2023-11-20 00:00:00;;;363689.45;280694.90;REGISTRO DE PREÇOS PARA AQUISIÇÃO DE ADUBOS E FERTILIZANTES;;0;;;0;0;0;35525;13;5;;2129;False
licitacoes;090/2023;Pregão Eletrônico;PREGÃO ELETRÔNICO RP;Homologada;SECRETARIA MUNICIPAL DE PLANEJAMENTO E DESENVOLVIMENTO HUMANO;2500;2023-11-07;90;2023008492;2023;2024-02-23;2023-11-21 00:00:00;;;;534709.00;506109.00;FUTURA CONTRATAÇÃO DE EMPRESA QUE FORNEÇA MATERIAL DE LIMPEZA, GÊNEROS ALIMENTÍCIOS, E UTENSÍLIOS DE COZINHA COM A FINALIDADE DE ATENDER AS NECESSIDADES DA SECRETARIA MUNICIPAL DA EDUCAÇÃO E SUAS UNIDADES ADMINISTRATIVAS, NAS CONDIÇÕES, QUANTITATIVOS E ESPECIFICAÇÕES ESTABELECIDAS NO EDITAL E SEUS ANEXOS.;;0;;;0;0;0;35523;13;5;;2129;False
licitacoes;088/2023;Pregão Eletrônico;PREGÃO ELETRÔNICO RP;Homologada;FUNDAÇÃO CULTURAL DE PALMAS;7100;2023-10-26;88;2023061021;2023;2023-11-17;2023-11-09 00:00:00;;;;8884650.00;8350000.00;FUTURA CONTRATAÇÃO DE EMPRESA ESPECIALIZADA EM PRESTAÇÃO DE SERVIÇOS DE ORNAMENTAÇÃO NATALINA, CONTEMPLANDO DISPONIBILIZAÇÃO, INSTALAÇÃO E RETIRADA DE TODOS OS ADEREÇOS NESTA MUNICIPALIDADE, BEM COMO AJUSTES E MANUTENÇÃO E ADEQUAÇÕES QUE SE FIZEREM NECESSÁRIOS A EXECUÇÃO E IMPLANTAÇÃO DO PROJETO ANEXO AOS AUTOS CONFORME CONDIÇÕES, QUANTIDADES E EXIGÊNCIAS ESTABELECIDAS NO EDITAL. PARA ATENDER AS NECESSIDADES DA FUNDAÇÃO CULTURAL DE PALMAS NO NATAL, CUJAS ESPECIFICAÇÕES E QUANTITATIVOS ESTÃO ESTABELECIDOS NO EDITAL E SEUS ANEXOS.;;0;;;0;2,A;0;35415;13;5;;2129;False
licitacoes;087/2023;Pregão Eletrônico;PREGÃO ELETRÔNICO RP;Homologada;FUNDO MUNICIPAL DE SAÚDE;3200;2023-10-24;87;2023035984;2023;2023-12-20;2023-10-24 00:00:00;;;;1296433.00;1296433.00;AQUISIÇÃO DE MATERIAL DE CONSUMO DE ENFERMAGEM DE USO AMBULATORIAL E HOSPITALAR.;;0;;;0;0;0;35407;13;5;;2129;False
licitacoes;086/2023;Pregão Eletrônico;PREGÃO ELETRÔNICO RP;Homologada;SECRETARIA MUNICIPAL DE INFRAESTRUTURA E SERVIÇOS PÚBLICOS;3500;2023-10-23;86;2023038833;2023;2024-02-23;2023-11-07 00:00:00;;;;1996950.00;1996950.00;REGISTRO DE PREÇOS PARA FUTURA CONTRATAÇÃO DE EMPRESA ESPECIALIZADA EM LOCAÇÃO DE RO-ÇADEIRAS TIPO COSTAIS (CORTE COM FIO E COM LÂMINA), MOTOSSERRA, MOTOR PODA E SOPRADOR, QUE ATENDERÃO A SECRETARIA MUNICIPAL DE INFRAESTRUTURA E SERVIÇOS PÚBLICOS - SEISP, NAS CONDIÇÕES, QUANTITATIVOS E ESPECIFICAÇÕES ESTABELECIDAS NESTE EDITAL E SEUS ANEXOS.;;0;;;0;0;0;35394;13;5;;2129;False
licitacoes;085/2023;Pregão Eletrônico;PREGÃO ELETRÔNICO RP;Homologada;FUNDO MUNICIPAL DE SAÚDE;3200;2023-10-20;85;2023036185;2023;2023-11-27;2023-11-07 00:00:00;;;;362000.00;362000.00;FUTURA AQUISIÇÃO DE MATERIAIS ? INSUMOS PARA BOMBA INFUSORA DE INSULINA, PARA ATENDER A DEMANDA JUDICIAL, NAS CONDIÇÕES, QUANTITATIVOS E ESPECIFICAÇÕES ESTABELECIDAS NO EDITAL E SEUS ANEXOS.;;0;;;0;0;0;35392;13;5;;2129;False
licitacoes;084/2023;Pregão Eletrônico;PREGAO ELETRONICO;Homologada;CASA CIVIL DO MUNICÍPIO DE PALMAS;9300;2024-11-19;84;2024024636;2023;2024-11-21;;;;;5000.00;5000.00;AQUISIÇÃO DE MATERIAL DE LIMPEZA. NUP: 026063/2024 (VOLUME 1) 026063/2024 (VOLUME 1) -;;0;;;0;2,A;0;37977;13;5;;2129;False
licitacoes;084/2023;Pregão Eletrônico;PREGÃO ELETRÔNICO RP;Homologada;SECRETARIA MUNICIPAL DA FAZENDA E TRANSFORMAÇÃO DIGITAL;2700;2023-10-20;84;2023026499;2023;2024-04-24;2023-11-06 00:00:00;;;;2067570.66;2067570.66;FUTURA CONTRATAÇÃO DE EMPRESA PARA FORNECIMENTO DE MATERIAL DE LIMPEZA E HIGIENE, DESTINADO A ATENDER AS NECESSIDADES DAS UNIDADES GESTORAS DA PREFEITURA DE PALMAS, NAS CONDIÇÕES, QUANTITATIVOS E ESPECIFICAÇÕES ESTABELECIDAS NO EDITAL E SEUS ANEXOS;;0;;;0;2,A;0;35373;13;5;;2129;False
licitacoes;082/2023;Pregão Eletrônico;PREGAO ELETRONICO;Homologada;SECRETARIA MUNICIPAL DE PLANEJAMENTO E DESENVOLVIMENTO HUMANO;2500;2023-10-11;82;2023014702;2023;2024-02-16;2023-10-27 00:00:00;;;;23874.00;23874.00;UNIFORMES E EQUIPAMENTOS DE PROTEÇÃO INDIVIDUAL (EPI'S);;0;;;0;2,A;0;35296;13;5;;2129;False
licitacoes;081/2023;Pregão Eletrônico;PREGAO ELETRONICO;Aberta;SECRETARIA MUNICIPAL DE PLANEJAMENTO E DESENVOLVIMENTO HUMANO;2500;2023-10-31;81;2022056857;2023;;2023-10-31 00:00:00;;;;94684.73;0.00;AQUISIÇÃO DE EQUIPAMENTOS DE INFORMÁTICA (COMPUTADORES, MONITORES, NOTEBOOKS, NOBREAKS E PACOTE OFFICE), COM GARANTIA ON SITE, BEM COMO O FORNECIMENTO DE LICENÇAS DE USO DE SOFTWARE DA MICROSOFT, PARA FINS DE ATENDIMENTO DAS DEMANDAS ADMINISTRATIVAS DAS SUPERINTENDÊNCIAS, DIRETORIAS, E ASSESSORIAS INTEGRANTES DA ESTRUTURA ADMINISTRATIVA DESTA PASTA, NAS CONDIÇÕES, QUANTITATIVOS E ESPECIFICAÇÕES ESTABELECIDAS NO EDITAL E SEUS ANEXOS;;0;;;0;0;0;35293;13;1;;2129;False
licitacoes;080/2023;Pregão Eletrônico;PREGÃO ELETRÔNICO RP;Homologada;FUNDO MUNICIPAL DE SAÚDE;3200;2023-10-04;80;2023012764;2023;2023-12-22;;;;;7197648.00;7197648.00;AQUISIÇÃO DE MATERIAL  DE CONSUMO DE ENFERMAGEM DE USO AMBULATORIAL E HOSPITALAR PARA ATENDER A DEMANDA DE 34 CENTROS DE SAÚDE DA COMUNIDADE QUE DISPONIBILIZA A POPULAÇÃO 85 EQUIPES DO PROGRAMA  SAÚDE DA FAMÍLIA 12 CENTROS DE REFERÊNCIA ESPECIALIZADOS. 03 UNIDADES DE PRONTO ATENDIMENTOS E 01 SERVIÇO DE ATENDIMENTO MÓVEL DE URGÊNCIA - SAMU;;0;;;0;0;0;35285;13;5;;2129;False
licitacoes;079/2023;Pregão Eletrônico;PREGÃO ELETRÔNICO RP;Homologada;FUNDO MUNICIPAL DE SAÚDE;3200;2023-10-04;79;2023038272;2023;2024-02-23;2023-10-19 00:00:00;;;;83160.00;83160.00;AQUISIÇÃO DE INSUMOS PARA ATENDER AS DEMANDAS JUDICIAIS.;;0;;;0;0;0;35257;13;5;;2129;False
licitacoes;078/2023;Pregão Eletrônico;PREGÃO ELETRÔNICO RP;Homologada;FUNDO MUNICIPAL DE SAÚDE;3200;2023-10-03;78;2023035966;2023;2023-12-06;2023-10-17 00:00:00;;;;3329193.50;3329193.50;AQUISIÇÃO DE MATERIAL DE CONSUMO DE ENFERMAGEM DE USO AMBULATORIAL E HOSPITALAR , PARA ATENDER A DEMANDA DA REDE MUNICIPAL DE SAÚDE.;;0;;;0;0;0;35240;13;5;;2129;False
licitacoes;077/2023;Pregão Eletrônico;PREGAO ELETRONICO;Homologada;FUNDO MUNICIPAL DE SAÚDE;3200;2023-09-29;77;2023044679;2023;2023-11-27;2023-10-16 00:00:00;;;;46988.50;46988.50;AQUISIÇÃO DE MATERIAIS DE PAPELARIA PARA SER UTILIZADOS NAS ATIVIDADES DE OFICINAS TERAPÊUTICAS OFERTADAS NOS CENTROS DE ATENÇÃO PSICOSSOCIAL ? CAPS DA REDE MUNICIPAL DE SAÚDE,;;0;;;0;2,A;0;35214;13;5;;2129;False
licitacoes;076/2023;Pregão Eletrônico;PREGÃO ELETRÔNICO RP;Homologada;FUNDAÇÃO CULTURAL DE PALMAS;7100;2023-09-26;76;2023071429;2023;2024-03-14;;;;;39640.30;9342.80;AQUISIÇÃO DE PLANTAS ORNAMENTAIS (ÓRGÃO PARTICIPANTE);;0;;;0;2,A;0;35963;13;5;;2129;False
licitacoes;075/2023;Outros;ADESÃO A REGISTRO DE PREÇOS;Homologada;AGÊNCIA DE TRANSPORTE COLETIVO DE PALMAS;1201;2025-02-05;75;2024027987;2023;2025-02-05;;;;;958057.20;958057.20;"CONTRATAÇÃO DE EMPRESA ESPECIALIZADA EM PRESTAÇÃO DE SERVIÇOS CONTINUADOS COM DEDICAÇÃO EXCLUSIVA DE MÃO DE OBRA DE APOIO ADMINISTRATIVO: RECEPCIONISTA, PARA ATENDER ÀS NECESSIDADES DAS AGÊNCIA DE TRANSPORTE 
COLETIVO DE PALMAS - ATCP. NUP: 057624/2024 (VOLUME 2)";;0;;;0;0;0;38317;99;5;;2129;False
licitacoes;075/2023;Adesão à ata de registro de preço ou participação(carona) em Pregão de Outros Órgãos;ADESÃO A REGISTRO DE PREÇOS;Homologada;SECRETARIA MUNICIPAL DA HABITAÇÃO;9200;2024-11-11;75;2023019545;2023;2024-11-11;;;;;215828.15;215828.15;CONTRATAÇÃO DE EMPRESA ESPECIALIZADA NA PRESTAÇÃO DE SERVIÇOS CONTINUADOS DE LIMPEZA. NUP: 037461;;0;;;0;1,C;0;37896;16;5;;2129;False
licitacoes;075/2023;Pregão Eletrônico;PREGÃO ELETRÔNICO RP;Homologada;FUNDO MUNICIPAL DE SAÚDE;3200;2023-10-18;75;2023019545;2023;2024-02-22;2023-10-09 00:00:00;;;;18366027.84;18366027.84;FUTURA CONTRATAÇÃO DE EMPRESA ESPECIALIZADA NA PRESTAÇÃO DE SERVIÇOS CONTINUADOS DE LIMPEZA HOSPITALAR/ASSEMELHADA, COPEIRAGEM E RECEPÇÃO, VISANDO A OBTENÇÃO DE ADEQUADAS CONDIÇÕES DE SALUBRIDADE E HIGIENE EM DEPENDÊNCIAS MÉDICO-HOSPITALARES, COM A DISPONIBILIZAÇÃO DE MÃO DE OBRA QUALIFICADA, PRODUTOS SANEANTES DOMISSANITÁ-RIOS, MATERIAIS E EQUIPAMENTOS, PARA ATENDER AS NECESSIDADES DA REDE MUNICIPAL DE SAÚDE DE PALMAS-TO, CUJAS ESPECIFICAÇÕES E QUANTITATIVOS ESTÃO ESTABELECIDOS NO EDITAL E SEUS ANEXOS.;;0;;;0;0;0;35122;13;5;;2129;False
licitacoes;075/2023;Adesão à ata de registro de preço ou participação(carona) em Pregão de Outros Órgãos;ADESÃO A REGISTRO DE PREÇOS;Homologada;SECRETARIA MUNICIPAL DA HABITAÇÃO;9200;2023-10-18;75;2024025744;2023;2024-08-27;;;;;382234.50;382234.50;CONTRATAÇÃO DE EMPRESA ESPECIALIZADA NOS SERVIÇOS DE LIMPEZA E CONSERVAÇÃO DA SECRETARIA.;;0;;;0;1,C;0;37385;16;5;;2129;False
licitacoes;075/2023;Adesão à ata de registro de preço ou participação(carona) em Pregão de Outros Órgãos;ADESÃO A REGISTRO DE PREÇOS;Homologada;AGÊNCIA DE TRANSPORTE COLETIVO DE PALMAS;1201;2023-10-18;75;2024027987;2023;2024-09-09;;;;;425803.20;425803.20;CONTRATAÇÃO DE SERVIÇOS DE RECEPCIONISTA.;;0;;;0;1,C;0;37479;16;5;;2129;False
licitacoes;075/2023;Adesão à ata de registro de preço ou participação(carona) em Pregão de Outros Órgãos;ADESÃO A REGISTRO DE PREÇOS;Homologada;INSTITUTO DE PREVIDÊNCIA SOCIAL DO MUNICÍPIO DE PALMAS;6100;2023-08-18;75;2024028277;2023;2024-11-26;;;;;172500.00;172500.00;AQUISIÇÃO DE EQUIPAMENTOS DE INFORMÁTICA.;;0;;;0;1,C;0;38016;16;5;;2129;False
licitacoes;074/2023;Pregão Eletrônico;PREGÃO ELETRÔNICO RP;Homologada;SECRETARIA MUNICIPAL DA FAZENDA E TRANSFORMAÇÃO DIGITAL;2700;2023-09-21;74;2023026500;2023;2024-02-16;2023-10-10 00:00:00;2023-10-10 00:00:00;;;913141.29;458285.59;ESTE PREGÃO TEM POR OBJETO A ESCOLHA DA PROPOSTA MAIS VANTAJOSA PARA REGISTRO DE PREÇOS PARA CONTRATAÇÃO DE EMPRESA PARA FORNECIMENTO DE MATERIAL DE COPA E COZINHA, DESTINADO A ATENDER AS NECESSIDADES DAS UNIDADES GESTORAS DA PREFEITURA DE PALMAS, NAS CONDIÇÕES, QUANTITATIVOS E ESPECIFICAÇÕES ESTABELECIDAS NO EDITAL E SEUS ANEXOS.;;0;;;0;2,A;0;35162;13;5;;2129;False
licitacoes;073/2023;Pregão Eletrônico;PREGÃO ELETRÔNICO RP;Homologada;FUNDO MUNICIPAL DE SAÚDE;3200;2023-09-11;73;2023034393;2023;2024-02-22;2023-09-25 00:00:00;;;;95109.60;95109.60;REGISTRO DE PREÇO PARA AQUISIÇÃO DE FÓRMULA ALIMENTAR DOS PACIENTES DE DEMANDA JUDICIAL E DIETAS NUTRICIONAL PARA OS PACIENTES ASSISTIDOS NAS UNIDADES DE PRONTO ATENDIMENTO UPA?S,  NAS CONDIÇÕES, QUANTITATIVOS E ESPECIFICAÇÕES ESTABELECIDAS NO EDITAL E SEUS ANEXOS;;0;;;0;2,A;0;35051;13;5;;2129;False
licitacoes;072/2023;Adesão à ata de registro de preço ou participação(carona) em Pregão de Outros Órgãos;ADESÃO A REGISTRO DE PREÇOS;Homologada;SECRETARIA MUNICIPAL DE DESENVOLVIMENTO ECONÔMICO E EMPREGO;2600;2024-11-12;72;2024026264;2023;2024-11-12;;;;;80385.00;80385.00;CONTRATAÇÃO DE EMPRESA ESPECIALIZADA NO FORNECIMENTO DE LANCHE INDIVIDUAL, SERVIÇO DE ALMOÇO/JANTAR TIPO BUFFET, COFFEE BREAK, MARMITEX E PETIT FOUR.;;0;;;0;1,B,C;0;37913;16;5;;2129;False
licitacoes;072/2023;Pregão Eletrônico;PREGÃO ELETRÔNICO RP;Homologada;SECRETARIA MUNICIPAL DE PLANEJAMENTO E DESENVOLVIMENTO HUMANO;2500;2023-09-06;72;2023011896;2023;2023-12-06;2023-09-21 00:00:00;;;;334010.00;282000.00;FUTURA CONTRATAÇÃO DE EMPRESA ESPECIALIZADA PARA O FORNECIMENTO DE REFEIÇÕES TIPO LANCHE, ALMOÇO/JANTAR TIPO BUFFET, MARMITEX E SERVIÇOS DE COFFEE-BREAK, INCLUSO MATERIAIS E ORGANIZAÇÃO DO AMBIENTE.;;0;;;0;0;0;35034;13;5;;2129;False
licitacoes;072/2023;Adesão à ata de registro de preço ou participação(carona) em Pregão de Outros Órgãos;ADESÃO A REGISTRO DE PREÇOS;Homologada;AGÊNCIA DE TECNOLOGIA DA INFORMAÇÃO DO  MUNICÍPIO  DE  PALMAS;9600;2023-09-06;72;2024024258;2023;2024-08-23;;;;;180900.00;180900.00;CONTRATAÇÃO DE EMPRESA ESPECIALIZADA PARA O FORNECIMENTO DE BUFFET.;;0;;;0;1,C;0;37374;16;5;;2129;False
licitacoes;071/2023;Pregão Eletrônico;;Aberta;FUNDO MUNICIPAL DE SAÚDE;3200;2023-09-01;71;2023036774;2023;;2023-09-19 00:00:00;;;;0.00;;CONTRATAÇÃO DE EMPRESA ESPECIALIZADA PARA PRESTAÇÃO DE SERVIÇOS DE RESERVA, EMISSÃO, MARCAÇÃO, REMARCAÇÃO, CANCELAMENTO E FORNECIMENTO DE PASSAGENS TERRESTRES INTERMUNICIPAIS, NO TRECHO PALMAS/ARAGUAÍNA/PALMAS, NO QUE SE REFERE AO ENCAMINHAMENTO DOS PACIENTES E ACOMPANHANTES, PARA ATENDER O SETOR DE TRATAMENTO FORA DE DOMICÍLIO ? TFD;;0;;;0;0;0;34961;13;1;;2129;False
licitacoes;071/2023;Pregão Eletrônico;PREGAO ELETRONICO;Homologada;FUNDO MUNICIPAL DE SAÚDE;3200;2023-09-01;71;2023036774;2023;2023-10-31;2023-09-19 00:00:00;;;;39900.00;39900.00;CONTRATAÇÃO DE EMPRESA PARA PRESTAR SERVIÇOS COM FORNECIMENTO DE BILHETES DE PASSAGENS - TFD (TRATAMENTO FORA DE DOMICILIOS/SEMUS);;0;;;0;2,A;0;35454;13;5;;2129;False
licitacoes;070/2023;Pregão Eletrônico;PREGÃO ELETRÔNICO RP;Homologada;FUNDO MUNICIPAL DE SAÚDE;3200;2023-08-25;70;2023029082;2023;2024-01-30;2023-09-12 00:00:00;;;;498715.50;498715.50;FUTURA E EVENTUAL AQUISIÇÃO DE MATERIAIS DE EXPEDIENTE, PARA ATENDER A REDE MUNICIPAL DE SAÚDE, NAS CONDIÇÕES, QUANTITATIVOS E ESPECIFICAÇÕES ESTABELECIDAS NO EDITAL E SEUS ANEXOS.;;0;;;0;0;0;34899;13;5;;2129;False
licitacoes;069/2023;Pregão Eletrônico;PREGÃO ELETRÔNICO RP;Homologada;FUNDO MUNICIPAL DE SAÚDE;3200;2023-08-24;69;2022074177;2023;2023-11-17;2023-09-11 00:00:00;;;;1896480.00;1896480.00;FUTURA AQUISIÇÃO DE INSUMOS E REAGENTES DAS SEÇÕES DE BIOQUÍMICA, COAGULAÇÃO, IMUNOLOGIA, HEMATOLOGIA E HORMÔNIOS, COM FORNECIMENTO DE EQUIPAMENTOS EM SISTEMA DE COMODATO, INCLUINDO ASSISTÊNCIA TÉCNICA/MANUTENÇÕES PREVENTIVAS E CORRETIVAS, CONSUMÍVEIS, SOLUÇÕES DE LIMPEZA, CONTROLES E CALIBRADORES PARA A REALIZAÇÃO DE EXAMES LABORATORIAIS DE ANÁLISES CLÍNICA DO LABORATÓRIO MUNICIPAL DA SECRETARIA MUNICIPAL DE SAÚDE DE PALMAS ? TO, PELO PERÍODO DE 12 MESES, NAS CONDIÇÕES, QUANTITATIVOS E ESPECIFICAÇÕES ESTABELECIDAS NO EDITAL E SEUS ANEXOS;;0;;;0;0;0;34874;13;5;;2129;False
licitacoes;068/2023;Pregão Eletrônico;PREGÃO ELETRÔNICO RP;Homologada;FUNDO MUNICIPAL DE ASSISTÊNCIA SOCIAL;5800;2023-08-22;68;2023028347;2023;2024-02-26;2023-09-04 00:00:00;;;;3289800.00;3289800.00;AQUISIÇÃO DE CESTAS BÁSICAS PARA ATENDER AS FAMÍLIAS EM SITUAÇÃO DE VULNERABILIDADE SOCIAL DESTA MUNICIPALIDADE.;;0;;;0;0;0;34884;13;5;;2129;False
licitacoes;067/2023;Pregão Eletrônico;PREGAO ELETRONICO;Aberta;SECRETARIA MUNICIPAL DE SEGURANCA E MOBILIDADE URBANA;1200;2023-09-27;67;2023024642;2023;;2023-10-16 00:00:00;;;;190515.12;0.00;FORNECIMENTO DE MATERIAL BELICO PARA REAPARELHAMENTO DA GUARDA METROPOLITANA (FUZIL E MUNIÇÃO);;0;;;0;2,E;0;34821;13;1;;2129;False
licitacoes;066/2023;Pregão Eletrônico;PREGÃO ELETRÔNICO RP;Homologada;AGÊNCIA DE TRANSPORTE COLETIVO DE PALMAS;1201;2023-08-14;66;2023010307;2023;2024-04-16;;;;;220000.00;220000.00;AQUISIÇÃO DE CARTÕES COM SISTEMA DE RECARGA;;0;;;0;0;0;34728;13;5;;2129;False
licitacoes;065/2023;Pregão Eletrônico;PREGÃO ELETRÔNICO RP;Homologada;SECRETARIA MUNICIPAL DE INFRAESTRUTURA E SERVIÇOS PÚBLICOS;3500;2023-10-17;65;2023004944;2023;2023-12-01;2023-10-30 00:00:00;;;;21579200.28;17949999.00;REGISTRO DE PREÇO PARA LOCAÇÃO DE CAMINHÃO MÁQUINAS E EQUIPAMENTOS;;0;;;0;2,A;0;34641;13;5;;2129;False
licitacoes;064/2023;Pregão Eletrônico;PREGAO ELETRONICO;Homologada;SECRETARIA MUNICIPAL DE DESENVOLVIMENTO RURAL;3300;2023-08-07;64;2022020549;2023;2023-09-05;2023-08-17 00:00:00;;;;28900.33;22490.00;AQUISIÇÃO DE EQUIPAMENTO DE ULTRASSOM.;;0;;;0;2,A;0;34640;13;5;;2129;False
licitacoes;063/2023;Pregão Eletrônico;PREGÃO ELETRÔNICO RP;Homologada;FUNDO MUNICIPAL DE ASSISTÊNCIA SOCIAL;5800;2023-07-26;63;2023028345;2023;2024-01-02;;;;;1135280.00;640000.00;CONTRATAÇÃO DE EMPRESA PARA FORNECIMENTO DE KITS NATALIDADE.;;0;;;0;0;0;34576;13;5;;2129;False
licitacoes;062/2023;Pregão Eletrônico;PREGAO ELETRONICO;Aberta;SECRETARIA MUNICIPAL DA EDUCAÇÃO;2900;2023-07-25;62;2023007440;2023;;;;;;0.00;0.00;CONTRATAÇÃO DE EMPRESA ESPECIALIZADA PARA PRESTAÇÃO DE SERVIÇO DE TRANSPORTE ESCOLAR DOS ALUNOS DA ZONA RURAL, DO ENSINO INFANTIL E ENSINO FUNDAMENTAL, REGULARMENTE MATRICULADOS NA REDE DE ENSINO DO MUNICÍPIO DE PALMAS;;0;;;0;0;0;34540;13;1;;2129;False
licitacoes;061/2023;Pregão Eletrônico;PREGÃO ELETRÔNICO RP;Homologada;SECRETARIA MUNICIPAL DE DESENVOLVIMENTO ECONÔMICO E EMPREGO;2600;2023-07-25;61;2023036553;2023;2023-09-05;2023-08-08 00:00:00;;;;3590498.10;2059230.00;FUTURA CONTRATAÇÃO DE EMPRESA ESPECIALIZADA EM LOCAÇÃO DE ESTRUTURAS DE TENDAS, STANDS, TABLADOS, DISCIPLINADORES E OUTROS, PARA ATENDIMENTO DA DEMANDA DA SECRETARIA MUNICIPAL DE DESENVOLVIMENTO ECONÔMICO E EMPREGO, NAS CONDIÇÕES, QUANTITATIVOS E ESPECIFICAÇÕES ESTABELECIDAS NO EDITAL E SEUS ANEXOS;;0;;;0;0;0;34521;13;5;;2129;False
licitacoes;059/2023;Pregão Eletrônico;PREGÃO ELETRÔNICO RP;Homologada;FUNDO MUNICIPAL DE SAÚDE;3200;2023-07-20;59;2023012692;2023;2023-10-19;2023-08-03 00:00:00;;;;60710.00;60710.00;AQUISIÇÃO DE MATERIAIS/PRODUTOS DE LIMPEZA PARA ATENDER AS NECESSIDADES DO SERVIÇO DE ATENDIMENTO MÓVEL DE URGÊNCIA ? SAMU 192, UNIDADE DA REDE MUNICIPAL DE SAÚDE;;0;;;0;2,A;0;34492;13;5;;2129;False
licitacoes;058/2023;Pregão Eletrônico;PREGAO ELETRONICO;Aberta;FUNDO MUNICIPAL DE SAÚDE;3200;2023-07-21;58;2023007757;2023;;2023-08-02 00:00:00;;;;0.00;0.00;1.	ESTE PREGÃO TEM POR OBJETO A ESCOLHA DA PROPOSTA MAIS VANTAJOSA PARA CONTRATAÇÃO DE EMPRESA ESPECIALIZADA NA PRESTAÇÃO DE SERVIÇOS DE SONORIZAÇÃO VOLANTE (VEICULAÇÃO) E GRAVAÇÃO DE VINHETA, PARA ATENDER AS NECESSIDADES DA SUPERINTENDÊNCIA DE ATENÇÃO PRIMÁRIA E VIGILÂNCIA EM SAÚDE DA SECRETARIA MUNICIPAL DE SAÚDE DE PALMAS/TO;;0;;;0;2,E;0;34507;13;1;;2129;False
licitacoes;057/2023;Pregão Eletrônico;PREGAO ELETRONICO;Aberta;FUNDO MUNICIPAL DE ASSISTÊNCIA SOCIAL;5800;2023-07-18;57;2023004028;2023;;;;;;0.00;0.00;CONTRATAÇÃO DE EMPRESA PARA PRESTAÇÃO DE SERVIÇO DE AGENCIAMENTO DE VIAGENS.;;0;;;0;2,E;0;34471;13;1;;2129;False
licitacoes;056/2023;Pregão Eletrônico;PREGÃO ELETRÔNICO RP;Homologada;SECRETARIA MUNICIPAL DE INFRAESTRUTURA E SERVIÇOS PÚBLICOS;3500;2023-07-19;56;2023032837;2023;2023-08-18;2023-07-31 00:00:00;;;;798775.20;442500.00;FUTURA AQUISIÇÃO DE ACADEMIAS AO AR LIVRE/ ACADEMIA DA TERCEIRA, IDADE - ATI;;0;;;0;0;0;34468;13;5;;2129;False
licitacoes;055/2023;Pregão Eletrônico;PREGÃO ELETRÔNICO RP;Homologada;FUNDO MUNICIPAL DE SAÚDE;3200;2023-07-17;55;2023024307;2023;2023-09-11;2023-07-28 00:00:00;;;;1151750.00;1151750.00;AQUISIÇÃO DE FRALDAS DESCARTÁVEIS PARA ATENDER A REDE MUNICIPAL DE SAÚDE;;0;;;0;0;0;34445;13;5;;2129;False
licitacoes;054/2023;Pregão Eletrônico;PREGÃO ELETRÔNICO RP;Homologada;SECRETARIA MUNICIPAL DE INFRAESTRUTURA E SERVIÇOS PÚBLICOS;3500;2023-08-30;54;2023014382;2023;2023-11-17;2023-09-14 00:00:00;;;;808610.21;808610.21;FUTURA CONTRATAÇÃO DE EMPRESA ESPECIALIZADA NA PRESTAÇÃO DE SERVIÇOS DE GERENCIAMENTO E CONTROLE DE MANUTENÇÃO PREVENTIVA E CORRETIVA DA FROTA DE VEÍCULOS, MÁQUINAS, ACESSÓRIOS E EQUIPAMENTOS EM GERAL PERTENCENTES A SECRETARIA MUNICIPAL DE INFRAESTRUTURA E SERVIÇOS PÚBLICOS E SERÁ EXECUTADA ATRAVÉS DE SISTEMA VIA WEB, ATRAVÉS DE REDE DE OFICINAS PREVIAMENTE CREDENCIADAS PELA CONTRATADA, CUJAS ESPECIFICAÇÕES E QUANTITATIVOS ESTÃO ESTABELECIDOS NO EDITAL E SEUS ANEXOS.;;0;;;0;0;0;34424;13;5;;2129;False
licitacoes;053/2023;Pregão Eletrônico;PREGÃO ELETRÔNICO RP;Homologada;AGÊNCIA DE TRANSPORTE COLETIVO DE PALMAS;1201;2023-07-05;53;2021034989;2023;2023-10-26;;;;;2998844.61;2998844.61;CONTRATAÇÃO DE EMPRESA ESPECIALIZADA PRA FORNECIMENTO, IMPLANTAÇÃO, RETIRADA, REALOCAÇÃO E ADEQUAÇÃO DE ABRIGOS EM PONTOS DE ONIBUS.;;0;;;0;2,A;0;35413;13;5;;2129;False
licitacoes;052/2023;Pregão Eletrônico;PREGÃO ELETRÔNICO RP;Homologada;AGÊNCIA DE TRANSPORTE COLETIVO DE PALMAS;1201;2023-06-30;52;2023010321;2023;2023-10-25;2023-08-15 00:00:00;;;;5050000.00;6565000.00;FUTURA CONTRATAÇÃO DE EMPRESA ESPECIALIZADA NA PRESTAÇÃO DE SERVIÇOS DE GERENCIAMENTO E CONTROLE DE MANUTENÇÃO PREVENTIVA E CORRETIVA (MECÂNICA EM GERAL) COM FORNECIMENTO DE PEÇAS, PNEUS E ACESSÓRIOS DE REPOSIÇÃO ORIGINAL OU SIMILAR DE PRIMEIRA LINHA, COM IMPLANTAÇÃO E OPERAÇÃO DE SISTEMA INFORMATIZADO, COM UTILIZAÇÃO DE CARTÃO MAGNÉTICO, VIA WEB, POR INTERMÉDIO DE REDES DE ESTABELECIMENTOS CREDENCIADOS, PARA ATENDER A FROTA DE VEÍCULOS DA AGÊNCIA DE TRANSPORTE COLETIVO DE PALMAS, E DA SECRETARIA MUNICIPAL DA EDUCAÇÃO DE PALMAS/TO, CUJAS ESPECIFICAÇÕES E QUANTITATIVOS ESTÃO ESTABELECIDOS NO EDITAL E SEUS ANEXOS;;0;;;0;2,A;0;34296;13;5;;2129;False
licitacoes;051/2023;Pregão Eletrônico;PREGÃO ELETRÔNICO RP;Homologada;SECRETARIA MUNICIPAL DE INFRAESTRUTURA E SERVIÇOS PÚBLICOS;3500;2023-06-30;51;2023035193;2023;2023-10-16;2023-07-13 00:00:00;;;;568001.00;476150.00;FUTURA AQUISIÇÃO DE SEMENTES E MUDAS DE FLORES TIPO PLUGS, NAS CONDIÇÕES, QUANTITATIVOS E ESPECIFICAÇÕES ESTABELECIDAS NO EDITAL E SEUS ANEXOS.;;0;;;0;0;0;34287;13;5;;2129;False
licitacoes;050/2023;Pregão Eletrônico;PREGÃO ELETRÔNICO RP;Homologada;SECRETARIA MUNICIPAL DE INFRAESTRUTURA E SERVIÇOS PÚBLICOS;3500;2023-06-28;50;2023016994;2023;2023-07-27;2023-07-10 00:00:00;;;;341814.50;49390.00;AQUISIÇÃO DE BANDEIRAS OFICIAIS DE PALMAS.;;0;;;0;0;0;34268;13;5;;2129;False
licitacoes;049/2023;Pregão Eletrônico;PREGAO ELETRONICO;Homologada;SECRETARIA MUNICIPAL DA EDUCAÇÃO;2900;2023-06-20;49;2023009292;2023;2023-08-09;;;;;266458.09;155991.86;FORNECIMENTO DE MATERIAS DE EXPEDIENTE.;;0;;;0;2,A;0;34182;13;5;;2129;False
licitacoes;048/2023;Pregão Eletrônico;PREGAO ELETRONICO;Homologada;SECRETARIA MUNICIPAL DE SEGURANCA E MOBILIDADE URBANA;1200;2023-08-21;48;2022046102;2023;2024-02-26;2023-09-01 00:00:00;;;;2324397.86;2324397.85;PARA CONTRATAÇÃO DE EMPRESA ESPECIALIZADA EM CONSTRUÇÃO DE FAIXAS ELEVADAS PARA TRAVESSIA DE PEDESTRE COM SINALIZAÇÃO HORIZONTAL E VERTICAL E PISO TÁTIL.;;0;;;0;2,A;0;34118;13;5;;2129;False
licitacoes;047/2023;Pregão Eletrônico;PREGÃO ELETRÔNICO RP;Homologada;FUNDAÇÃO CULTURAL DE PALMAS;7100;2023-06-14;47;2023035229;2023;2023-08-04;2023-06-26 00:00:00;;;;209587.50;209587.50;FUTURA E EVENTUAL CONTRATAÇÃO DE EMPRESA ESPECIALIZADA NA PRESTAÇÃO DE SERVIÇOS DE LOCAÇÃO DE VEÍCULOS DE TRANSPORTE COLETIVO (COM MOTORISTA E ABASTECIMENTO) PARA ATENDER AS NECESSIDADES DE DESLOCAMENTO DE ALUNOS E SERVIDORES DA FUNDAÇÃO CULTURAL DE PALMAS, E ESPECIALIZADA NA PRESTAÇÃO DE SERVIÇOS DE LOCAÇÃO DE VEÍCULOS DE ENTRETENIMENTO E PROPAGANDA COM SONORIZAÇÃO EM TRIO ELÉTRICO (COM MOTORISTA E ABASTECIMENTO).;;0;;;0;0;0;34111;13;5;;2129;False
licitacoes;045/2023;Pregão Eletrônico;PREGÃO ELETRÔNICO RP;Homologada;AGÊNCIA DE TRANSPORTE COLETIVO DE PALMAS;1201;2023-06-14;45;2023008159;2023;2023-07-28;2023-06-26 00:00:00;;;;30330000.00;30330000.00;CONTRATAÇÃO DE EMPRESA ESPECIALIZADA NA PRESTAÇÃO DE SERVIÇOS EM FORNECIMENTO DE COMBUSTIVEL(ÓLEO DIESEL S10) PARA ATENDER FROTA DE ÔNIBUS DA AGÊNCIA DE TRANSPORTE COLETIVO DE PALMAS;;0;;;0;0;0;34114;13;5;;2129;False
licitacoes;044/2023;Pregão Eletrônico;PREGÃO ELETRÔNICO RP;Homologada;SECRETARIA MUNICIPAL DE INFRAESTRUTURA E SERVIÇOS PÚBLICOS;3500;2023-06-07;44;2023024268;2023;2023-07-18;2023-06-22 00:00:00;;;;382436.70;380100.00;AQUISIÇÃO DE PREÇOS PARA AQUISIÇÃO DE CIMENTO E CAL HIDRTADA PARA PINTURA.;;0;;;0;0;0;34094;13;5;;2129;False
licitacoes;043/2023;Pregão Eletrônico;PREGÃO ELETRÔNICO RP;Homologada;FUNDO MUNICIPAL DE SAÚDE;3200;2023-06-07;43;2023013586;2023;2023-09-26;2023-06-22 00:00:00;;;;291035.00;291035.00;FUTURA AQUISIÇÃO DE MEDICAMENTOS DE CONTROLE ESPECIAL PARA ATENDER AS NECESSIDADES DOS PACIENTES DOS PROGRAMAS DE SAÚDE MENTAL ELABORADO E NORMATIZADO PELO MINISTÉRIO DA SAÚDE DE EXECUÇÃO EXCLUSIVA DOS CENTROS DE ATENÇÃO PSICOSSOCIAIS ? CAPS II. CAPS AD III E CAPS I (INFANTIL), NAS CONDIÇÕES, QUANTITATIVOS E ESPECIFICAÇÕES ESTABELECIDAS NO EDITAL E SEUS ANEXOS;;0;;;0;0;0;34085;13;5;;2129;False
licitacoes;042/2023;Pregão Eletrônico;PREGÃO ELETRÔNICO RP;Homologada;CONTROLADORIA-GERAL DO MUNICÍPIO;9908;2023-06-06;42;2023051063;2023;2023-08-21;;;;;22879.00;18268.90;AQUISIÇÃO DE CONDICIONADORES DE AR E SERVIÇOS DE INSTALAÇÃO E DESINSTALAÇÃO (ÓRGÃO PARTICIPANTE);;0;;;0;2,A;0;34828;13;5;;2129;False
licitacoes;042/2023;Pregão Eletrônico;PREGAO ELETRONICO;Aberta;SECRETARIA MUNICIPAL DE SEGURANCA E MOBILIDADE URBANA;1200;2023-06-06;42;2023051058;2023;;;;;;331721.79;331721.79;AQUISIÇÃO DE CONDICIONADORES DE AR E SERVIÇOS DE INSTALAÇÃO E DESINSTALAÇÃO (ÓRGÃO PARTICIPANTE).;;0;;;0;0;0;34841;13;1;;2129;False
licitacoes;042/2023;Pregão Eletrônico;PREGÃO ELETRÔNICO RP;Homologada;SECRETARIA MUNICIPAL DE SEGURANCA E MOBILIDADE URBANA;1200;2023-06-06;42;2023051058;2023;2023-08-24;;;;;325791.27;325791.27;AQUISIÇÃO DE CONDICIONADORES DE AR E SERVIÇOS DE INSTALAÇÃO E DESINSTALAÇÃO (ÓRGÃO PARTICIPANTE);;0;;;0;2,A;0;34889;13;5;;2129;False
licitacoes;042/2023;Pregão Eletrônico;PREGÃO ELETRÔNICO RP;Homologada;FUNDO MUNICIPAL DE SAÚDE;3200;2023-06-05;42;2023003982;2023;2023-08-14;2023-06-20 00:00:00;;;;9804458.30;9804458.30;CONTRATAÇÃO DE EMPRESA ESPECIALIZADA NO FORNECIMENTO DE APARELHOS CLIMATIZADORES DE AR.;;0;;;0;0;0;34076;13;5;;2129;False
licitacoes;042/2023;Adesão à ata de registro de preço ou participação(carona) em Pregão de Outros Órgãos;ADESÃO A REGISTRO DE PREÇOS;Homologada;SECRETARIA MUNICIPAL DE DESENVOLVIMENTO RURAL;3300;2023-06-05;42;2023064421;2023;2024-04-23;;;;;79749.48;79749.48;AQUISIÇÃO DE AR CONDICIONADOS.;;0;;;0;1,C;0;36839;16;5;;2129;False
licitacoes;041/2023;Pregão Eletrônico;PREGÃO ELETRÔNICO RP;Homologada;FUNDO MUNICIPAL DE SAÚDE;3200;2023-07-03;41;2023005242;2023;2023-09-29;2023-07-14 00:00:00;;;;237995.20;237995.20;CONTRATAÇÃO DE EMPRESA ESPECIALIZADA NO FORNECIMENTO DE CARGA DE OXIGÊNIO MEDICINAL.;;0;;;0;0;0;34078;13;5;;2129;False
licitacoes;040/2023;Pregão Eletrônico;PREGÃO ELETRÔNICO RP;Homologada;FUNDO MUNICIPAL DE SAÚDE;3200;2023-06-02;40;2022069251;2023;2023-08-21;2023-06-19 00:00:00;;;;5503436.00;5503436.00;PARA REGISTRO DE PREÇOS PARA FUTURA AQUISIÇÃO DE GÊNEROS ALIMENTÍCIOS E MATERIAL DE COPA E COZINHA, PARA ATENDER A SECRETARIA MUNICIPAL DE SAÚDE DE PALMAS, PARA PRODUÇÃO DAS REFEIÇÕES COMPREENDENDO DESJEJUM, ALMOÇO, JANTAR E CEIA DA REDE MUNICIPAL DE SAÚDE.;;0;;;0;0;0;34069;13;5;;2129;False
licitacoes;039/2023;Pregão Eletrônico;PREGÃO ELETRÔNICO RP;Homologada;SECRETARIA MUNICIPAL DE INFRAESTRUTURA E SERVIÇOS PÚBLICOS;3500;2023-05-30;39;2023011712;2023;2023-08-07;;;;;440872.40;196980.00;AQUISIÇÃO DE UNIFORMES.;;0;;;0;0;0;34055;13;5;;2129;False
licitacoes;039/2023;Pregão Eletrônico;PREGAO ELETRONICO;Homologada;SECRETARIA MUNICIPAL DE INFRAESTRUTURA E SERVIÇOS PÚBLICOS;3500;2023-05-30;39;2023011712;2023;2024-02-15;;;;;36680.00;36680.00;REGISTRO DE PREÇO PARA CONTRATAÇÃO DE EMPRESA ESPECIALIZADA EM FORNECIMENTO DE UNIFORMES;;0;;;0;2,A;0;36165;13;5;;2129;False
licitacoes;038/2023;Pregão Eletrônico;PREGÃO ELETRÔNICO RP;Homologada;SECRETARIA MUNICIPAL DE INFRAESTRUTURA E SERVIÇOS PÚBLICOS;3500;2023-05-29;38;2023014532;2023;2023-07-31;2023-06-13 00:00:00;;;;4944019.28;3982321.20;FORNECIMENTO DE ALIMENTAÇÃO PRONTA ACONDICIONADA EM EMBALAGENS TIPO ?MARMITEX?.;;0;;;0;0;0;34028;13;5;;2129;False
licitacoes;038/2023;Pregão Eletrônico;PREGAO ELETRONICO;Homologada;SECRETARIA MUNICIPAL DE INFRAESTRUTURA E SERVIÇOS PÚBLICOS;3500;2023-05-29;38;2023014532;2023;2023-08-10;2023-06-13 00:00:00;;;;331000.00;330999.99;AQUISIÇÃO DE REFEIÇÕES TIPO MARMITEX;;0;;;0;2,A;0;34689;13;5;;2129;False
licitacoes;038/2023;Pregão Eletrônico;PREGÃO ELETRÔNICO RP;Homologada;FUNDO MUNICIPAL DE ASSISTÊNCIA SOCIAL;5800;2023-03-23;38;2023045723;2023;2024-02-22;;;;;386100.00;386100.00;AQUISIÇÃO DE MARMITEX;;0;;;0;2,A;0;36264;13;5;;2129;False
licitacoes;037/2023;Pregão Eletrônico;PREGÃO ELETRÔNICO RP;Homologada;FUNDAÇÃO CULTURAL DE PALMAS;7100;2023-05-26;37;2023033393;2023;2023-08-04;;;;;2429575.20;1357680.00;FUTURA CONTRATAÇÃO DE EMPRESA PARA PRESTAÇÃO DE SERVIÇOS DE CONFECÇÃO E FORNECIMENTO DE MATERIAIS GRAFICOS, COMUNICAÇÃO VISUAL, SERIGRAFIA INCLUINDO A CRIAÇÃO DE ARTE GRAFICA DOS MATERIAIS SOLICITADOS;;0;;;0;0;0;34022;13;5;;2129;False
licitacoes;036/2023;Pregão Eletrônico;PREGAO ELETRONICO;Homologada;SECRETARIA MUNICIPAL DE INFRAESTRUTURA E SERVIÇOS PÚBLICOS;3500;2023-05-23;36;2023008672;2023;2023-07-19;2023-06-12 00:00:00;;;;1099999.97;1099999.97;CONTRATAÇÃO DE EMPRESA ESPECIALIZADA PARA REVITALIZAÇÃO DO SISTEMA DE ILUMINAÇÃO PÚBLICA INTERNA DO PARQUE CESAMAR - PALMAS.;;0;;;0;2,A,1,B;0;33995;13;5;;2129;False
licitacoes;035/2023;Pregão Eletrônico;PREGÃO ELETRÔNICO RP;Homologada;SECRETARIA MUNICIPAL DA SAÚDE;8600;2023-05-18;35;2022052098;2023;2023-09-28;2023-05-31 00:00:00;;;;276177.34;276177.34;AQUISIÇÃO DE MEDICAMENTOS DEMANDA JUDICIAL GERAL.;;0;;;0;0;0;33959;13;5;;2129;False
licitacoes;034/2023;Pregão Eletrônico;PREGÃO ELETRÔNICO RP;Homologada;FUNDAÇÃO CULTURAL DE PALMAS;7100;2023-05-08;34;2023027253;2023;2023-06-16;2023-05-18 00:00:00;;;;444500.00;444500.00;FUTURA CONTRATAÇÃO DE EMPRESA ESPECIALIZADA PARA REALIZAÇÃO DE SHOWS PIROTÉCNICOS COM O FORNECIMENTO DE FOGOS DE ARTIFÍCIOS SEM ESTAMPIDO SONORO, CONFORME A LEI ESTADUAL Nº 4.133//2023, PARA AS FESTIVIDADES DO MUNICÍPIO DE PALMAS, NAS CONDIÇÕES, QUANTITATIVOS E ESPECIFICAÇÕES ESTABELECIDAS NO EDITAL E SEUS ANEXOS;;0;;;0;2,A;0;33810;13;5;;2129;False
licitacoes;033/2023;Pregão Eletrônico;PREGÃO ELETRÔNICO RP;Homologada;FUNDAÇÃO CULTURAL DE PALMAS;7100;2023-05-08;33;2023028206;2023;2023-06-20;2023-05-18 00:00:00;;;;940862.90;940862.90;CONTRATAÇÃO DE EMPRESA ESPECIALIZADA NA PRESTAÇÃO DE SERVIÇOS DE PLANEJAMENTO, ORGANIZAÇÃO, COORDENAÇÃO, EXECUÇÃO E APOIO OPERACIONAL E LOGISTICO PARA REALIZAÇÃO DE EVENTOS PROMOVIDOS OU APOIADOS POR ESTA PASTA.;;0;;;0;0;0;33812;13;5;;2129;False
licitacoes;032/2023;Pregão Eletrônico;PREGÃO ELETRÔNICO RP;Homologada;FUNDO MUNICIPAL DE SAÚDE;3200;2023-05-08;32;2022049152;2023;2023-07-24;;;;;1442133.00;1442133.00;AQUISIÇÃO DE MEDICAMENTOS REMUME CONTROLADOS.;;0;;;0;0;0;33828;13;5;;2129;False
licitacoes;031/2023;Pregão Eletrônico;PREGÃO ELETRÔNICO RP;Homologada;FUNDAÇÃO CULTURAL DE PALMAS;7100;2023-05-05;31;2023017931;2023;2023-06-20;2023-05-17 00:00:00;;;;696172.00;438800.00;FUTURA CONTRATAÇÃO DE EMPRESA ESPECIALIZADA PARA O FORNECIMENTO DE REFEIÇÕES TIPO LANCHE INDIVIDUAL, ALMOÇO/JANTAR TIPO BUFFET, SERVIÇO DE COFFEE-BREAK, COQUETEL E BOLOS CONFEITADOS PARA EVENTOS INSTITUCIONAIS E DO CALENDÁRIO ANUAL DA FUNDAÇÃO CULTURAL DE PALMAS, INCLUSO FORNECIMENTO DE MATERIAIS E TODO O SERVIÇO DE APOIO, NAS CONDIÇÕES, QUANTITATIVOS E ESPECIFICAÇÕES ESTABELECIDAS NO EDITAL E SEUS ANEXOS;;0;;;0;2,A;0;33801;13;5;;2129;False
licitacoes;031/2023;Pregão Eletrônico;PREGÃO ELETRÔNICO RP;Homologada;CASA CIVIL DO MUNICÍPIO DE PALMAS;9300;2023-05-05;31;2023038621;2023;2023-05-31;;;;;94946.00;94946.00;FUTURA CONTRATAÇÃO DE EMPRESA ESPECIALIZADA PARA O FORNECIMENTO DE REFEIÇÕES TIPO LANCHE INDIVIDUAL, ALMOÇO/JANTAR TIPO BUFFET, SERVIÇO DE COFFEE-BREAK, COQUETEL E BOLOS CONFEITADOS PARA EVENTOS INSTITUCIONAIS E DO CALENDÁRIO ANUAL DA FUNDAÇÃO CULTURAL DE PALMAS, INCLUSO FORNECIMENTO DE MATERIAIS E TODO O SERVIÇO DE APOIO, NAS CONDIÇÕES, QUANTITATIVOS E ESPECIFICAÇÕES ESTABELECIDAS NO EDITAL E SEUS ANEXOS;;0;;;0;2,A;0;34042;13;5;;2129;False
licitacoes;031/2023;Pregão Eletrônico;PREGÃO ELETRÔNICO RP;Homologada;SECRETARIA MUNICIPAL DE GOVERNO E RELAÇÕES INSTITUCIONAIS;7900;2023-05-05;31;2023038862;2023;2023-05-31;;;;;610600.00;610600.00;CONTRATAÇÃO DE EMPRESA ESPECIALIZADA PARA O FORNECIMENTO DE REFEIÇÕES TIPO LANCHE INDIVIDUAL, ALMOÇO/JANTAR TIPO BUFFET, SERVIÇOS DE COFFEE BREAK, COQUETEL E BOLOS CONFEITADOS PARA EVENTOS INSTITUCIONAIS;;0;;;0;2,A;0;34053;13;5;;2129;False
licitacoes;031/2023;Pregão Eletrônico;PREGÃO ELETRÔNICO RP;Homologada;AGENCIA DE REGULACAO, CONTROLE E FISCALIZACAO DE SERVICOS PUBLICOS DE PALMAS;9100;2023-05-05;31;2023039444;2023;2023-06-05;;;;;38250.00;18600.00;CONTRATAÇÃO DE EMPRESA ESPECIALIZADA NA PRESTAÇÃO DE SERVIÇO DE FORNECIMENTO DE REFEIÇÕES TIPO LANCHE INDIVIDUAL, ALMOÇO/JANTAR TIPO BUFFET, SERVIÇO DE COFFEE BREAK, COQUETEL E BOLOS CONFEITADOS PARA EVENTOS INSTITUCIONAIS;;0;;;0;2,A;0;34066;13;5;;2129;False
licitacoes;031/2023;Pregão Eletrônico;PREGÃO ELETRÔNICO RP;Homologada;FUNDAÇÃO MUNICIPAL DE ESPORTES E LAZER DE PALMAS;1600;2023-05-05;31;2023042016;2023;2023-06-15;2023-05-17 00:00:00;;;;335343.50;190400.00;CONTRATAÇÃO DE EMPRESA ESPECIALIZADA NA PRESTAÇÃO DE SERVIÇO DE FORNECIMENTO DE REFEIÇÕES TIPO LANCHE INDIVIDUAL, ALMOÇO/JANTAR TIPO BUFFET, SERVIÇOS DE COFFEE BREAK, COQUETEL E BOLOS CONFEITADOS PARA EVENTOS INSTITUCIONAIS;;0;;;0;2,A;0;34129;13;5;;2129;False
licitacoes;031/2023;Pregão Eletrônico;PREGÃO ELETRÔNICO RP;Homologada;SECRETARIA MUNICIPAL DE SEGURANCA E MOBILIDADE URBANA;1200;2023-05-05;31;2023042293;2023;2023-06-22;;;;;117208.00;58400.00;CONTRATAÇÃO DE EMPRESA ESPECIALIZADA NA PRESTAÇÃO DE SERVIÇO DE FORNECIMENTO DE REFEIÇÕES TIPO LANCHE INDIVIDUAL, ALMOÇO/JANTAR TIPO BUFFET, SERVIÇOS DE COFFEE BREAK, COQUETEL E BOLOS CONFEITADOS PARA EVENTOS INSTITUCIONAIS;;0;;;0;2,A;0;34148;13;5;;2129;False
licitacoes;031/2023;Pregão Eletrônico;PREGÃO ELETRÔNICO RP;Homologada;PROCURADORIA GERAL DO MUNICÍPIO DE PALMAS;2300;2023-05-05;31;2023042712;2023;2023-06-20;;;;;58295.00;37400.00;CONTRATAÇÃO DE EMPRESA ESPECIALIZADA PARA O FORNECIMENTO DE REFEIÇÕES TIPO LANCHE INDIVIDUAL, ALMOÇO/JANTAR TIPO BUFFET, SERVIÇO DE COFFEE-BREAK, COQUETEL E BOLOS CONFEITADOS PARA EVENTOS INSTITUCIONAIS;;0;;;0;2,A;0;34166;13;5;;2129;False
licitacoes;031/2023;Pregão Eletrônico;PREGÃO ELETRÔNICO RP;Homologada;CONTROLADORIA-GERAL DO MUNICÍPIO;9908;2023-05-05;31;2023043114;2023;2023-06-21;;;;;14615.00;10340.00;CONTRATAÇÃO DE EMPRESA ESPECIALIZADA PARA O FORNECIMENTO DE REFEIÇÕES TIPO LANCHE INDIVIDUAL, ALMOÇO/JANTAR TIPO BUFFET, SERVIÇO DE COFFEE-BREAK, COQUETEL E BOLOS CONFEITADOS PARA EVENTOS INSTITUCIONAIS;;0;;;0;2,A;0;34187;13;5;;2129;False
licitacoes;031/2023;Pregão Eletrônico;PREGÃO ELETRÔNICO RP;Homologada;SECRETARIA MUNICIPAL DA HABITAÇÃO;9200;2023-05-05;31;2023043324;2023;2023-06-22;;;;;76950.00;38800.00;CONTRATAÇÃO DE EMPRESA ESPECIALIZADA PARA O FORNECIMENTO DE REFEIÇÕES TIPO LANCHE INDIVIDUAL, ALMOÇO/JANTAR TIPO BUFFET, SERVIÇO DE COFFEE-BREAK, COQUETEL E BOLOS CONFEITADOS PARA EVENTOS INSTITUCIONAIS;;0;;;0;2,A;0;34210;13;5;;2129;False
licitacoes;031/2023;Pregão Eletrônico;PREGÃO ELETRÔNICO RP;Homologada;SECRETARIA MUNICIPAL DE ASSUNTOS FUNDIÁRIOS;9000;2023-05-05;31;2023043206;2023;2023-06-26;;;;;147888.00;147888.00;CONTRATAÇÃO DE EMPRESA ESPECIALIZADA PARA O FORNECIMENTO DE REFEIÇÕES TIPO LANCHE INDIVIDUAL, ALMOÇO/JANTAR TIPO BUFFET, SERVIÇO DE COFFEE-BREAK, COQUETEL E BOLOS CONFEITADOS PARA EVENTOS INSTITUCIONAIS;;0;;;0;2,A;0;34227;13;5;;2129;False
licitacoes;031/2023;Pregão Eletrônico;PREGÃO ELETRÔNICO RP;Aberta;FUNDAÇÃO MUNICIPAL DA JUVENTUDE DE PALMAS;8900;2023-05-05;31;2023043305;2023;;;;;;183617.00;183617.00;CONTRATAÇÃO DE EMPRESA ESPECIALIZADA PARA O FORNECIMENTO DE REFEIÇÕES TIPO LANCHE INDIVIDUAL, ALMOÇO/JANTAR TIPO BUFFET, SERVIÇO DE COFFEE-BREAK, COQUETEL E BOLOS CONFEITADOS PARA EVENTOS INSTITUCIONAIS;;0;;;0;0;0;34230;13;1;;2129;False
licitacoes;031/2023;Pregão Eletrônico;PREGÃO ELETRÔNICO RP;Homologada;SECRETARIA MUNICIPAL DE DESENVOLVIMENTO ECONÔMICO E EMPREGO;2600;2023-05-05;31;2023043216;2023;2023-06-26;;;;;93729.00;93729.00;CONTRATAÇÃO DE EMPRESA ESPECIALIZADA PARA O FORNECIMENTO DE REFEIÇÕES TIPO LANCHE INDIVIDUAL, ALMOÇO/JANTAR TIPO BUFFET, SERVIÇO DE COFFEE-BREAK, COQUETEL E BOLOS CONFEITADOS PARA EVENTOS INSTITUCIONAIS;;0;;;0;2,A,1,B;0;34232;13;5;;2129;False
licitacoes;031/2023;Pregão Eletrônico;PREGÃO ELETRÔNICO RP;Homologada;AGÊNCIA MUNICIPAL DE TURISMO;1400;2023-05-05;31;2023043884;2023;2023-09-18;;;;;403900.00;403900.00;CONTRATAÇÃO DE EMPRESA ESPECIALIZADA PARA O FORNECIMENTO DE REFEIÇÕES TIPO LANCHE INDIVIDUAL, ALMOÇO/JANTAR TIPO BUFFET, SERVIÇO DE COFFEE-BREAK, COQUETEL E BOLOS CONFEITADOS PARA EVENTOS INSTITUCIONAIS;;0;;;0;2,A;0;34234;13;5;;2129;False
licitacoes;031/2023;Pregão Eletrônico;PREGÃO ELETRÔNICO RP;Homologada;SECRETARIA MUNICIPAL DE PLANEJAMENTO E DESENVOLVIMENTO HUMANO;2500;2023-05-05;31;2023044396;2023;2023-06-27;;;;;280860.00;280860.00;CONTRATAÇÃO DE EMPRESA ESPECIALIZADA PARA O FORNECIMENTO DE REFEIÇÕES TIPO LANCHE INDIVIDUAL, ALMOÇO/JANTAR TIPO BUFFET, SERVIÇO DE COFFEE-BREAK, COQUETEL E BOLOS CONFEITADOS PARA EVENTOS INSTITUCIONAIS;;0;;;0;2,A,1,B;0;34257;13;5;;2129;False
licitacoes;031/2023;Pregão Eletrônico;PREGÃO ELETRÔNICO RP;Homologada;FUNDO MUNICIPAL DE SAÚDE;3200;2023-05-05;31;2023044618;2023;2023-07-04;;;;;236920.00;118000.00;CONTRATAÇÃO DE EMPRESA ESPECIALIZADA NA PRESTAÇÃO DE SERVIÇO DE FORNECIMENTO DE REFEIÇÕES TIPO LANCHE INDIVIDUAL, ALMOÇO/JANTAR TIPO BUFFET, SERVIÇOS DE COFFEE BREAK, COQUETEL E BOLOS CONFEITADOS PARA EVENTOS INSTITUCIONAIS;;0;;;0;2,A;0;34328;13;5;;2129;False
licitacoes;030/2023;Pregão Eletrônico;PREGÃO ELETRÔNICO RP;Homologada;FUNDO MUNICIPAL DE SAÚDE;3200;2023-06-26;30;2022070609;2023;2023-10-31;2023-07-07 00:00:00;;;;16899999.90;16899999.90;PRESTAÇÃO DE SERVIÇO - LOCAÇÃO DE VEÍCULOS;;0;;;0;0;0;33804;13;5;;2129;False
licitacoes;028/2023;Pregão Eletrônico;PREGAO ELETRONICO;Aberta;SECRETARIA MUNICIPAL DE PLANEJAMENTO E DESENVOLVIMENTO HUMANO;2500;2023-05-12;28;2022050749;2023;;2023-05-24 00:00:00;;;;0.00;0.00;VIGILÂNCIA ELETRÔNICA;;0;;;0;2,E;0;33782;13;1;;2129;False
licitacoes;027/2023;Adesão à ata de registro de preço ou participação(carona) em Pregão de Outros Órgãos;ADESÃO A REGISTRO DE PREÇOS;Homologada;AGENCIA DE REGULACAO, CONTROLE E FISCALIZACAO DE SERVICOS PUBLICOS DE PALMAS;9100;2023-08-23;27;2024028081;2023;2024-10-28;;;;;257934.00;257934.00;AQUISIÇÃO E INSTALAÇÃO DE CONDICIONADORES DE AR.;;0;;;0;1,C;0;37632;16;5;;2129;False
licitacoes;027/2023;Pregão Eletrônico;PREGAO ELETRONICO;Aberta;SECRETARIA MUNICIPAL DE PLANEJAMENTO E DESENVOLVIMENTO HUMANO;2500;2023-05-12;27;2022026898;2023;;2023-05-25 00:00:00;;;;0.00;0.00;CONTRATAÇÃO DE EMPRESA ESPECIALIZADA EM SERVIÇOS DE AUDITORIA E RECUPERAÇÃO DE CRÉDITOS PRESCRICIONAIS NA FOLHA DE PAGAMENTO DA PREFEITURA MUNICIPAL DE PALMAS, CUJO TRABALHO SERÁ FEITO POR MEIO DA DISPONIBILIZAÇÃO DE EQUIPE TÉCNICA, USO DE SOFTWARE ESPECÍFICO PARA PROCESSAMENTO DE INFORMAÇÃO E MONTAGEM DE BANCO DE DADOS, APRESENTAÇÃO E DISPONIBILIZAÇÃO DAS INFORMAÇÕES DO BANCO DE DADOS COM RELATÓRIOS E PARECER SOBRE AS DEMONSTRAÇÕES FINANCEIRAS DOS ÚLTIMOS 05 (CINCO) ANOS JUNTO À RECEITA FEDERAL DO BRASIL, CAIXA ECONÔMICA FEDERAL E BANCO DO BRASIL E PEDIDOS DE RESTITUIÇÃO E/OU COMPENSAÇÕES DE RECOLHIMENTOS IDENTIFICADOS COMO EFETUADOS DE FORMA INDEVIDA CONFORME APURAÇÃO NA ANÁLISE, VISANDO OTIMIZAR E REGULARIZAR AS INCONSISTÊNCIAS  DO BANCO DE DADOS DE PESSOAL E A SITUAÇÃO FINANCEIRA DO MUNICÍPIO DE PALMAS, NAS CONDIÇÕES, QUANTITATIVOS E ESPECIFICAÇÕES ESTABELECIDAS NO EDITAL E SEUS ANEXOS.;;0;;;0;0;0;33732;13;1;;2129;False
licitacoes;026/2023;Pregão Eletrônico;PREGÃO ELETRÔNICO RP;Homologada;FUNDO MUNICIPAL DE SAÚDE;3200;2023-04-25;26;2022058564;2023;2023-08-04;2023-04-25 00:00:00;;;;1711216.00;1711216.00;CONTRTAÇÃO DE EMPRESA PARA FORNECIMENTO DE MEDICAMENTOS REMUME II, PARA ATENDER A REDE MUNICIPAL DE SAÚDE, NAS CONDIÇÕES, QUANTITATIVOS E ESPECIFICAÇÕES ESTABELECIDAS NESTE EDITAL E SEUS ANEXOS;;0;;;0;0;0;33718;13;5;;2129;False
licitacoes;025/2023;Pregão Eletrônico;PREGAO ELETRONICO;Homologada;SECRETARIA MUNICIPAL DE PLANEJAMENTO E DESENVOLVIMENTO HUMANO;2500;2023-04-20;25;2022040370;2023;2023-07-04;2023-05-08 00:00:00;;;;35750.90;24490.48;AQUISIÇÃO DE MATERIAIS DE INFORMÁTICA (PERIFÉRICOS) (TECLADO, MOUSE, SWITCH, HD EXTERNO, PEN DRIVE, PARA ATENDIMENTO DA SECRETARIA MUNICIPAL DE PLANEJAMENTO E DESENVOLVIMENTO HUMANO, CONFORME AS CONDIÇÕES, QUANTITATIVOS E ESPECIFICAÇÕES ESTABELECIDAS NESTE EDITAL E SEUS ANEXOS.;;0;;;0;2,A;0;33698;13;5;;2129;False
licitacoes;024/2023;Pregão Eletrônico;PREGÃO ELETRÔNICO RP;Homologada;SECRETARIA MUNICIPAL DE INFRAESTRUTURA E SERVIÇOS PÚBLICOS;3500;2023-04-13;24;2023008518;2023;2023-08-08;2023-04-27 00:00:00;;;;2139800.00;2139800.00;FUTURA CONTRATAÇÃO DE EMPRESA ESPECIALIZADA NO FORNECIMENTO DE CONCRETO USINADO BOMBEÁVEL, CLASSE DE RESISTÊNCIA C20, COM BRITA 0, SLUMP = 220+/- 20MM, INCLUI SERVIÇO DE BOMBEAMENTO (NBR 8953);;0;;;0;2,A;0;33644;13;5;;2129;False
licitacoes;023/2023;Pregão Eletrônico;PREGÃO ELETRÔNICO RP;Homologada;SECRETARIA MUNICIPAL DE INFRAESTRUTURA E SERVIÇOS PÚBLICOS;3500;2023-04-03;23;2022063038;2023;2023-05-26;;;;;190226.00;94000.00;AQUISIÇÃO DE BANCO ECOLÓGICO DE MADEIRA PLÁSTICA COM ENCOSTO PARA JARDIM.;;0;;;0;0;0;33600;13;5;;2129;False
licitacoes;022/2023;Pregão Eletrônico;PREGAO ELETRONICO;Homologada;FUNDO MUNICIPAL DE SAÚDE;3200;2023-03-31;22;2022071096;2023;2023-06-13;2023-04-17 00:00:00;;;;354600.00;128400.00;A CONTRATAÇÃO DE EMPRESA ESPECIALIZADA PARA PRESTAÇÃO DE SERVIÇOS DE MANUTENÇÃO PREVENTIVA E CORRETIVA, COM REPOSIÇÃO DE PEÇAS DOS GRUPOS DE GERADORES A DIESEL, PARA ATENDER A REDE MUNICIPAL DE SAÚDE, POR UM PERÍODO DE 12 (DOZE) MESES DE FORMA CONTÍNUA.;;0;;;0;2,A;0;33594;13;5;;2129;False
licitacoes;020/2023;Adesão à ata de registro de preço ou participação(carona) em Pregão de Outros Órgãos;ADESÃO A REGISTRO DE PREÇOS;Homologada;SECRETARIA DO GABINETE DO PREFEITO;9909;2023-12-11;20;2025000512;2023;2025-03-20;;;;;213225.44;213225.44;AQUISIÇÃO DE MOBILIÁRIO.;;0;;;0;1,C;0;38663;16;5;;2129;False
licitacoes;020/2023;Adesão à ata de registro de preço ou participação(carona) em Pregão de Outros Órgãos;ADESÃO A REGISTRO DE PREÇOS;Homologada;INSTITUTO DE PREVIDÊNCIA SOCIAL DO MUNICÍPIO DE PALMAS;6100;2023-12-11;20;2025001949;2023;2025-03-24;;;;;377440.00;377440.00;AQUISIÇÃO DE ARQUIVO DESLIZANTE.;;0;;;0;1,C;0;38687;16;5;;2129;False
licitacoes;020/2023;Adesão à ata de registro de preço ou participação(carona) em Pregão de Outros Órgãos;ADESÃO A REGISTRO DE PREÇOS;Homologada;SECRETARIA MUNICIPAL DE ZELADORIA URBANA;1900;2023-12-11;20;2025001180;2023;2025-03-26;;;;;433851.20;433851.20;AQUISIÇÃO DE MOBILIÁRIO.;;0;;;0;0;0;38712;16;5;;2129;False
licitacoes;020/2023;Adesão à ata de registro de preço ou participação(carona) em Pregão de Outros Órgãos;ADESÃO A REGISTRO DE PREÇOS;Homologada;SECRETARIA MUNICIPAL DA FAZENDA E TRANSFORMAÇÃO DIGITAL;2700;2023-12-06;20;2024027997;2023;2024-10-04;;;;;1927782.36;1927782.36;AQUISIÇÃO DE MOBILIÁRIO.;;0;;;0;1,C;0;37553;16;5;;2129;False
licitacoes;020/2023;Adesão à ata de registro de preço ou participação(carona) em Pregão de Outros Órgãos;ADESÃO A REGISTRO DE PREÇOS;Homologada;SECRETARIA MUNICIPAL DA FAZENDA E TRANSFORMAÇÃO DIGITAL;2700;2023-12-06;20;2024027997;2023;2024-10-07;;;;;214198.04;213998.84;AQUISIÇÃO DE MOBILIÁRIO.;;0;;;0;1,C;0;37558;16;5;;2129;False
licitacoes;020/2023;Pregão Eletrônico;PREGÃO ELETRÔNICO RP;Homologada;SECRETARIA MUNICIPAL DE INFRAESTRUTURA E SERVIÇOS PÚBLICOS;3500;2023-04-26;20;2023005281;2023;2023-06-01;2023-05-10 00:00:00;;;;8637660.00;8010000.00;REGISTRO DE PREÇOS PARA AQUISIÇÃO MASSA ASFÁLTICA CBUQ-CONCRETO BETUMINOSO USINADO A QUENTE PARA APLICAÇÃO A FRIO;;0;;;0;0;0;33541;13;5;;2129;False
licitacoes;019/2023;Pregão Eletrônico;PREGÃO ELETRÔNICO RP;Homologada;FUNDAÇÃO CULTURAL DE PALMAS;7100;2024-05-15;19;2023000939;2023;2024-05-17;;;;;4770.00;4770.00;CONTRATAÇÃO DE EMPRESA PARA RECARGA DE GÁS DE COZINHA (GLP 13KG),;;0;;;0;2,A;0;36959;13;5;;2129;False
licitacoes;019/2023;Pregão Eletrônico;PREGAO ELETRONICO;Homologada;AGÊNCIA MUNICIPAL DE TURISMO;1400;2023-04-10;19;2023039981;2023;2023-07-04;;;;;19796.60;19796.60;FORNECIMENTO DE AGUA MINERAL, GELO EM CUBO E GAS DE COZINHA;;0;;;0;2,A;0;34344;13;5;;2129;False
licitacoes;019/2023;Pregão Eletrônico;PREGÃO ELETRÔNICO RP;Homologada;AGÊNCIA DE TECNOLOGIA DA INFORMAÇÃO DO  MUNICÍPIO  DE  PALMAS;9600;2023-03-28;19;2023060689;2023;2023-10-18;;;;;8058.00;8058.00;AQUISIÇÃO DE ÁGUA MINERAL E GÁS GLP, PARA A AGTEC;;0;;;0;2,A;0;35298;13;5;;2129;False
licitacoes;019/2023;Adesão à ata de registro de preço ou participação(carona) em Pregão de Outros Órgãos;ADESÃO A REGISTRO DE PREÇOS;Homologada;SECRETARIA MUNICIPAL DA HABITAÇÃO;9200;2023-03-28;19;2024023956;2023;2025-02-07;;;;;1590.00;1590.00;UTILIZAÇÃO DA ATA DE REGISTRO DE PREÇOS Nº 015/2023, ORIUNDA DO PREGÃO ELETRÔNICO Nº 019/2023 FORMALIZADO PELA SECRETARIA DE FINANÇAS ? DCG,    PARA AQUISIÇÃO DE RECARGA DE GÁS LIQUEFEITO DE PETRÓLEO ? GLP (GÁS DE COZINHA) 13KG;;0;;;0;1,C;0;38355;16;5;;2129;False
licitacoes;019/2023;Pregão Eletrônico;PREGÃO ELETRÔNICO RP;Homologada;SECRETARIA MUNICIPAL DA FAZENDA E TRANSFORMAÇÃO DIGITAL;2700;2023-03-27;19;2023000939;2023;2023-05-17;;;;;1068536.65;1068536.65;AQUISIÇÃO DE ÁGUA MINERAL, GELO E RECARGA DE GÁS DE COZINHA.;;0;;;0;0;0;33542;13;5;;2129;False
licitacoes;018/2023;Pregão Eletrônico;PREGÃO ELETRÔNICO RP;Homologada;AGÊNCIA DE TECNOLOGIA DA INFORMAÇÃO DO  MUNICÍPIO  DE  PALMAS;9600;2023-04-19;18;2022048281;2023;2023-08-01;2023-05-04 00:00:00;;;;2500612.50;1991000.00;CONTRATAÇÃO DE EMPRESA ESPECIALIZADA NA IMPLANTAÇÃO DE SOLUÇÃO DE SOFTWARE WEB DE MONITORAMENTO E GESTÃO DO PLANEJAMENTO ESTRATÉGICO, PROJETOS, INDICADORES, REUNIÕES, APRESENTAÇÕES, PORTFÓLIOS, COMUNICAÇÃO, APLICATIVO MOBILE, PAINEL DE GOVERNANÇA, SUPORTE A UTILIZAÇÃO DE PLATAFORMA, LICENCIAMENTO PERMANENTE PARA USUÁRIOS E SERVIÇOS TÉCNICOS DE SUPORTE, IMPLANTAÇÃO, TREINAMENTO, OPERAÇÃO ASSISTIDA, DESENVOLVIMENTO EVOLUTIVO, INTEGRAÇÕES E DASHBOARDS.;;0;;;0;0;0;33530;13;5;;2129;False
licitacoes;017/2023;Adesão à ata de registro de preço ou participação(carona) em Pregão de Outros Órgãos;ADESÃO A REGISTRO DE PREÇOS;Homologada;SECRETARIA MUNICIPAL DA EDUCAÇÃO;2900;2023-06-27;17;2024025911;2023;2024-09-12;;;;;264435.00;264435.00;AQUISIÇÃO DE UTENSÍLIOS DE COPA E COZINHA.;;0;;;0;1,C;0;37492;16;5;;2129;False
licitacoes;017/2023;Pregão Eletrônico;PREGÃO ELETRÔNICO RP;Homologada;SECRETARIA MUNICIPAL DA SAÚDE;8600;2023-03-23;17;2022052108;2023;2023-07-13;2023-04-10 00:00:00;;;;3871462.00;3871462.00;REGISTRO DE PREÇOS PARA FUTURA CONTRATAÇÃO DE EMPRESA PARA FORNECIMENTO DE MEDICAMENTOS REMUNE INJETÁVEIS, PARA ATENDER A REDE MUNICIPAL DE SAÚDE.;;0;;;0;0;0;33529;13;5;;2129;False
licitacoes;016/2023;Pregão Eletrônico;PREGÃO ELETRÔNICO RP;Homologada;SECRETARIA MUNICIPAL DA SAÚDE;8600;2023-03-23;16;2022065404;2023;2023-06-22;2023-04-05 00:00:00;;;;959017.50;959017.50;AQUISIÇÃO DE INSUMOS ODONTOLÓGICOS.;;0;;;0;2,A;0;33522;13;5;;2129;False
licitacoes;015/2023;Pregão Eletrônico;PREGAO ELETRONICO;Aberta;SECRETARIA MUNICIPAL DA FAZENDA E TRANSFORMAÇÃO DIGITAL;2700;2023-03-21;15;2022054695;2023;;2023-04-03 00:00:00;;;;0.00;0.00;AQUISIÇÃO DE EQUIPAMENTOS D3E INFORMÁTICA PARA ATENDER AS DEMANDAS DAS SUPERINTENDÊNCIAS, DIRETORIA;;0;;;0;2,E;0;33516;13;1;;2129;False
licitacoes;014/2023;Tomada de Preço para Compras e Serviços;TOMADA DE PREÇOS;Aberta;SECRETARIA MUNICIPAL DE INFRAESTRUTURA E SERVIÇOS PÚBLICOS;3500;2024-01-17;14;2023049505;2023;;2024-03-06 00:00:00;;;;0.00;0.00;O OBJETO DESTA TOMADA DE PREÇOS É A CONTRATAÇÃO DE EMPRESA ESPECIALIZADA PARA A EXECUÇÃO DE OBRAS DE DRENAGEM PLUVIAL DA AVENIDA LO-14 (ENTRE AV. NS-02 E AV.NS-06) E ABERTURAS DAS CAIXAS COLETORAS (BL) E REJUVENESCIMENTO COM MICROREVESTIMENTO DA QUADRA ARNE 61 - PALMAS - TO;;0;;;0;0;0;35953;3;1;;2129;False
licitacoes;014/2023;Pregão Eletrônico;PREGÃO ELETRÔNICO RP;Homologada;SECRETARIA MUNICIPAL DE COMUNICAÇÃO;5600;2023-03-27;14;2022040921;2023;2023-06-02;;;;;172440.08;143863.28;AQUISIÇÃO DE MATERIAIS DE FOTOGRAFIA EM GERAL PARA ATENDER AS DEMANDAS DA SECOM.;;0;;;0;0;0;33426;13;5;;2129;False
licitacoes;013/2023;Tomada de Preço para Compras e Serviços;TOMADA DE PREÇOS;Aberta;FUNDAÇÃO MUNICIPAL DE ESPORTES E LAZER DE PALMAS;1600;2023-10-03;13;2023026644;2023;;2023-10-23 00:00:00;;;;0.00;0.00;O OBJETO É A CONSTRUÇÃO DE 04 (QUATRO) QUADRAS POLIESPORTIVA, PALMAS - TO, CONFORME TERMOS DESTE INSTRUMENTO E DEMAIS ELEMENTOS INSTRUTORES ANEXOS;;0;;;0;0;0;35241;3;1;;2129;False
licitacoes;013/2023;Pregão Eletrônico;PREGÃO ELETRÔNICO RP;Aberta;SECRETARIA MUNICIPAL DE SEGURANCA E MOBILIDADE URBANA;1200;2023-03-10;13;2021050777;2023;;2023-03-24 00:00:00;;;;0.00;0.00;CONTRATAÇÃO DE EMPRESA ESPECIALIZADA PARA CONSTRUÇÃO DE UMA PRAÇA NA QUADRA ARSE 121 (1204 SUL), NO MUNICÍPIO DE PALMAS ? TO, CONFORME TERMOS DESTE INSTRUMENTO E DEMAIS ELEMENTOS INSTRUTORES ANEXOS;;0;;;0;2,E;0;33400;13;1;;2129;False
licitacoes;012/2023;Concorrência para Compras e Serviços;CONCORRÊNCIA;Aberta;SECRETARIA MUNICIPAL DE INFRAESTRUTURA E SERVIÇOS PÚBLICOS;3500;2024-02-21;12;2023054535;2023;;2024-03-27 00:00:00;;;;0.00;0.00;EXECUÇÃO DE CAIXAS COLETORA (BLS), ADUELAS E TAMPÕES NO SETOR JARDIM AURENY III E AVENIDA LO-04 ENTRE AVENIDA NS-10 E RODOVIA TO-010 E REJUVENESCIMENTO COM MICRO REVESTIMENTO ASFÁLTICO DAS QUADRAS DAS REGIÃO NORTE E SUL, EM PALMAS -TO;;0;;;0;0;0;36003;5;1;;2129;False
licitacoes;012/2023;Tomada de Preço para Compras e Serviços;TOMADA DE PREÇOS;Aberta;SECRETARIA MUNICIPAL DE INFRAESTRUTURA E SERVIÇOS PÚBLICOS;3500;2023-11-22;12;2023040738;2023;;2023-12-13 00:00:00;;;;0.00;0.00;REVITALIZAÇÃO DE PRAÇA NA ARNE 12 (106 NORTE) CONFORME TERMOS DESTE INSTRUMENTO E DEMAIS ELEMENTOS INSTRUTORES ANEXOS;;0;;;0;0;0;35216;3;1;;2129;False
licitacoes;012/2023;Pregão Eletrônico;PREGAO ELETRONICO;Aberta;FUNDO MUNICIPAL DE SAÚDE;3200;2023-02-24;12;2022062608;2023;;2023-03-09 00:00:00;;;;0.00;0.00;AQUISIÇÃO DE APARELHO DE RAIO X ODONTOLÓGICO  PARA ATENDER AS DEMANDAS DO CENTRO DE ESPECIALIDADES ODONTOLÓGICA - CEO, CONFORME AS CONDIÇÕES, QUANTITATIVOS E ESPECIFICAÇÕES ESTABELECIDAS NO EDITAL E SEUS ANEXOS;;0;;;0;0;0;33222;13;1;;2129;False
licitacoes;011/2023;Concorrência para Compras e Serviços;CONCORRÊNCIA;Aberta;SECRETARIA MUNICIPAL DE INFRAESTRUTURA E SERVIÇOS PÚBLICOS;3500;2023-12-28;11;2023026782;2023;;2024-01-30 00:00:00;;;;0.00;0.00;EXECUÇÃO DE OBRAS PARA IMPLANTAÇÃO/ADEQUAÇÃO DE TRÊS PONTES EM CONCRETO ARMADO, SENDO UMA NO DISTRITO DE TAQUARUÇU E DUAS NO SETOR MORADA DO SOL, REGIÃO SUL DE PALMAS -TO;;0;;;0;0;0;35987;5;1;;2129;False
licitacoes;011/2023;Tomada de Preço para Obras e Serviços de Engenharia;TOMADA DE PREÇOS PARA OBRAS E SERVIÇOS DE ENGENHARIA;Aberta;SECRETARIA MUNICIPAL DE INFRAESTRUTURA E SERVIÇOS PÚBLICOS;3500;2023-11-21;11;2023041127;2023;;2023-12-12 00:00:00;;;;0.00;0.00;O OBJETO DESTA TOMADA DE PREÇOS É A CONTRATAÇÃO DE EMPRESA ESPECIALIZADA PARA ELABORAÇÃO DE PROJETO DE INFRAESTRUTURA PARA READEQUAÇÃO DO SISTEMA DE MACRODRENAGEM PLUVIAL NO LANÇAMENTO DA AVENIDA LO-29 ENTRE AV. NS-5B ATÉ O LANÇAMENTO PALMAS ? TO;;0;;;0;0;0;34959;4;1;;2129;False
licitacoes;011/2023;Pregão Eletrônico;PREGÃO ELETRÔNICO RP;Aberta;SECRETARIA MUNICIPAL DA EDUCAÇÃO;2900;2023-02-15;11;2022047946;2023;;2023-02-28 00:00:00;;;;0.00;0.00;CONTRATAÇÃO DE EMPRESA PARA FORNECIMENTO DE JOGOS PEDAGÓGICOS INFANTIS PARA ATENDER DEMANDA DA SECRETARIA MUNICIPAL DE EDUCAÇÃO.;;0;;;0;2,E;0;33147;13;1;;2129;False
licitacoes;010/2023;Concorrência para Compras e Serviços;CONCORRÊNCIA;Homologada;SECRETARIA MUNICIPAL DE INFRAESTRUTURA E SERVIÇOS PÚBLICOS;3500;2023-12-26;10;2023062766;2023;2024-05-03;2024-01-26 00:00:00;;;;500000.00;500000.00;EXECUÇÃO E RECUPERAÇÃO DE GUIAS SEM SARJETA, INCLUINDO FORNECIMENTO DE MATERIAL, MÃO-DE-OBRA, TRANSPORTE DE MATERIAL E EQUIPAMENTO, E FORNECIMENTO DE MEIO-FIO PRÉ-MOLDADO, NO MUNICÍPIO DE PALMAS ? TO;;0;;;0;2,A;0;35971;5;5;;2129;False
licitacoes;010/2023;Tomada de Preço para Obras e Serviços de Engenharia;TOMADA DE PREÇOS PARA OBRAS E SERVIÇOS DE ENGENHARIA;Aberta;FUNDAÇÃO MUNICIPAL DE ESPORTES E LAZER DE PALMAS;1600;2023-08-17;10;2023026656;2023;;2023-09-13 00:00:00;;;;873091.50;873091.50;A CONTRATAÇÃO DE EMPRESA ESPECIALIZADA PARA A CONSTRUÇÃO DE UM CAMPO DE FUTEBOL NO JARDIM TAQUARI EM PALMAS ? TO;;0;;;0;0;0;34868;4;1;;2129;False
licitacoes;010/2023;Pregão Eletrônico;PREGAO ELETRONICO;Homologada;FUNDAÇÃO CULTURAL DE PALMAS;7100;2023-03-08;10;2022061642;2023;2023-03-08;2023-02-16 00:00:00;;;;32302.63;10373.40;AQUISIÇÃO DE MATERIAIS ELÉTRICOS PARA INSTALAÇÃO DA ILUMINAÇÃO DECORATIVA DO PARQUE DAS ARTES, LOCALIZADO NO ESPAÇO CULTURAL JOSÉ GOMES SOBRINHO.;;0;;;0;2,A;0;33025;13;5;;2129;False
licitacoes;009/2023;Concorrência para Compras e Serviços;CONCORRÊNCIA;Homologada;SECRETARIA MUNICIPAL DE INFRAESTRUTURA E SERVIÇOS PÚBLICOS;3500;2023-12-14;9;2023019235;2023;2024-07-17;2024-01-16 00:00:00;;;;10000000.00;10000000.00;EXECUÇÃO DE OBRAS DE TERRAPLENAGEM, DRENAGEM PLUVIAL, PAVIMENTAÇÃO ASFÁLTICA E SINALIZAÇÃO VIÁRIA (TRÊS LOTES) NO ÂMBITO DO PROGRAMA DE REQUALIFICAÇÃO URBANA PALMAS PARA O FUTURO, EM PALMAS - TO;;0;;;0;2,A;0;35874;5;5;;2129;False
licitacoes;009/2023;Tomada de Preço para Compras e Serviços;TOMADA DE PREÇOS;Aberta;SECRETARIA MUNICIPAL DE INFRAESTRUTURA E SERVIÇOS PÚBLICOS;3500;2023-08-10;9;2023024649;2023;;2023-09-05 00:00:00;;;;0.00;0.00;CONSTRUÇÃO DE PRAÇA NO SETOR JARDIM PAULISTA - PALMAS/TO;;0;;;0;0;0;34735;3;1;;2129;False
licitacoes;009/2023;Pregão Eletrônico;PREGÃO ELETRÔNICO RP;Homologada;FUNDAÇÃO CULTURAL DE PALMAS;7100;2023-02-03;9;2022059776;2023;2023-03-27;2023-02-15 00:00:00;;;;154852.16;101739.23;AQUISIÇÃO DE MATERIAIS ARTÍSTICOS DE CONSUMO, PARA ATENDER AS NECESSIDADES DOS PROJETOS DENTRO DO PROGRAMA DE FORMAÇÃO ARTÍSTICA NO ANO DE 2023.;;0;;;0;0;0;33012;13;5;;2129;False
licitacoes;008/2023;Concorrência para Compras e Serviços;CONCORRÊNCIA;Homologada;SECRETARIA MUNICIPAL DE INFRAESTRUTURA E SERVIÇOS PÚBLICOS;3500;2023-12-11;8;2022031146;2023;2024-04-16;2024-01-10 00:00:00;;;;13814403.91;13814403.91;O OBJETO DA CONCORRÊNCIA PÚBLICA INTERNACIONAL É A EXECUÇÃO DE OBRAS PARA IMPLANTAÇÃO DE ILUMINA-ÇÃO PÚBLICA NOS CANTEIROS CENTRAIS DE DIVERSAS AVENIDAS DE PALMAS/TO, NO ÂMBITO DO PROGRAMA DE REQUALIFICAÇÃO URBANA PALMAS PARA O FUTURO, EM PALMAS - TO;;0;;;0;2,A;0;35847;5;5;;2129;False
licitacoes;008/2023;Tomada de Preço para Compras e Serviços;TOMADA DE PREÇOS;Aberta;FUNDAÇÃO DE MEIO AMBIENTE DE PALMAS;7800;2023-08-28;8;2020001890;2023;;2023-09-18 00:00:00;;;;0.00;0.00;"A PRESENTE TOMADA DE PREÇOS, DO TIPO TÉCNICA E PREÇO, DESTINA-SE À SELECIONAR EMPRESA PARA ELABORAÇÃO DE ESTUDOS DE REFERÊNCIA PARA APOIAR A PROTEÇÃO DA BIODIVERSIDADE DO BIOMA DO CERRADO NO MUNICÍPIO DE PALMAS, ESTADO DO TOCANTINS, PELA CRIAÇÃO DE UNIDADES DE CONSERVAÇÃO MUNICIPAIS E O ZONEAMENTO DE ÁREAS VERDES E ESPAÇOS PÚBLICOS URBANOS, NO ÂMBITO DO ""PROJETO: APOIO À PROTEÇÃO DA BIODIVERSIDADE DO BIOMA CERRADO NO MUNICÍPIO DE PALMAS/TO"", FINANCIADO PELA CAF, CONFORME ACORDO DE COOPERAÇÃO TÉCNICA NÃO REEMBOLSÁVEL ENTRE CORPORACIÓN ANDINA DE FOMENTO E MUNICÍPIO DE PALMAS/TO";;0;;;0;0;0;34501;3;1;;2129;False
licitacoes;008/2023;Pregão Eletrônico;PREGÃO ELETRÔNICO RP;Homologada;SECRETARIA MUNICIPAL DA SAÚDE;8600;2023-01-31;8;2022064521;2023;2023-03-15;;;;;48220.00;48220.00;AQUISIÇÃO DE ÁGUA MINERAL E GELO.;;0;;;0;0;0;33005;13;5;;2129;False
licitacoes;007/2023;Concorrência para Compras e Serviços;CONCORRÊNCIA;Homologada;SECRETARIA MUNICIPAL DA FAZENDA E TRANSFORMAÇÃO DIGITAL;2700;2023-10-09;7;2023039014;2023;2024-07-09;2023-12-04 00:00:00;;;;3557812.50;3557812.50;CONTRATAÇÃO DE EMPRESA ESPECIALIZADA PARA PRESTAÇÃO DE SERVIÇOS DE LEVANTAMENTO AEROFOTOGRAMÉTRICO, COM REVISÃO CADASTRAL PARA CRIAR BASE DE DADOS GEOESPACIAIS MULTIFINALITÁRIA DO MUNICÍPIO DE PALMAS/TO;;0;;;0;2,A;0;35287;5;5;;2129;False
licitacoes;007/2023;Tomada de Preço para Compras e Serviços;TOMADA DE PREÇOS;Aberta;SECRETARIA MUNICIPAL DE DESENVOLVIMENTO SOCIAL;3700;2023-08-28;7;2021021451;2023;;2023-09-19 00:00:00;;;;0.00;0.00;CONSTRUÇÃO DE CENTRO DE CONVIVÊNCIA DE TAQUARI, PALMAS - TO;;0;;;0;2,E;0;34451;3;1;;2129;False
licitacoes;007/2023;Pregão Eletrônico;PREGÃO ELETRÔNICO RP;Homologada;SECRETARIA MUNICIPAL DA SAÚDE;8600;2023-01-30;7;2022043470;2023;2023-03-14;2023-02-08 00:00:00;;;;74772.98;74772.98;AQUISIÇÃO  DE MATERIAIS DE CONSUMO PARA ATENDER AS AÇÕES EDUCATIVAS DE PREVENÇÃO E PROMOÇÃO DA SAÚDE.;;0;;;0;0;0;32999;13;5;;2129;False
licitacoes;006/2023;Concorrência para Obras e Serviços de Engenharia;CONCORRÊNCIA PÚBLICA PARA OBRAS E SERVIÇOS DE ENGENHARIA;Aberta;SECRETARIA MUNICIPAL DE INFRAESTRUTURA E SERVIÇOS PÚBLICOS;3500;2023-09-27;6;2023031741;2023;;2023-10-30 00:00:00;;;;0.00;0.00;O OBJETO DA CONCORRÊNCIA PÚBLICA É A EXECUÇÃO DE REVITALIZAÇÃO DO PAVIMENTO NOS PONTOS DE ÔNIBUS, CONFORME RELAÇÃO DE LOCALIZAÇÃO E DRENAGEM PLUVIAL NO TRECHO DA ESTAÇÃO XAMBIOÁ, PALMAS ?TO;;0;;;0;0;0;35153;6;1;;2129;False
licitacoes;006/2023;Tomada de Preço para Compras e Serviços;TOMADA DE PREÇOS;Aberta;SECRETARIA MUNICIPAL DE INFRAESTRUTURA E SERVIÇOS PÚBLICOS;3500;2023-06-16;6;2023024633;2023;;2023-07-03 00:00:00;;;;0.00;0.00;CONTRATAÇÃO DE EMPRESA ESPECIALIZADA PARA A CONSTRUÇÃO DE UMA PRAÇA NA QUADRA ARSO 41(403 SUL), EM PALMAS - TO;;0;;;0;0;0;34142;3;1;;2129;False
licitacoes;006/2023;Pregão Eletrônico;PREGÃO ELETRÔNICO RP;Homologada;SECRETARIA MUNICIPAL DA SAÚDE;8600;2023-01-16;6;2022045187;2023;2023-04-18;2023-01-26 00:00:00;;;;396057.50;396057.50;FUTURA AQUISIÇÃO DE REPELENTES PARA GESTANTES, TESTES RÁPIDOS DE GRAVIDEZ, PROTETOR SOLAR E GEL LUBRIFICANTE ÍNTIMO, NAS CONDIÇÕES, QUANTITATIVOS E ESPECIFICAÇÕES ESTABELECIDAS NO EDITAL E SEUS ANEXOS.;;0;;;0;0;0;32974;13;5;;2129;False
licitacoes;005/2023;Concorrência para Compras e Serviços;CONCORRÊNCIA;Aberta;SECRETARIA MUNICIPAL DE INFRAESTRUTURA E SERVIÇOS PÚBLICOS;3500;2023-12-01;5;2023038256;2023;;2024-01-08 00:00:00;;;;0.00;0.00;O OBJETO DA CONCORRÊNCIA PÚBLICA É A EXECUÇÃO DE OBRAS PARA IMPLANTAÇÃO DA PONTE EM CONCRETO ARMADO SOBRE CÓRREGO SANTA BÁRBARA, PROLONGAMENTO DA AV. TEOTÔNIO SEGURADO, PISTA SENTIDO SUL - PALMAS -TO, CONFORME TERMO DE REFERÊNCIA E ANEXOS;;0;;;0;0;0;34661;5;1;;2129;False
licitacoes;005/2023;Tomada de Preço para Compras e Serviços;TOMADA DE PREÇOS;Homologada;SECRETARIA MUNICIPAL DE DESENVOLVIMENTO ECONÔMICO E EMPREGO;2600;2023-03-31;5;2022008733;2023;2023-07-20;2023-04-24 00:00:00;;;;498533.83;456357.20;REFORMA DA FEIRA DA ARSE 112 (1106 SUL), EM PALMAS - TO;;0;;;0;2,A;0;33590;3;5;;2129;False
licitacoes;005/2023;Pregão Eletrônico;PREGÃO ELETRÔNICO RP;Homologada;SECRETARIA MUNICIPAL DE DESENVOLVIMENTO ECONÔMICO E EMPREGO;2600;2023-01-17;5;2022052631;2023;2023-06-21;2023-01-27 00:00:00;;;;20453815.00;20453815.00;CONFECÇÃO DE BARRACAS BANCADAS, EXPOSITORES E MESAS A SEREM UTILIZADAS NAS FEIRAS COBERTAS DE PALMAS- TO;;0;;;0;0;0;32986;13;5;;2129;False
licitacoes;004/2023;Outros;CREDENCIAMENTO;Homologada;FUNDO MUNICIPAL DE ASSISTÊNCIA SOCIAL;5800;2023-07-13;4;2023054130;2023;2023-11-20;;;;;105990.90;105990.90;PRESTAÇÃO DE SERVIÇOS FUNERÁRIOS.;;0;;;0;0;0;35638;99;5;;2129;False
licitacoes;004/2023;Outros;CREDENCIAMENTO;Homologada;FUNDO MUNICIPAL DE ASSISTÊNCIA SOCIAL;5800;2023-07-13;4;2023054132;2023;2023-11-20;;;;;105990.90;105990.90;PRESTAÇÃO DE SERVIÇOS FUNERÁRIOS.;;0;;;0;0;0;35639;99;5;;2129;False
licitacoes;004/2023;Outros;CREDENCIAMENTO;Aberta;FUNDO MUNICIPAL DE ASSISTÊNCIA SOCIAL;5800;2023-06-27;4;2023025068;2023;;2023-07-13 00:00:00;;;;0.00;0.00;CONTRATAÇÃO DE EMPRESAS ESPECIALIZADAS BA PRESTAÇÃO DE SERVIÇOS FUNERÁRIOS, OBJETIVANDO ATENDER FAMÍLIAS EM VULNERABILIDADE SOCIAL DO MUNICIPIO;;0;;;0;0;0;34255;99;1;;2129;False
licitacoes;004/2023;Registro de Preço;CONCORRENCIA REGISTRO DE PREÇO;Homologada;SECRETARIA MUNICIPAL DE INFRAESTRUTURA E SERVIÇOS PÚBLICOS;3500;2023-04-26;4;2023001509;2023;2023-09-26;2023-05-29 00:00:00;;;;17121118.43;17121118.43;REGISTRO DE PREÇOS PARA EVENTUAL CONTRATAÇÃO DE EMPRESA ESPECIALIZADA EM SERVIÇOS DE SINALIZAÇÃO VERTICAL E HORIZONTAL EM VIAS DE PALMAS;;0;;;0;0;0;33728;90;5;;2129;False
licitacoes;004/2023;Tomada de Preço para Compras e Serviços;TOMADA DE PREÇOS;Aberta;SECRETARIA MUNICIPAL DE INFRAESTRUTURA E SERVIÇOS PÚBLICOS;3500;2023-03-13;4;2022074433;2023;;2023-04-03 00:00:00;;;;0.00;0.00;IMPLANTAÇÃO  DO COMPLEXO  ESPORTIVO DE TAQUARUÇU;;0;;;0;0;0;33429;3;1;;2129;False
licitacoes;004/2023;Pregão Eletrônico;PREGÃO ELETRÔNICO RP;Homologada;SECRETARIA MUNICIPAL DA SAÚDE;8600;2023-01-11;4;2022051359;2023;2023-02-27;;;;;1560880.52;809459.50;AQUISIÇÃO DE MEDICAMENTOS (INSULINAS) PARA ATENDIMENTO DAS DEMANDAS JUDICIAIS.;;0;;;0;0;0;32956;13;5;;2129;False
licitacoes;003/2023;Concorrência para Compras e Serviços;CONCORRÊNCIA;Homologada;SECRETARIA MUNICIPAL DE INFRAESTRUTURA E SERVIÇOS PÚBLICOS;3500;2023-10-26;3;2023009545;2023;2025-01-17;2023-11-28 00:00:00;;;;3278296.28;3278296.28;EXECUÇÃO DE OBRAS DE RECUPERAÇÃO, REFORÇO E REABILITAÇÃO DE OBRAS DE ARTES ESPECIAIS - OAE?S NO MUNICÍPIO DE PALMAS-TO;;0;;;0;2,A;0;33660;5;5;;2129;False
licitacoes;003/2023;Outros;CREDENCIAMENTO;Aberta;SECRETARIA MUNICIPAL DE PLANEJAMENTO E DESENVOLVIMENTO HUMANO;2500;2023-04-14;3;2023010196;2023;;2023-04-20 00:00:00;;;;0.00;0.00;O OBJETO DESTE EDITAL É O CREDENCIAMENTO DE EMPRESA(S) ESPECIALIZADA(S) NA PRESTAÇÃO DE SERVIÇOS DE FORNECIMENTO E GERENCIAMENTO DE AUXÍLIO-ALIMENTAÇÃO, POR MEIO DE CARTÃO ELETRÔNICO MAGNÉTICO COM OU SEM CHIP DE SEGURANÇA E SENHA INDIVIDUAL;;0;;;0;0;0;33550;99;1;;2129;False
licitacoes;003/2023;Tomada de Preço para Compras e Serviços;TOMADA DE PREÇOS;Homologada;SECRETARIA MUNICIPAL DE INFRAESTRUTURA E SERVIÇOS PÚBLICOS;3500;2023-01-17;3;2022055704;2023;2023-04-28;2023-02-03 00:00:00;;;;1219195.09;1219195.09;O OBJETO DESTA TOMADA DE PREÇOS É A EXECUÇÃO DE OBRAS DE TERRAPLENAGEM, PAVIMENTAÇÃO ASFÁLTICA, DRENAGEM PLUVIAL E SINALIZAÇÃO VIÁRIA DA AVENIDA NS-02 ENTRE AV. LO-16 E AV. NS 15 E AVENIDA LO-16 ENTRE AVENIDA NS-02 E AV. TEOTÔNIO SEGURADO - PALMAS -TO;;0;;;0;2,A;0;32984;3;5;;2129;False
licitacoes;003/2023;Pregão Eletrônico;PREGÃO ELETRÔNICO RP;Homologada;SECRETARIA MUNICIPAL DA SAÚDE;8600;2023-01-10;3;2022056130;2023;2023-02-22;2023-01-24 00:00:00;;;;321974.00;321974.00;AQUISIÇÃO DE RECARGA DE BOTIJÃO GÁS DE COZINHA - GLP COM CAPACIDADE PARA 13 E 45 KG E VASILHAME DE 13KG.;;0;;;0;0;0;32955;13;5;;2129;False
licitacoes;002/2023;Concorrência para Compras e Serviços;CONCORRÊNCIA;Aberta;FUNDAÇÃO CULTURAL DE PALMAS;7100;2023-05-17;2;2023001386;2023;;2023-06-19 00:00:00;;;;0.00;0.00;O MUNICÍPIO DE PALMAS, POR MEIO DA FUNDAÇÃO CULTURAL DE PALMAS, TORNA PÚBLICO QUE REALIZARÁ LICITAÇÃO NA MODALIDADE CONCORRÊNCIA, CUJO OBJETO É A PERMISSÃO DE USO DE ESPAÇO FÍSICO PARA EXPLORAÇÃO DE CONTÊINERES, SITUADOS NO PARQUE DAS ARTES, PALMAS/TO, CONFORME TERMO DE REFERÊNCIA E ANEXOS.;;0;;;0;0;0;33461;5;1;;2129;False
licitacoes;002/2023;Outros;CREDENCIAMENTO;Aberta;SECRETARIA MUNICIPAL DE PLANEJAMENTO E DESENVOLVIMENTO HUMANO;2500;2023-03-09;2;2022026538;2023;;2023-03-15 00:00:00;;;;0.00;0.00;PRESTAÇÃO DE SERVIÇOS DE AVALIAÇÃO E ALIENAÇÃO DE BENS MÓVEIS, SUCATAS E MATERIAIS INSERVÍVEIS DE BENS AUTOMOTORES DE PROPRIEDADE DO MUNICÍPIO DE PALMAS-TO.;;0;;;0;0;0;33409;99;1;;2129;False
licitacoes;002/2023;Tomada de Preço para Obras e Serviços de Engenharia;TOMADA DE PREÇOS PARA OBRAS E SERVIÇOS DE ENGENHARIA;Aberta;SECRETARIA MUNICIPAL DE INFRAESTRUTURA E SERVIÇOS PÚBLICOS;3500;2023-02-01;2;2022061390;2023;;2023-01-30 00:00:00;;;;0.00;0.00;CONTRATAÇÃO DE EMPRESA ESPECIALIZADA PARA CONSTRUÇÃO DE UMA PRAÇA NA QUADRA ARNE 53 (406 NORTE) EM PALMAS/TO, CONFORME TERMOS DESTE INSTRUMENTO E DEMAIS ELEMENTOS INSTRUTORES ANEXOS.;;0;;;0;0;0;32954;4;1;;2129;False
licitacoes;002/2023;Pregão Eletrônico;PREGÃO ELETRÔNICO RP;Homologada;SECRETARIA MUNICIPAL DE INFRAESTRUTURA E SERVIÇOS PÚBLICOS;3500;2023-01-05;2;2022054214;2023;2023-05-17;;;;;337800.93;126952.90;AQUISIÇÃO DE FERRAMENTAS E EQUIPAMENTOS DE PROTEÇÃO INDIVIDUAL E COLETIVA.;;0;;;0;0;0;32952;13;5;;2129;False
licitacoes;002/2023;Pregão Eletrônico;PREGÃO ELETRÔNICO RP;Homologada;FUNDAÇÃO CULTURAL DE PALMAS;7100;2023-01-05;2;2023032637;2023;2023-05-17;;;;;34592.17;14095.07;AQUISIÇÃO DE FERRAMENTAS E EQUIPAMENTOS DE PROTEÇÃO INDIVIDUAL E COLETIVA;;0;;;0;2,A;0;33754;13;5;;2129;False
licitacoes;002/2023;Pregão Eletrônico;PREGÃO ELETRÔNICO RP;Homologada;SECRETARIA MUNICIPAL DE SEGURANCA E MOBILIDADE URBANA;1200;2023-01-05;2;2023032660;2023;2023-05-17;;;;;154003.43;53327.60;AQUISIÇÃO DE FERRAMENTAS E EQUIPAMENTOS DE PROTEÇÃO INDIVIDUAL E COLETIVA.;;0;;;0;2,A;0;33799;13;5;;2129;False
licitacoes;002/2023;Pregão Eletrônico;PREGÃO ELETRÔNICO RP;Homologada;SECRETARIA MUNICIPAL DE INFRAESTRUTURA E SERVIÇOS PÚBLICOS;3500;2023-01-05;2;2022054214;2023;2023-06-02;;;;;124322.90;124312.90;AQUISIÇÃO DE FERRAMENTAS E EQUIPAMENTOS DE PROTEÇÃO.;;0;;;0;2,A;0;34067;13;5;;2129;False
licitacoes;001/2023;Outros;CREDENCIAMENTO;Aberta;AGÊNCIA DE TRANSPORTE COLETIVO DE PALMAS;1201;2023-10-19;1;2023057877;2023;;2023-10-20 00:00:00;;;;0.00;0.00;LOCAÇÃO DE ATÉ 100 (CEM) ÔNIBUS, TIPO URBANO, DE FABRICAÇÃO NACIONAL, ANO MODELO IGUAL OU SUPERIOR A 2019, ADAPTADO AO TRANSPORTE DE PESSOAS COM DEFICIÊNCIA OU MOBILIDADE REDUZIDA, QUILOMETRAGEM LIVRE, SEM MOTORISTA, COM SEGURO PARA TERCEIROS, MOTOR A DIESEL, AR CONDICIONADO E DEMAIS ESPECIFICAÇÕES, CONFORME TERMO DE REFERÊNCIA.;;0;;;0;2,E;0;35351;99;1;;2129;False
licitacoes;001/2023;Pregão Eletrônico;PREGAO ELETRONICO;Homologada;CASA CIVIL DO MUNICÍPIO DE PALMAS;9300;2023-05-04;1;2022070609;2023;2023-10-31;;;;;10284.77;10284.77;"PRESTAÇÃO DE SERVIÇOS DE LOCAÇÃO DE VEÍCULOS ADMINISTRATIVOS E OPERACIONAIS (ADAPTADOS) SEM USO (ZERO QUILOMETRO), 
SEM MOTORISTA, COM QUILOMETRAGEM LIVRE, SEGURO TOTAL E SISTEMA DE RASTREAMENTO E MONITORAMENTO INCLUSO.";;0;;;0;2,A;0;35462;13;5;;2129;False
licitacoes;001/2023;Outros;CREDENCIAMENTO;Homologada;AGÊNCIA DE TRANSPORTE COLETIVO DE PALMAS;1201;2023-04-10;1;2023057877;2023;2024-11-04;;;;;5706400.00;5706400.00;LOCAÇÃO DE ÔNIBUS PARA SISTEMA DE TRANSPORTE COLETIVO URBANO.;;0;;;0;0;0;37783;99;5;;2129;False
licitacoes;001/2023;Outros;CREDENCIAMENTO;Homologada;AGÊNCIA DE TRANSPORTE COLETIVO DE PALMAS;1201;2023-04-10;1;2023057877;2023;2024-11-04;;;;;1526000.00;1526000.00;LOCAÇÃO DE ÔNIBUS PARA SISTEMA DE TRANSPORTE COLETIVO URBANO.;;0;;;0;0;0;37785;99;5;;2129;False
licitacoes;001/2023;Pregão Eletrônico;PREGÃO ELETRÔNICO RP;Homologada;SECRETARIA MUNICIPAL DA SAÚDE;8600;2023-03-17;1;2022034578;2023;2023-09-22;2023-03-31 00:00:00;;;;3438260.60;3438260.60;AQUISIÇÃO DE EQUIPAMENTOS MÉDICO HOSPITALAR.;;0;;;0;0;0;32951;13;5;;2129;False
licitacoes;001/2023;Concorrência para Compras e Serviços;CONCORRÊNCIA;Homologada;SECRETARIA MUNICIPAL DE INFRAESTRUTURA E SERVIÇOS PÚBLICOS;3500;2023-02-14;1;2022063915;2023;2023-07-26;2023-03-22 00:00:00;;;;622022.94;622022.94;O OBJETO DA CONCORRÊNCIA PÚBLICA É A EXECUÇÃO DE OBRAS PARA REQUALIFICAÇÃO DA AVENIDA LO-09, COM SERVIÇOS DE DRENAGEM PLUVIAL, TERRAPLANAGEM, PAVIMENTAÇÃO ASFÁLTICA E SINALIZAÇÃO HORIZONTAL E VERTICAL DAS VIAS, CALÇADAS, CICLOVIA, PAISAGISMO E ILUMINAÇÃO PÚBLICA;;0;;;0;2,A;0;32953;5;5;;2129;False
licitacoes;001/2023;Concorrência para Compras e Serviços;CONCORRÊNCIA;Homologada;SECRETARIA MUNICIPAL DE INFRAESTRUTURA E SERVIÇOS PÚBLICOS;3500;2023-02-14;1;2022063915;2023;2024-02-27;2023-03-22 00:00:00;;;;684572.59;684572.59;O OBJETO DA CONCORRÊNCIA PÚBLICA É A EXECUÇÃO DE OBRAS PARA REQUALIFICAÇÃO DA AVENIDA LO-09, COM SERVIÇOS DE DRENAGEM PLUVIAL, TERRAPLANAGEM, PAVIMENTAÇÃO ASFÁLTICA E SINALIZAÇÃO HORIZONTAL E VERTICAL DAS VIAS, CALÇADAS, CICLOVIA, PAISAGISMO E ILUMINAÇÃO PÚBLICA;;0;;;0;2,A;0;36372;5;5;;2129;False
licitacoes;001/2023;Outros;CREDENCIAMENTO;Homologada;SECRETARIA MUNICIPAL DE SEGURANCA E MOBILIDADE URBANA;1200;2023-01-19;1;2022040468;2023;2023-03-28;2023-02-10 00:00:00;;;;51593.88;51593.88;CREDENCIAMENTO DE PROFISSIONAIS PSICÓLOGOS REGULARMENTE CREDENCIADOS JUNTO A POLÍCIA FEDERAL PARA APLICAÇÃO DE EXAMES DE APTIDÃO PSICOLÓGICA PARA O MANUSEIO DE ARMA DE FOGO PELOS SERVIDORES DA GUARDA MUNICIPAL;;0;;;0;0;0;32987;99;5;;2129;False
licitacoes;001/2023;Tomada de Preço para Compras e Serviços;TOMADA DE PREÇOS;Homologada;INSTITUTO MUNICIPAL DE PLANEJAMENTO URBANO DE PALMAS;5200;2023-01-04;1;2022030704;2023;2023-05-04;2023-02-06 00:00:00;;;;660032.83;660032.83;A PRESENTE TOMADA DE PREÇOS, DO TIPO TÉCNICA E PREÇO, DESTINA-SE À CONTRATAÇÃO DE SERVIÇOS TÉCNICOS PARA ELABORAÇÃO DO PLANO VIÁRIO ESTRUTURANTE DAS ÁREAS PASSÍVEIS DE URBANIZAÇÃO DO MUNICÍPIO DE PALMAS ?TO;;0;;;0;2,A;0;32950;3;5;;2129;False
licitacoes;<b>Processo </b>2023027600/2023;Adesão à ata de registro de preço ou participação(carona) em Pregão de Outros Órgãos;ADESAO A REG DE PRECOS (EXT);Homologada;SECRETARIA MUNICIPAL DE PLANEJAMENTO E DESENVOLVIMENTO HUMANO;2500;2023-12-28;;2023027600;2023;2023-12-28;;;;;127560.12;127560.12;CONTRATAÇÃO DE EMPRESA ESPECIALIZADA, PARA OS SERVIÇOS DE INSTALAÇÃO, REMOÇÃO E RECUPERAÇÃO DE FORROS E PAREDES EM DIVISÓRIAS DE GESSO ACARTONADO OU ALVENARIA, COM EMASSAMENTO, SERVIÇOS DE PINTURA, SERVIÇOS DE ELÉTRICA, PISO EM GRANITO, BALCÃO EM GRANITO  OUTROS SERVIÇOS REFERENTES ÀS NECESSIDADES DE CRIAÇÃO, ADAPTAÇÃO E DESMEMBRAMENTO DE SALAS, COM FORNECIMENTO DE MATERIAIS PARA ATENDER AS DEMANDAS DO PRÉDIO DO BURITI E OS PRÉDIOS DE RESPONSABILIDADE DA SECRETARIA DE PLANEJAMENTO E DESENVOLVIMENTO HUMANO (PATRIMÔNIO E ALMOXARIFADO, GARAGEM CENTRAL, ARQUIVO E DOSSIÊ).;;0;;;0;1,H,C;0;35988;16;5;;2129;False
licitacoes;<b>Processo </b>2022035807/2023;Adesão à ata de registro de preço ou participação(carona) em Pregão de Outros Órgãos;ADESAO A REG DE PRECOS (EXT);Homologada;FUNDO MUNICIPAL DE SAÚDE;3200;2023-12-28;;2022035807;2023;2023-12-28;;;;;52000.00;52000.00;"PRESTAÇÃO DE SERVIÇOS DE INTERNET 
REFERÊNCIA: NOVEMBRO E DEZEMBRO DE 2023
SEMUS";;0;;;0;1,H,C;0;36038;16;5;;2129;False
licitacoes;<b>Processo </b>2022035801/2023;Adesão à ata de registro de preço ou participação(carona) em Pregão de Outros Órgãos;ADESAO A REG DE PRECOS (EXT);Homologada;FUNDO MUNICIPAL DE SAÚDE;3200;2023-12-28;;2022035801;2023;2023-12-28;;;;;51606.72;51606.72;"PRESTAÇÃO DE SERVIÇOS DE INTRANET 
REFERÊNCIA: NOVEMBRO E DEZEMBRO DE 2023
ESPECIALIZADA";;0;;;0;1,H,C;0;36039;16;5;;2129;False
licitacoes;<b>Processo </b>2022035801/2023;Adesão à ata de registro de preço ou participação(carona) em Pregão de Outros Órgãos;ADESAO A REG DE PRECOS (EXT);Homologada;FUNDO MUNICIPAL DE SAÚDE;3200;2023-12-28;;2022035801;2023;2023-12-28;;;;;7777.00;7777.00;"PRESTAÇÃO DE SERVIÇOS DE INTRANET 
REFERÊNCIA: NOVEMBRO E DEZEMBRO DE 2023
GESTÃO";;0;;;0;1,H,C;0;36040;16;5;;2129;False
licitacoes;<b>Processo </b>2022035801/2023;Adesão à ata de registro de preço ou participação(carona) em Pregão de Outros Órgãos;ADESAO A REG DE PRECOS (EXT);Homologada;FUNDO MUNICIPAL DE SAÚDE;3200;2023-12-28;;2022035801;2023;2023-12-28;;;;;6413.88;6413.88;"PRESTAÇÃO DE SERVIÇOS DE INTRANET 
REFERÊNCIA: NOVEMBRO E DEZEMBRO DE 2023
FESP";;0;;;0;1,H,C;0;36041;16;5;;2129;False
licitacoes;<b>Processo </b>2022035801/2023;Adesão à ata de registro de preço ou participação(carona) em Pregão de Outros Órgãos;ADESAO A REG DE PRECOS (EXT);Homologada;FUNDO MUNICIPAL DE SAÚDE;3200;2023-12-28;;2022035801;2023;2023-12-28;;;;;6413.88;6413.88;"PRESTAÇÃO DE SERVIÇOS DE INTRANET 
REFERÊNCIA: NOVEMBRO E DEZEMBRO DE 2023
SAMU";;0;;;0;1,H,C;0;36042;16;5;;2129;False
licitacoes;<b>Processo </b>2022035801/2023;Adesão à ata de registro de preço ou participação(carona) em Pregão de Outros Órgãos;ADESAO A REG DE PRECOS (EXT);Homologada;FUNDO MUNICIPAL DE SAÚDE;3200;2023-12-28;;2022035801;2023;2023-12-28;;;;;25655.52;25655.52;"PRESTAÇÃO DE SERVIÇOS DE INTRANET 
REFERÊNCIA: NOVEMBRO E DEZEMBRO DE 2023
VIGILÂNCIA";;0;;;0;1,H,C;0;36043;16;5;;2129;False
licitacoes;<b>Processo </b>2022035801/2023;Adesão à ata de registro de preço ou participação(carona) em Pregão de Outros Órgãos;ADESAO A REG DE PRECOS (EXT);Homologada;FUNDO MUNICIPAL DE SAÚDE;3200;2023-12-28;;2022035801;2023;2023-12-28;;;;;8848.40;8848.40;"PRESTAÇÃO DE SERVIÇOS DE INTRANET 
REFERÊNCIA: NOVEMBRO E DEZEMBRO DE 2023
CAPS";;0;;;0;1,H,C;0;36044;16;5;;2129;False
licitacoes;<b>Processo </b>2022035801/2023;Adesão à ata de registro de preço ou participação(carona) em Pregão de Outros Órgãos;ADESAO A REG DE PRECOS (EXT);Homologada;FUNDO MUNICIPAL DE SAÚDE;3200;2023-12-28;;2022035801;2023;2023-12-28;;;;;15554.00;15554.00;"PRESTAÇÃO DE SERVIÇOS DE INTRANET 
REFERÊNCIA: NOVEMBRO E DEZEMBRO DE 2023
UPAS";;0;;;0;1,H,C;0;36045;16;5;;2129;False
licitacoes;<b>Processo </b>2022035801/2023;Adesão à ata de registro de preço ou participação(carona) em Pregão de Outros Órgãos;ADESAO A REG DE PRECOS (EXT);Homologada;FUNDO MUNICIPAL DE SAÚDE;3200;2023-12-28;;2022035801;2023;2023-12-28;;;;;214556.58;214556.58;"PRESTAÇÃO DE SERVIÇOS DE INTRANET 
REFERÊNCIA: NOVEMBRO E DEZEMBRO DE 2023
SUPAVS";;0;;;0;1,H,C;0;36046;16;5;;2129;False
licitacoes;<b>Processo </b>2022019990/2023;Adesão à ata de registro de preço ou participação(carona) em Pregão de Outros Órgãos;ADESAO A REG DE PRECOS (EXT);Homologada;FUNDO MUNICIPAL DE SAÚDE;3200;2023-12-28;;2022019990;2023;2023-12-28;;;;;88350.70;88350.70;"LOCAÇÃO DE COPIADORA E SERVIÇOS DE REPROGRAFIA 
REFERENTE: SETEMBRO OUTUBRO E NOVEMBRO DE 2023
ESPECIALIZADA";;0;;;0;1,H,C;0;36048;16;5;;2129;False
licitacoes;<b>Processo </b>2022019990/2023;Adesão à ata de registro de preço ou participação(carona) em Pregão de Outros Órgãos;ADESAO A REG DE PRECOS (EXT);Homologada;FUNDO MUNICIPAL DE SAÚDE;3200;2023-12-28;;2022019990;2023;2023-12-28;;;;;71146.70;71146.70;"LOCAÇÃO DE COPIADORA E SERVIÇOS DE REPROGRAFIA 
REFERENTE: SETEMBRO OUTUBRO E NOVEMBRO DE 2023
GESTÃO";;0;;;0;1,H,C;0;36049;16;5;;2129;False
licitacoes;<b>Processo </b>2022019990/2023;Adesão à ata de registro de preço ou participação(carona) em Pregão de Outros Órgãos;ADESAO A REG DE PRECOS (EXT);Homologada;FUNDO MUNICIPAL DE SAÚDE;3200;2023-12-28;;2022019990;2023;2023-12-28;;;;;4058.25;4058.25;"LOCAÇÃO DE COPIADORA E SERVIÇOS DE REPROGRAFIA 
REFERENTE: SETEMBRO OUTUBRO E NOVEMBRO DE 2023
SAMU";;0;;;0;1,H,C;0;36051;16;5;;2129;False
licitacoes;<b>Processo </b>2022019990/2023;Adesão à ata de registro de preço ou participação(carona) em Pregão de Outros Órgãos;ADESAO A REG DE PRECOS (EXT);Homologada;FUNDO MUNICIPAL DE SAÚDE;3200;2023-12-28;;2022019990;2023;2023-12-28;;;;;15343.65;15343.65;"LOCAÇÃO DE COPIADORA E SERVIÇOS DE REPROGRAFIA 
REFERENTE: SETEMBRO OUTUBRO E NOVEMBRO DE 2023
VIGILÂNCIA";;0;;;0;1,H,C;0;36052;16;5;;2129;False
licitacoes;<b>Processo </b>2022019990/2023;Adesão à ata de registro de preço ou participação(carona) em Pregão de Outros Órgãos;ADESAO A REG DE PRECOS (EXT);Homologada;FUNDO MUNICIPAL DE SAÚDE;3200;2023-12-28;;2022019990;2023;2023-12-28;;;;;10141.05;10141.05;"LOCAÇÃO DE COPIADORA E SERVIÇOS DE REPROGRAFIA 
REFERENTE: SETEMBRO OUTUBRO E NOVEMBRO DE 2023
CAPS";;0;;;0;1,H,C;0;36053;16;5;;2129;False
licitacoes;<b>Processo </b>2022019990/2023;Adesão à ata de registro de preço ou participação(carona) em Pregão de Outros Órgãos;ADESAO A REG DE PRECOS (EXT);Homologada;FUNDO MUNICIPAL DE SAÚDE;3200;2023-12-28;;2022019990;2023;2023-12-28;;;;;270981.40;270981.40;"LOCAÇÃO DE COPIADORA E SERVIÇOS DE REPROGRAFIA 
REFERENTE: SETEMBRO OUTUBRO E NOVEMBRO DE 2023
SUPAVS";;0;;;0;1,H,C;0;36054;16;5;;2129;False
licitacoes;<b>Processo </b>2022019990/2023;Adesão à ata de registro de preço ou participação(carona) em Pregão de Outros Órgãos;ADESAO A REG DE PRECOS (EXT);Homologada;FUNDO MUNICIPAL DE SAÚDE;3200;2023-12-28;;2022019990;2023;2023-12-28;;;;;87576.70;87576.70;"LOCAÇÃO DE COPIADORA E SERVIÇOS DE REPROGRAFIA 
REFERENTE: SETEMBRO OUTUBRO E NOVEMBRO DE 2023
UPAS";;0;;;0;1,H,C;0;36055;16;5;;2129;False
licitacoes;<b>Processo </b>2022019990/2023;Adesão à ata de registro de preço ou participação(carona) em Pregão de Outros Órgãos;ADESAO A REG DE PRECOS (EXT);Homologada;FUNDO MUNICIPAL DE SAÚDE;3200;2023-12-28;;2022019990;2023;2023-12-28;;;;;26329.30;26329.30;"LOCAÇÃO DE COPIADORA E SERVIÇOS DE REPROGRAFIA
REFERENTE: DEZEMBRO DE 2023
ESPECIALIZADA";;0;;;0;1,H,C;0;36057;16;5;;2129;False
licitacoes;<b>Processo </b>2022019990/2023;Adesão à ata de registro de preço ou participação(carona) em Pregão de Outros Órgãos;ADESAO A REG DE PRECOS (EXT);Homologada;FUNDO MUNICIPAL DE SAÚDE;3200;2023-12-28;;2022019990;2023;2023-12-28;;;;;1257.25;1257.25;"LOCAÇÃO DE COPIADORA E SERVIÇOS DE REPROGRAFIA
REFERENTE: DEZEMBRO DE 2023
SAMU";;0;;;0;1,H,C;0;36058;16;5;;2129;False
licitacoes;<b>Processo </b>2022019990/2023;Adesão à ata de registro de preço ou participação(carona) em Pregão de Outros Órgãos;ADESAO A REG DE PRECOS (EXT);Homologada;FUNDO MUNICIPAL DE SAÚDE;3200;2023-12-28;;2022019990;2023;2023-12-28;;;;;19779.50;19779.50;"LOCAÇÃO DE COPIADORA E SERVIÇOS DE REPROGRAFIA
REFERENTE: DEZEMBRO DE 2023
UPAS";;0;;;0;1,H,C;0;36061;16;5;;2129;False
licitacoes;<b>Processo </b>2022019990/2023;Adesão à ata de registro de preço ou participação(carona) em Pregão de Outros Órgãos;ADESAO A REG DE PRECOS (EXT);Homologada;FUNDO MUNICIPAL DE SAÚDE;3200;2023-12-28;;2022019990;2023;2023-12-28;;;;;90192.90;90192.90;"LOCAÇÃO DE COPIADORA E SERVIÇOS DE REPROGRAFIA
REFERENTE: DEZEMBRO DE 2023
SUPAVS";;0;;;0;1,H,C;0;36063;16;5;;2129;False
licitacoes;<b>Processo </b>2022019990/2023;Adesão à ata de registro de preço ou participação(carona) em Pregão de Outros Órgãos;ADESAO A REG DE PRECOS (EXT);Homologada;FUNDO MUNICIPAL DE SAÚDE;3200;2023-12-28;;2022019990;2023;2023-12-28;;;;;2809.40;2809.40;"LOCAÇÃO DE COPIADORA E SERVIÇOS DE REPROGRAFIA
REFERENTE: DEZEMBRO DE 2023
CAPS";;0;;;0;1,H,C;0;36064;16;5;;2129;False
licitacoes;<b>Processo </b>2022019990/2023;Adesão à ata de registro de preço ou participação(carona) em Pregão de Outros Órgãos;ADESAO A REG DE PRECOS (EXT);Homologada;FUNDO MUNICIPAL DE SAÚDE;3200;2023-12-28;;2022019990;2023;2023-12-28;;;;;3931.65;3931.65;"LOCAÇÃO DE COPIADORA E SERVIÇOS DE REPROGRAFIA
REFERENTE: DEZEMBRO DE 2023
VIGILANCIA";;0;;;0;1,H,C;0;36065;16;5;;2129;False
licitacoes;<b>Processo </b>2022019990/2023;Adesão à ata de registro de preço ou participação(carona) em Pregão de Outros Órgãos;ADESAO A REG DE PRECOS (EXT);Homologada;FUNDO MUNICIPAL DE SAÚDE;3200;2023-12-28;;2022019990;2023;2023-12-28;;;;;19759.50;19759.50;"LOCAÇÃO DE  COPIADORA E SERVIÇOS DE REPROGRAFIA
REFERENTE: DEZEMBRO DE 2023
GESTÃO";;0;;;0;1,H,C;0;36067;16;5;;2129;False
licitacoes;<b>Processo </b>2022019990/2023;Adesão à ata de registro de preço ou participação(carona) em Pregão de Outros Órgãos;ADESAO A REG DE PRECOS (EXT);Homologada;FUNDO MUNICIPAL DE SAÚDE;3200;2023-12-28;;2022019990;2023;2023-12-28;;;;;87576.70;87576.70;"LOCAÇÃO DE COPIADORA E SERVIÇOS DE REPROGRAFIA 
REFERENTE: SETEMBRO OUTUBRO E NOVEMBRO DE 2023
UPAS";;0;;;0;1,H,C;0;36070;16;5;;2129;False
licitacoes;<b>Processo </b>2020035459/2023;Adesão à ata de registro de preço ou participação(carona) em Pregão de Outros Órgãos;ADESAO A REG DE PRECOS (EXT);Homologada;FUNDO MUNICIPAL DE SAÚDE;3200;2023-12-26;;2020035459;2023;2023-12-26;;;;;2778.43;2778.43;"PRESTAÇÃO DE SERVIÇOS DE TELEFONIA MÓVEL 
VALOR REFENTE  ESTIMADO: AGOSTO SETEMBRO E OUTBRO DE 2023 
SEMUS";;0;;;0;1,H,C;0;36025;16;5;;2129;False
licitacoes;<b>Processo </b>2020035459/2023;Adesão à ata de registro de preço ou participação(carona) em Pregão de Outros Órgãos;ADESAO A REG DE PRECOS (EXT);Homologada;FUNDO MUNICIPAL DE SAÚDE;3200;2023-12-26;;2020035459;2023;2023-12-26;;;;;9150.22;9150.22;"PRESTAÇÃO DE SERVIÇOS DE TELEFONIA MÓVEL 
VALOR REFENTE  ESTIMADO: 2023 
SEMUS";;0;;;0;1,H,C;0;36026;16;5;;2129;False
licitacoes;<b>Processo </b>2023023912/2023;Adesão à ata de registro de preço ou participação(carona) em Pregão de Outros Órgãos;ADESAO A REG DE PRECOS (EXT);Homologada;SECRETARIA MUNICIPAL DA HABITAÇÃO;9200;2023-12-15;;2023023912;2023;2023-12-15;;;;;681473.49;681473.48;AQUISIÇÃO E INSTALAÇÃO DE SISTEMA DE GERAÇÃO DE ENERGIA SOLAR - PARQUE SOLAR;;0;;;0;1,H,C;0;35911;16;5;;2129;False
licitacoes;<b>Processo </b>2022065727/2023;Adesão à ata de registro de preço ou participação(carona) em Pregão de Outros Órgãos;ADESAO A REG DE PRECOS (EXT);Homologada;FUNDO MUNICIPAL DE SAÚDE;3200;2023-12-15;;2022065727;2023;2023-12-15;;;;;1913414.13;1913414.13;AQUISIÇÃO DE MÓVEIS EM GERAL.;;0;;;0;1,H,C;0;35919;16;5;;2129;False
licitacoes;<b>Processo </b>2023065654/2023;Adesão à ata de registro de preço ou participação(carona) em Pregão de Outros Órgãos;ADESAO A REG DE PREÇOS  (INT);Homologada;AGÊNCIA DE TRANSPORTE COLETIVO DE PALMAS;1201;2023-12-15;;2023065654;2023;2023-12-15;;;;;254295.45;254295.45;AQUISIÇÃO DE AR CONDICIONADO.;;0;;;0;1,H,C;0;35920;16;5;;2129;False
licitacoes;<b>Processo </b>2022065727/2023;Adesão à ata de registro de preço ou participação(carona) em Pregão de Outros Órgãos;ADESAO A REG DE PRECOS (EXT);Homologada;FUNDO MUNICIPAL DE SAÚDE;3200;2023-12-15;;2022065727;2023;2023-12-15;;;;;807261.01;807261.01;AQUISIÇÃO DE MÓVEIS EM GERAL.;;0;;;0;1,H,C;0;35921;16;5;;2129;False
licitacoes;<b>Processo </b>2023061368/2023;Adesão à ata de registro de preço ou participação(carona) em Pregão de Outros Órgãos;ADESAO A REG DE PREÇOS  (INT);Homologada;INSTITUTO MUNICIPAL DE PLANEJAMENTO URBANO DE PALMAS;5200;2023-12-14;;2023061368;2023;2023-12-14;;;;;108000.00;108000.00;AQUISIÇÃO DE COMPUTADORES.;;0;;;0;1,H,C;0;35875;16;5;;2129;False
licitacoes;<b>Processo </b>2023065951/2023;Adesão à ata de registro de preço ou participação(carona) em Pregão de Outros Órgãos;ADESAO A REG DE PRECOS (EXT);Homologada;SECRETARIA MUNICIPAL DE INFRAESTRUTURA E SERVIÇOS PÚBLICOS;3500;2023-12-13;;2023065951;2023;2023-12-13;;;;;3238890.00;3238890.00;CONTRATAÇÃO DE EMPRESA ESPECIALIZADA PARA FORNECIMENTO E INSTALAÇÃO DE LUMINÁRIAS.;;0;;;0;1,H,C;0;35851;16;5;;2129;False
licitacoes;<b>Processo </b>2023023912/2023;Adesão à ata de registro de preço ou participação(carona) em Pregão de Outros Órgãos;ADESAO A REG DE PRECOS (EXT);Homologada;SECRETARIA MUNICIPAL DA HABITAÇÃO;9200;2023-12-13;;2023023912;2023;2023-12-13;;;;;681473.49;681473.48;AQUISIÇÃO E INSTALAÇÃO DE SISTEMA DE GERAÇAO DE ENERGIA SOLAR - PARQUE SOLAR;;0;;;0;1,H,C;0;35873;16;5;;2129;False
licitacoes;<b>Processo </b>2023027600/2023;Adesão à ata de registro de preço ou participação(carona) em Pregão de Outros Órgãos;ADESAO A REG DE PRECOS (EXT);Homologada;SECRETARIA MUNICIPAL DE PLANEJAMENTO E DESENVOLVIMENTO HUMANO;2500;2023-12-08;;2023027600;2023;2023-12-11;;;;;63146.90;63146.90;SERVIÇOS DE INSTALAÇÃO, REMOÇÃO E RECUPERAÇÃO DE FORROS E PAREDES DE GESSO ACARTONADO OU ALVENARIA, COM FORNECIMENTO DE MATERIAIS.;;0;;;0;1,H,C;0;35829;16;5;;2129;False
licitacoes;<b>Processo </b>2023037766/2023;Adesão à ata de registro de preço ou participação(carona) em Pregão de Outros Órgãos;ADESAO A REG DE PREÇOS  (INT);Homologada;SECRETARIA MUNICIPAL DE COMUNICAÇÃO;5600;2023-12-08;;2023037766;2023;2023-12-08;;;;;1851458.88;1851458.88;LOCAÇÃO DE ESTRUTURA TEMPORÁRIA PARA EVENTOS.;;0;;;0;1,H,C;0;35834;16;5;;2129;False
licitacoes;<b>Processo </b>2023037766/2023;Adesão à ata de registro de preço ou participação(carona) em Pregão de Outros Órgãos;ADESAO A REG DE PREÇOS  (INT);Homologada;SECRETARIA MUNICIPAL DE COMUNICAÇÃO;5600;2023-12-08;;2023037766;2023;2023-12-08;;;;;752683.60;752683.60;LOCAÇÃO DE ESTRUTURA TEMPORÁRIA PARA EVENTOS.;;0;;;0;1,H,C;0;35835;16;5;;2129;False
licitacoes;<b>Processo </b>2023027600/2023;Adesão à ata de registro de preço ou participação(carona) em Pregão de Outros Órgãos;ADESAO A REG DE PRECOS (EXT);Homologada;SECRETARIA MUNICIPAL DE PLANEJAMENTO E DESENVOLVIMENTO HUMANO;2500;2023-12-08;;2023027600;2023;2023-12-08;;;;;43500.00;43500.00;SERVIÇOS DE INSTALAÇÃO, REMOÇÃO E RECUPERAÇÃO DE FORROS E PAREDES DE GESSO ACARTONADO OU ALVENARIA, COM FORNECIMENTO DE MATERIAIS.;;0;;;0;1,H,C;0;35840;16;5;;2129;False
licitacoes;<b>Processo </b>2023060811/2023;Adesão à ata de registro de preço ou participação(carona) em Pregão de Outros Órgãos;ADESAO A REG DE PREÇOS  (INT);Homologada;CASA CIVIL DO MUNICÍPIO DE PALMAS;9300;2023-12-07;;2023060811;2023;2023-12-07;;;;;868091.12;868091.12;AQUISIÇÃO DE EQUIPAMENTOS DE INFORMÁTICA.;;0;;;0;1,H,C;0;35818;16;5;;2129;False
licitacoes;<b>Processo </b>2022019990/2023;Adesão à ata de registro de preço ou participação(carona) em Pregão de Outros Órgãos;ADESAO A REG DE PRECOS (EXT);Homologada;FUNDO MUNICIPAL DE SAÚDE;3200;2023-12-05;;2022019990;2023;2023-12-05;;;;;31231.80;31231.80;"LOCAÇÃO DE COPIADORA E SERVIÇOS DE REPROGRAFIA 
REFERENTE: AGOSTO DE 2023 
ESPECIALIZADA";;0;;;0;1,H,C;0;35796;16;5;;2129;False
licitacoes;<b>Processo </b>2022019990/2023;Adesão à ata de registro de preço ou participação(carona) em Pregão de Outros Órgãos;ADESAO A REG DE PRECOS (EXT);Homologada;FUNDO MUNICIPAL DE SAÚDE;3200;2023-12-05;;2022019990;2023;2023-12-05;;;;;1392.85;1392.85;"LOCAÇÃO DE COPIADORA E SERVIÇOS DE REPROGRAFIA 
REFERENTE: AGOSTO DE 2023 
SAMU";;0;;;0;1,H,C;0;35797;16;5;;2129;False
licitacoes;<b>Processo </b>2022019990/2023;Adesão à ata de registro de preço ou participação(carona) em Pregão de Outros Órgãos;ADESAO A REG DE PRECOS (EXT);Homologada;FUNDO MUNICIPAL DE SAÚDE;3200;2023-12-05;;2022019990;2023;2023-12-05;;;;;4300.65;4300.65;"LOCAÇÃO DE COPIADORA E SERVIÇOS DE REPROGRAFIA 
REFERENTE: AGOSTO DE 2023 
VIGILÂNCIA";;0;;;0;1,H,C;0;35798;16;5;;2129;False
licitacoes;<b>Processo </b>2022019990/2023;Adesão à ata de registro de preço ou participação(carona) em Pregão de Outros Órgãos;ADESAO A REG DE PRECOS (EXT);Homologada;FUNDO MUNICIPAL DE SAÚDE;3200;2023-12-05;;2022019990;2023;2023-12-05;;;;;3572.45;3572.45;"LOCAÇÃO DE COPIADORA E SERVIÇOS DE REPROGRAFIA 
REFERENTE: AGOSTO DE 2023 
ESPECIALIZADA";;0;;;0;1,H,C;0;35800;16;5;;2129;False
licitacoes;<b>Processo </b>2022019990/2023;Adesão à ata de registro de preço ou participação(carona) em Pregão de Outros Órgãos;ADESAO A REG DE PRECOS (EXT);Homologada;FUNDO MUNICIPAL DE SAÚDE;3200;2023-12-05;;2022019990;2023;2023-12-05;;;;;81217.45;81217.45;"LOCAÇÃO DE COPIADORA E SERVIÇOS DE REPROGRAFIA 
REFERENTE: AGOSTO DE 2023 
SUPAVS";;0;;;0;1,H,C;0;35802;16;5;;2129;False
licitacoes;<b>Processo </b>2022019990/2023;Adesão à ata de registro de preço ou participação(carona) em Pregão de Outros Órgãos;ADESAO A REG DE PRECOS (EXT);Homologada;FUNDO MUNICIPAL DE SAÚDE;3200;2023-12-05;;2022019990;2023;2023-12-05;;;;;22830.35;22830.35;"LOCAÇÃO DE COPIADORA E SERVIÇOS DE REPROGRAFIA 
REFERENTE: AGOSTO DE 2023 
UPAS";;0;;;0;1,H,C;0;35803;16;5;;2129;False
licitacoes;<b>Processo </b>2022019990/2023;Adesão à ata de registro de preço ou participação(carona) em Pregão de Outros Órgãos;ADESAO A REG DE PRECOS (EXT);Homologada;FUNDO MUNICIPAL DE SAÚDE;3200;2023-11-30;;2022019990;2023;2023-11-30;;;;;406304.80;406304.80;"EMPENHO PARA REGULARIZAÇÃO DE DESPESAS DA ATENÇÃO PRIMÁRIA E CORREÇÃO DA FONTE DE RECURSOS E DETALHAMENTO DA MESMA.
REFERENTE MESES: JANEIRO A ABRIL DE 2023.";;0;;;0;1,H,C;0;35728;16;5;;2129;False
licitacoes;<b>Processo </b>2022035801/2023;Adesão à ata de registro de preço ou participação(carona) em Pregão de Outros Órgãos;ADESAO A REG DE PRECOS (EXT);Homologada;FUNDO MUNICIPAL DE SAÚDE;3200;2023-11-30;;2022035801;2023;2023-11-30;;;;;429113.16;429113.16;"EMPENHO PARA REGULARIZAÇÃO DE DESPESAS DA ATENÇÃO PRIMÁRIA E CORREÇÃO DA FONTE DE RECURSOS E DETALHAMENTO DA MESMA.
REFERENTE MESES: JANEIRO A ABRIL DE 2023.";;0;;;0;1,H,C;0;35729;16;5;;2129;False
licitacoes;<b>Processo </b>2023002489/2023;Adesão à ata de registro de preço ou participação(carona) em Pregão de Outros Órgãos;ADESAO A REG DE PRECOS (EXT);Homologada;FUNDO MUNICIPAL DE SAÚDE;3200;2023-11-30;;2023002489;2023;2023-11-30;;;;;74760.00;74760.00;ADESÃO ATA DE REGISTRO DE PREÇOS Nº 014/2022, PREGÃO PRESENCIAL Nº 057/2021 - AQUISIÇÃO DE COMPUTADORES.;;0;;;0;1,H,C;0;35731;16;5;;2129;False
licitacoes;<b>Processo </b>2023002489/2023;Adesão à ata de registro de preço ou participação(carona) em Pregão de Outros Órgãos;ADESAO A REG DE PRECOS (EXT);Homologada;FUNDO MUNICIPAL DE SAÚDE;3200;2023-11-30;;2023002489;2023;2023-11-30;;;;;1388400.00;1388400.00;ADESÃO ATA DE REGISTRO DE PREÇOS Nº 014/2022, PREGÃO PRESENCIAL Nº 057/2021 - AQUISIÇÃO DE COMPUTADORES.;;0;;;0;1,H,C;0;35738;16;5;;2129;False
licitacoes;<b>Processo </b>2023013615/2023;Adesão à ata de registro de preço ou participação(carona) em Pregão de Outros Órgãos;ADESAO A REG DE PRECOS (EXT);Homologada;FUNDO MUNICIPAL DE ASSISTÊNCIA SOCIAL;5800;2023-11-29;;2023013615;2023;2023-11-29;;;;;90023.40;90023.40;AQUISIÇÃO DE GENEROS ALIMENTICIOS PERECIVEIS E NÃO PERECIVEIS.;;0;;;0;1,H,C;0;35723;16;5;;2129;False
licitacoes;<b>Processo </b>2023037766/2023;Adesão à ata de registro de preço ou participação(carona) em Pregão de Outros Órgãos;ADESAO A REG DE PREÇOS  (INT);Homologada;SECRETARIA MUNICIPAL DE COMUNICAÇÃO;5600;2023-11-27;;2023037766;2023;2023-11-27;;;;;680000.00;680000.00;LOCAÇÃO DE ESTRUTURA TEMPORÁRIA PARA EVENTOS.;;0;;;0;1,H,C;0;35699;16;5;;2129;False
licitacoes;<b>Processo </b>2023037766/2023;Adesão à ata de registro de preço ou participação(carona) em Pregão de Outros Órgãos;ADESAO A REG DE PREÇOS  (INT);Homologada;SECRETARIA MUNICIPAL DE COMUNICAÇÃO;5600;2023-11-27;;2023037766;2023;2023-11-27;;;;;149750.00;149750.00;LOCAÇÃO DE ESTRUTURA TEMPORÁRIA PARA EVENTOS.;;0;;;0;1,H,C;0;35700;16;5;;2129;False
licitacoes;<b>Processo </b>2023064694/2023;Adesão à ata de registro de preço ou participação(carona) em Pregão de Outros Órgãos;ADESAO A REG DE PRECOS (EXT);Homologada;SECRETARIA MUNICIPAL DE INFRAESTRUTURA E SERVIÇOS PÚBLICOS;3500;2023-11-23;;2023064694;2023;2023-11-23;;;;;3833976.00;3833976.00;CONTRATAÇÃO DE EMPRESA ESPECIALIZADA EM ILUMINAÇÃO E ORNAMENTAÇÃO NATALINA.;;0;;;0;1,H,B,C;0;35686;16;5;;2129;False
licitacoes;<b>Processo </b>2023041645/2023;Adesão à ata de registro de preço ou participação(carona) em Pregão de Outros Órgãos;ADESAO A REG DE PREÇOS  (INT);Homologada;FUNDO MUNICIPAL DE SAÚDE;3200;2023-11-22;;2023041645;2023;2023-11-22;;;;;1590.00;1590.00;AQUISIÇÃO DE AGUA MINERAL E GAS DE COZINHA - PREGÃO ELETRONICO N 019/2023 - ATA DE REGISTRO DE PREÇOS N 015/2023;;0;;;0;1,H,C;0;35669;16;5;;2129;False
licitacoes;<b>Processo </b>2023033129/2023;Adesão à ata de registro de preço ou participação(carona) em Pregão de Outros Órgãos;ADESAO A REG DE PREÇOS  (INT);Homologada;PROCURADORIA GERAL DO MUNICÍPIO DE PALMAS;2300;2023-11-17;;2023033129;2023;2023-11-17;;;;;773983.06;773983.06;AQUISIÇÃO DE EQUIPAMENTOS DE INFORMÁTICA.;;0;;;0;0;0;35624;16;5;;2129;False
licitacoes;<b>Processo </b>2023064547/2023;Adesão à ata de registro de preço ou participação(carona) em Pregão de Outros Órgãos;ADESAO A REG DE PRECOS (EXT);Homologada;SECRETARIA MUNICIPAL DE INFRAESTRUTURA E SERVIÇOS PÚBLICOS;3500;2023-11-13;;2023064547;2023;2023-11-13;;;;;4607000.00;4607000.00;AQUISIÇÃO DE MATERIAIS ELÉTRICOS PARA ENFEITES NATALINOS.;;0;;;0;0;0;35584;16;5;;2129;False
licitacoes;<b>Processo </b>2023024923/2023;Adesão à ata de registro de preço ou participação(carona) em Pregão de Outros Órgãos;ADESAO A REG DE PREÇOS  (INT);Homologada;INSTITUTO DE PREVIDÊNCIA SOCIAL DO MUNICÍPIO DE PALMAS;6100;2023-11-09;;2023024923;2023;2023-11-09;;;;;90084.00;90084.00;LOCAÇÃO DE EQUIPAMENTOS REPROGRÁFICOS PARA FINS DE OUTSOURCING.;;0;;;0;0;0;35532;16;5;;2129;False
licitacoes;<b>Processo </b>2023047819/2023;Adesão à ata de registro de preço ou participação(carona) em Pregão de Outros Órgãos;ADESAO A REG DE PREÇOS  (INT);Homologada;SECRETARIA MUNICIPAL DE DESENVOLVIMENTO URBANO E SERVIÇOS REGIONAIS;9400;2023-11-08;;2023047819;2023;2023-11-08;;;;;30000.00;30000.00;ADESÃO ALIMENTAÇÃO;;0;;;0;0;0;35534;16;5;;2129;False
licitacoes;<b>Processo </b>2023041804/2023;Adesão à ata de registro de preço ou participação(carona) em Pregão de Outros Órgãos;ADESAO A REG DE PRECOS (EXT);Homologada;SECRETARIA MUNICIPAL DE SEGURANCA E MOBILIDADE URBANA;1200;2023-11-08;;2023041804;2023;2023-11-08;;;;;287370.00;287370.00;AQUISIÇÃO DE COLETES BALÍSTICOS;;0;;;0;0;0;35535;16;5;;2129;False
licitacoes;<b>Processo </b>2023049843/2023;Adesão à ata de registro de preço ou participação(carona) em Pregão de Outros Órgãos;ADESAO A REG DE PREÇOS  (INT);Homologada;FUNDAÇÃO DE MEIO AMBIENTE DE PALMAS;7800;2023-11-07;;2023049843;2023;2023-11-07;;;;;338316.00;338316.00;ADESÃO A ATA DE REGISTRO DE PREÇOS N° 26/2023 - PREGÃO ELETRÔNICO N° 088/2022 - AQUISIÇÃO DE COMPUTADORES;;0;;;0;0;0;35527;16;5;;2129;False
licitacoes;<b>Processo </b>2023051029/2023;Adesão à ata de registro de preço ou participação(carona) em Pregão de Outros Órgãos;ADESAO A REG DE PREÇOS  (INT);Homologada;SECRETARIA MUNICIPAL DE DESENVOLVIMENTO RURAL;3300;2023-10-30;;2023051029;2023;2023-10-30;;;;;38400.00;38400.00;CONTRATAÇÃO DE EMPRESA ESPECIALIZADA NO FORNECIMENTO DE ALIMENTAÇÃO (ALMOÇ/JANTA TIPO BUFFET E SERVIÇO DE COFFEE BREAK).;;0;;;0;0;0;35453;16;5;;2129;False
licitacoes;<b>Processo </b>2023051261/2023;Adesão à ata de registro de preço ou participação(carona) em Pregão de Outros Órgãos;ADESAO A REG DE PREÇOS  (INT);Homologada;AGÊNCIA DE TRANSPORTE COLETIVO DE PALMAS;1201;2023-10-23;;2023051261;2023;2023-10-23;;;;;1085284.27;1085284.27;ADESÃO A ATA DE REGISTRO DE PREÇO N° 026/2023 - PREGÃO ELETRÔNICO N° 088/2022 DO MUNICÍPIO DE PALMAS, PUBLICADA NO DIAÁRIO OFICIAL DE PALMAS N° 3.250 DE 28 DE;;0;;;0;1,H,C;0;35388;16;5;;2129;False
licitacoes;<b>Processo </b>2023062216/2023;Adesão à ata de registro de preço ou participação(carona) em Pregão de Outros Órgãos;ADESAO A REG DE PREÇOS  (INT);Homologada;SECRETARIA MUNICIPAL DA FAZENDA E TRANSFORMAÇÃO DIGITAL;2700;2023-10-23;;2023062216;2023;2023-10-23;;;;;349800.00;349800.00;ADESÃO DE ATA DE REGISTRO DE PREÇOS - FORNECIMENTO DE REFEIÇÃO;;0;;;0;1,H,C;0;35391;16;5;;2129;False
licitacoes;<b>Processo </b>2022066155/2023;Adesão à ata de registro de preço ou participação(carona) em Pregão de Outros Órgãos;ADESAO A REG DE PRECOS (EXT);Homologada;FUNDO MUNICIPAL DE SAÚDE;3200;2023-10-03;;2022066155;2023;2023-10-03;;;;;1452294.84;1452294.84;CONTRATAÇÃO DE EMPRESA ESPECIALIZADA EM SERVIÇOS DE MANUTENÇÃO PREDIAL. REFERENTE AS NOTAS FISCAIS Nº 89 (R$ 483.504,19) - LAURIDES MILHOMEM, 90 (R$ 466.311,39) - 603 NORTE E 91 (R$ 502.479,26) - CS AURENY II, SOMANDO UM TOTAL DE R$ 1.452.294,84.;;0;;;0;1,H,C;0;35236;16;5;;2129;False
licitacoes;<b>Processo </b>2022066155/2023;Adesão à ata de registro de preço ou participação(carona) em Pregão de Outros Órgãos;ADESAO A REG DE PRECOS (EXT);Homologada;FUNDO MUNICIPAL DE SAÚDE;3200;2023-10-03;;2022066155;2023;2023-10-03;;;;;476988.03;476988.03;CONTRATAÇÃO DE EMPRESA ESPECIALIZADA EM SERVIÇOS DE MANUTENÇÃO PREDIAL. REFERENTE A NOTA FISCAL Nº 88 (R$ 476.988,03) - UNIDADE DE PRONTO ATENDIMENTO (UPA SUL).;;0;;;0;1,H,C;0;35237;16;5;;2129;False
licitacoes;<b>Processo </b>2022019990/2023;Adesão à ata de registro de preço ou participação(carona) em Pregão de Outros Órgãos;ADESAO A REG DE PRECOS (EXT);Homologada;FUNDO MUNICIPAL DE SAÚDE;3200;2023-09-25;;2022019990;2023;2023-09-25;;;;;44037.70;44037.70;"LOCAÇÃO DE COPIADORA E SERVIÇOS DE REPROGRAFIA
REFERENTE: AGOSTO DE 2023 
GESTÃO";;0;;;0;1,H,C;0;35115;16;5;;2129;False
licitacoes;<b>Processo </b>2022019990/2023;Adesão à ata de registro de preço ou participação(carona) em Pregão de Outros Órgãos;ADESAO A REG DE PRECOS (EXT);Homologada;FUNDO MUNICIPAL DE SAÚDE;3200;2023-09-25;;2022019990;2023;2023-09-25;;;;;250000.00;250000.00;"LOCAÇÃO DE COPIADORA E SERVIÇOS DE REPROGRAFIA
REFERENTE: VALOR PARCIAL PARA PRORROGAÇÃO DO CONTRATO. VALOR ESTIMADO : SETEMBRO A DEZEMBRO DE 2023.
GESTÃO";;0;;;0;1,H,C;0;35116;16;5;;2129;False
licitacoes;<b>Processo </b>2023011047/2023;Adesão à ata de registro de preço ou participação(carona) em Pregão de Outros Órgãos;ADESAO A REG DE PREÇOS  (INT);Homologada;FUNDAÇÃO MUNICIPAL DE ESPORTES E LAZER DE PALMAS;1600;2023-09-19;;2023011047;2023;2023-09-19;;;;;376773.78;376773.78;ADESÃO A ATA DE RP N° 042/2022, AQUISIÇÃO DE MOBILIÁRIO, INCLUINDO SUA MONTAGEM E INSTALAÇÃO.;;0;;;0;1,H,C;0;35081;16;5;;2129;False
licitacoes;<b>Processo </b>2022019990/2023;Adesão à ata de registro de preço ou participação(carona) em Pregão de Outros Órgãos;ADESAO A REG DE PRECOS (EXT);Homologada;FUNDO MUNICIPAL DE SAÚDE;3200;2023-09-05;;2022019990;2023;2023-09-05;;;;;29713.25;29713.25;"LOCAÇÃO DE COPIADORA E SERVIÇOS DE REPROGRAFIA 
VALORM REFERENTE: JULHO DE 2023
GESTÃO";;0;;;0;1,H,C;0;34993;16;5;;2129;False
licitacoes;<b>Processo </b>2022019990/2023;Adesão à ata de registro de preço ou participação(carona) em Pregão de Outros Órgãos;ADESAO A REG DE PRECOS (EXT);Homologada;FUNDO MUNICIPAL DE SAÚDE;3200;2023-09-05;;2022019990;2023;2023-09-05;;;;;200000.00;200000.00;"LOCAÇÃO DE COPIADORA E SERVIÇOS DE REPROGRAFIA
REFERENTE: VALOR PARCIAL PARA PRORROGAÇÃO CONTRATO. VALOR ESTIMADO: AGOSTO A DEZEMBRO DE 2023
GESTÃO";;0;;;0;1,H,C;0;35006;16;5;;2129;False
licitacoes;<b>Processo </b>2022019990/2023;Adesão à ata de registro de preço ou participação(carona) em Pregão de Outros Órgãos;ADESAO A REG DE PRECOS (EXT);Homologada;FUNDO MUNICIPAL DE SAÚDE;3200;2023-09-04;;2022019990;2023;2023-09-04;;;;;27081.15;27081.15;"LOCAÇÃO DE COPIADORA E SERVIÇOS DE REPROGRAFIA
REFERENTE: JULHO DE 2023
ESPECIALIZADA";;0;;;0;1,H,C;0;34965;16;5;;2129;False
licitacoes;<b>Processo </b>2022019990/2023;Adesão à ata de registro de preço ou participação(carona) em Pregão de Outros Órgãos;ADESAO A REG DE PRECOS (EXT);Homologada;FUNDO MUNICIPAL DE SAÚDE;3200;2023-09-04;;2022019990;2023;2023-09-04;;;;;250.00;250.00;"LOCAÇÃO DE COPIADORA E SERVIÇOS DE REPROGRAFIA
REFERENTE: JULHO DE 2023
SAMU";;0;;;0;1,H,C;0;34966;16;5;;2129;False
licitacoes;<b>Processo </b>2022019990/2023;Adesão à ata de registro de preço ou participação(carona) em Pregão de Outros Órgãos;ADESAO A REG DE PRECOS (EXT);Homologada;FUNDO MUNICIPAL DE SAÚDE;3200;2023-09-04;;2022019990;2023;2023-09-04;;;;;5571.15;5571.15;"LOCAÇÃO DE COPIADORA E SERVIÇOS DE REPROGRAFIA
REFERENTE: JULHO DE 2023
VIGILÂNCIA";;0;;;0;1,H,C;0;34967;16;5;;2129;False
licitacoes;<b>Processo </b>2022019990/2023;Adesão à ata de registro de preço ou participação(carona) em Pregão de Outros Órgãos;ADESAO A REG DE PRECOS (EXT);Homologada;FUNDO MUNICIPAL DE SAÚDE;3200;2023-09-04;;2022019990;2023;2023-09-04;;;;;3494.00;3494.00;"LOCAÇÃO DE COPIADORA E SERVIÇOS DE REPROGRAFIA
REFERENTE: JULHO DE 2023
CAPS";;0;;;0;1,H,C;0;34968;16;5;;2129;False
licitacoes;<b>Processo </b>2022019990/2023;Adesão à ata de registro de preço ou participação(carona) em Pregão de Outros Órgãos;ADESAO A REG DE PRECOS (EXT);Homologada;FUNDO MUNICIPAL DE SAÚDE;3200;2023-09-04;;2022019990;2023;2023-09-04;;;;;106359.95;106359.95;"LOCAÇÃO DE COPIADORA E SERVIÇOS DE REPROGRAFIA
REFERENTE: JULHO DE 2023
SUPAVS";;0;;;0;1,H,C;0;34969;16;5;;2129;False
licitacoes;<b>Processo </b>2022019990/2023;Adesão à ata de registro de preço ou participação(carona) em Pregão de Outros Órgãos;ADESAO A REG DE PRECOS (EXT);Homologada;FUNDO MUNICIPAL DE SAÚDE;3200;2023-09-04;;2022019990;2023;2023-09-04;;;;;34340.90;34340.90;"LOCAÇÃO DE COPIADORA E SERVIÇOS DE REPROGRAFIA
REFERENTE: JULHO DE 2023
UPAS";;0;;;0;1,H,C;0;34970;16;5;;2129;False
licitacoes;<b>Processo </b>2022019990/2023;Adesão à ata de registro de preço ou participação(carona) em Pregão de Outros Órgãos;ADESAO A REG DE PRECOS (EXT);Homologada;FUNDO MUNICIPAL DE SAÚDE;3200;2023-09-04;;2022019990;2023;2023-09-04;;;;;225000.00;225000.00;"LOCAÇÃO DE COPIADORA E SERVIÇOS DE REPROGRAFIA
REFERENTE: PRORROGAÇÃO CONTRATO: VALOR ESTIMADO PERÍODO: AGOSTO A DEZEMBRO  DE 2023
ESPECIALIZADA";;0;;;0;1,H,C;0;34971;16;5;;2129;False
licitacoes;<b>Processo </b>2022019990/2023;Adesão à ata de registro de preço ou participação(carona) em Pregão de Outros Órgãos;ADESAO A REG DE PRECOS (EXT);Homologada;FUNDO MUNICIPAL DE SAÚDE;3200;2023-09-04;;2022019990;2023;2023-09-04;;;;;5000.00;5000.00;"LOCAÇÃO DE COPIADORA E SERVIÇOS DE REPROGRAFIA
REFERENTE: PRORROGAÇÃO CONTRATO: VALOR ESTIMADO PERÍODO: AGOSTO A DEZEMBRO  DE 2023
SAMU";;0;;;0;1,H,C;0;34972;16;5;;2129;False
licitacoes;<b>Processo </b>2022019990/2023;Adesão à ata de registro de preço ou participação(carona) em Pregão de Outros Órgãos;ADESAO A REG DE PRECOS (EXT);Homologada;FUNDO MUNICIPAL DE SAÚDE;3200;2023-09-04;;2022019990;2023;2023-09-04;;;;;50000.00;50000.00;"LOCAÇÃO DE COPIADORA E SERVIÇOS DE REPROGRAFIA
REFERENTE: PRORROGAÇÃO CONTRATO: VALOR ESTIMADO PERÍODO: AGOSTO A DEZEMBRO  DE 2023
VIGILÂNCIA";;0;;;0;1,H,C;0;34973;16;5;;2129;False
licitacoes;<b>Processo </b>2022019990/2023;Adesão à ata de registro de preço ou participação(carona) em Pregão de Outros Órgãos;ADESAO A REG DE PRECOS (EXT);Homologada;FUNDO MUNICIPAL DE SAÚDE;3200;2023-09-04;;2022019990;2023;2023-09-04;;;;;35000.00;35000.00;"LOCAÇÃO DE COPIADORA E SERVIÇOS DE REPROGRAFIA
REFERENTE: PRORROGAÇÃO CONTRATO: VALOR ESTIMADO PERÍODO: AGOSTO A DEZEMBRO  DE 2023
CAPS";;0;;;0;1,H,C;0;34974;16;5;;2129;False
licitacoes;<b>Processo </b>2022019990/2023;Adesão à ata de registro de preço ou participação(carona) em Pregão de Outros Órgãos;ADESAO A REG DE PRECOS (EXT);Homologada;FUNDO MUNICIPAL DE SAÚDE;3200;2023-09-04;;2022019990;2023;2023-09-04;;;;;550000.00;550000.00;"LOCAÇÃO DE COPIADORA E SERVIÇOS DE REPROGRAFIA
REFERENTE: PRORROGAÇÃO CONTRATO: VALOR ESTIMADO PERÍODO: AGOSTO A DEZEMBRO  DE 2023
SUPAVS";;0;;;0;1,H,C;0;34976;16;5;;2129;False
licitacoes;<b>Processo </b>2022019990/2023;Adesão à ata de registro de preço ou participação(carona) em Pregão de Outros Órgãos;ADESAO A REG DE PRECOS (EXT);Homologada;FUNDO MUNICIPAL DE SAÚDE;3200;2023-09-04;;2022019990;2023;2023-09-04;;;;;150000.00;150000.00;"LOCAÇÃO DE COPIADORA E SERVIÇOS DE REPROGRAFIA
REFERENTE: PRORROGAÇÃO CONTRATO: VALOR ESTIMADO PERÍODO: AGOSTO A DEZEMBRO  DE 2023
UPAS";;0;;;0;1,H,C;0;34978;16;5;;2129;False
licitacoes;<b>Processo </b>2022035801/2023;Adesão à ata de registro de preço ou participação(carona) em Pregão de Outros Órgãos;ADESAO A REG DE PRECOS (EXT);Homologada;FUNDO MUNICIPAL DE SAÚDE;3200;2023-08-24;;2022035801;2023;2023-08-24;;;;;23331.00;23331.00;PRESTAÇÃO DE SERVIÇOS DE INTRANET - REFERENTE MESES: AGOSTO SETEMBRO E OUTUBRO DE 2023 - UPAS;;0;;;0;1,H,C;0;34891;16;5;;2129;False
licitacoes;<b>Processo </b>2022035801/2023;Adesão à ata de registro de preço ou participação(carona) em Pregão de Outros Órgãos;ADESAO A REG DE PRECOS (EXT);Homologada;FUNDO MUNICIPAL DE SAÚDE;3200;2023-08-23;;2022035801;2023;2023-08-23;;;;;77410.08;77410.08;"PRESTAÇÃO DE SERVIÇOS DE INTRANET 
REFERENTE MESES: AGOSTO SETEMBRO E OUTUBRO DE 2023.
ESPECIALIZADA";;0;;;0;1,H,C;0;34864;16;5;;2129;False
licitacoes;<b>Processo </b>2022035801/2023;Adesão à ata de registro de preço ou participação(carona) em Pregão de Outros Órgãos;ADESAO A REG DE PRECOS (EXT);Homologada;FUNDO MUNICIPAL DE SAÚDE;3200;2023-08-23;;2022035801;2023;2023-08-23;;;;;11665.50;11665.50;"PRESTAÇÃO DE SERVIÇOS DE INTRANET
REFERENTE MESES: AGOSTO SETEMBRO E OUTUBRO DE 2023
GESTÃO";;0;;;0;1,H,C;0;34865;16;5;;2129;False
licitacoes;<b>Processo </b>2022035801/2023;Adesão à ata de registro de preço ou participação(carona) em Pregão de Outros Órgãos;ADESAO A REG DE PRECOS (EXT);Homologada;FUNDO MUNICIPAL DE SAÚDE;3200;2023-08-23;;2022035801;2023;2023-08-23;;;;;9620.82;9620.82;"PRESTAÇÃO DE SERVIÇOS DE INTRANET
REFERENTE MESES: AGOSTO SETEMBRO E OUTUBRO DE 2023
FESP";;0;;;0;1,H,C;0;34866;16;5;;2129;False
licitacoes;<b>Processo </b>2022035801/2023;Adesão à ata de registro de preço ou participação(carona) em Pregão de Outros Órgãos;ADESAO A REG DE PRECOS (EXT);Homologada;FUNDO MUNICIPAL DE SAÚDE;3200;2023-08-23;;2022035801;2023;2023-08-23;;;;;9620.82;9620.82;"PRESTAÇÃO DE SERVIÇOS DE INTRANET
REFERENTE MESES: AGOSTO SETEMBRO E OUTUBRO DE 2023
SAMU";;0;;;0;1,H,C;0;34867;16;5;;2129;False
licitacoes;<b>Processo </b>2022035801/2023;Adesão à ata de registro de preço ou participação(carona) em Pregão de Outros Órgãos;ADESAO A REG DE PRECOS (EXT);Homologada;FUNDO MUNICIPAL DE SAÚDE;3200;2023-08-23;;2022035801;2023;2023-08-23;;;;;38483.28;38483.28;"PRESTAÇÃO DE SERVIÇOS DE INTRANET 
REFERENTE MESES: AGOSTO SETEMBRO E OUTUBRO DE 2023
VIGILÂNCIA";;0;;;0;1,H,C;0;34871;16;5;;2129;False
licitacoes;<b>Processo </b>2022035801/2023;Adesão à ata de registro de preço ou participação(carona) em Pregão de Outros Órgãos;ADESAO A REG DE PRECOS (EXT);Homologada;FUNDO MUNICIPAL DE SAÚDE;3200;2023-08-23;;2022035801;2023;2023-08-23;;;;;13272.60;13272.60;"PRESTAÇÃO DE SERVIÇOS DE INTRANET
REFERENTE MESES: AGOSTO SETEMBRO E OUTUBRO DE 2023
CAPS";;0;;;0;1,H,C;0;34872;16;5;;2129;False
licitacoes;<b>Processo </b>2022035801/2023;Adesão à ata de registro de preço ou participação(carona) em Pregão de Outros Órgãos;ADESAO A REG DE PRECOS (EXT);Homologada;FUNDO MUNICIPAL DE SAÚDE;3200;2023-08-23;;2022035801;2023;2023-08-23;;;;;321834.87;321834.87;"PRESTAÇÃO DE SERVIÇOS DE INTRANET
REFERENTE MESES: AGOSTO SETEMBRO E OUTUBRO DE 2023
SUPAVS";;0;;;0;1,H,C;0;34873;16;5;;2129;False
licitacoes;<b>Processo </b>2023041345/2023;Adesão à ata de registro de preço ou participação(carona) em Pregão de Outros Órgãos;ADESAO A REG DE PRECOS (EXT);Homologada;CASA CIVIL DO MUNICÍPIO DE PALMAS;9300;2023-08-22;;2023041345;2023;2023-08-22;;;;;64580.00;64580.00;AQUISIÇÃO DE ARRANJOS DECORATIVOS DE FLORES NATURAIS.;;0;;;0;0;0;34852;16;5;;2129;False
licitacoes;<b>Processo </b>2022035807/2023;Adesão à ata de registro de preço ou participação(carona) em Pregão de Outros Órgãos;ADESAO A REG DE PRECOS (EXT);Homologada;FUNDO MUNICIPAL DE SAÚDE;3200;2023-08-22;;2022035807;2023;2023-08-22;;;;;78000.00;78000.00;"PRESTAÇÃO DE SERVIÇOS DE INTERNET
REFERENTE MESES: AGOSTO SETEMBRO E OUTUBRO DE 2023
SEMUS";;0;;;0;1,H,C;0;34860;16;5;;2129;False
licitacoes;<b>Processo </b>2023038789/2023;Adesão à ata de registro de preço ou participação(carona) em Pregão de Outros Órgãos;ADESAO A REG DE PREÇOS  (INT);Homologada;FUNDAÇÃO DE MEIO AMBIENTE DE PALMAS;7800;2023-08-21;;2023038789;2023;2023-08-21;;;;;185970.00;185970.00;CONTRATAÇÃO DE EMPRESA ESPECIALIZADA NO FORNECIMENTO DE REFEIÇÕES TIPO LANCHE INDIVIDUAL, ALMOÇO/JANTAR TIPO BUFFET, SERVIÇO DE COFFEE BREAK, COQUETEL E BOLOS CONFEITADOS.;;0;;;0;0;0;34839;16;5;;2129;False
licitacoes;<b>Processo </b>2023046248/2023;Adesão à ata de registro de preço ou participação(carona) em Pregão de Outros Órgãos;ADESAO A REG DE PRECOS (EXT);Homologada;AGÊNCIA DE TRANSPORTE COLETIVO DE PALMAS;1201;2023-08-15;;2023046248;2023;2023-08-15;;;;;131319.81;131319.81;AQUISIÇÃO DE CONDICIONADORES DE AR.;;0;;;0;0;0;34732;16;5;;2129;False
licitacoes;<b>Processo </b>2023042781/2023;Adesão à ata de registro de preço ou participação(carona) em Pregão de Outros Órgãos;ADESAO A REG DE PRECOS (EXT);Homologada;SECRETARIA MUNICIPAL DE INFRAESTRUTURA E SERVIÇOS PÚBLICOS;3500;2023-08-15;;2023042781;2023;2023-08-15;;;;;969565.00;969565.00;AQUISIÇÃO DE MATERIAIS ELÉTRICOS.;;0;;;0;0;0;34736;16;5;;2129;False
licitacoes;<b>Processo </b>2023035822/2023;Adesão à ata de registro de preço ou participação(carona) em Pregão de Outros Órgãos;ADESAO A REG DE PRECOS (EXT);Homologada;SECRETARIA MUNICIPAL DE INFRAESTRUTURA E SERVIÇOS PÚBLICOS;3500;2023-08-09;;2023035822;2023;2023-08-09;;;;;6126402.57;6126402.57;CONTRATAÇÃO DE SERVIÇOS TÉCNICOS DE MANUTENÇÃO PREDIAL.;;0;;;0;1,H,C;0;34651;16;5;;2129;False
licitacoes;<b>Processo </b>2023014355/2023;Adesão à ata de registro de preço ou participação(carona) em Pregão de Outros Órgãos;ADESAO A REG DE PRECOS (EXT);Homologada;SECRETARIA MUNICIPAL DE GOVERNO E RELAÇÕES INSTITUCIONAIS;7900;2023-08-08;;2023014355;2023;2023-08-08;;;;;64580.00;64580.00;CONTRATAÇÃO DE EMPRESA ESPECIALIZADA NO FORNECIMENTO DE ARRANJOS DECORATIVOS DE FLORES NATURAIS.;;0;;;0;1,H,C;0;34642;16;5;;2129;False
licitacoes;<b>Processo </b>2023048388/2023;Adesão à ata de registro de preço ou participação(carona) em Pregão de Outros Órgãos;ADESAO A REG DE PREÇOS  (INT);Homologada;SECRETARIA MUNICIPAL DA EDUCAÇÃO;2900;2023-07-26;;2023048388;2023;2023-07-26;;;;;210000.01;210000.00;ORGÃO PARTICIPANTE DO SERVIÇO DE ADMINISTRAÇÃO, GERENCIAMENTO E CONTROLE DE FROTA E FORNECIMENTO DE COMBUSTIVEIS POR MEIO DE SISTEMA INFORMATIZADO PARA ATENDER DEMANDA DA SECRETARIA MUNICIPAL DE EDUCAÇÃO.;;0;;;0;1,H,C;0;34543;16;5;;2129;False
licitacoes;<b>Processo </b>2023011892/2023;Adesão à ata de registro de preço ou participação(carona) em Pregão de Outros Órgãos;ADESAO A REG DE PREÇOS  (INT);Homologada;SECRETARIA MUNICIPAL DE DESENVOLVIMENTO SOCIAL;3700;2023-07-20;;2023011892;2023;2023-07-20;;;;;3146.00;3146.00;CONTRATAÇÃO DE EMPRESA ESPECIALIZADA EM FORNECIMENTO DE REFEIÇÕES TIPO LANCHE INDIVIDUAL, ALMOÇO/JANTA E SERVIÇO DE COFFEE BREAK.;;0;;;0;1,H,C;0;34489;16;5;;2129;False
licitacoes;<b>Processo </b>2022019990/2023;Adesão à ata de registro de preço ou participação(carona) em Pregão de Outros Órgãos;ADESAO A REG DE PRECOS (EXT);Homologada;FUNDO MUNICIPAL DE SAÚDE;3200;2023-07-17;;2022019990;2023;2023-07-17;;;;;99492.65;99492.65;"LOCAÇÃO DE COPIADORA E SERVIÇOS DE REPROGRAFIA 
REFERENTE: MAIO E JUNHO DE 2023
GESTÃO";;0;;;0;1,H,C;0;34446;16;5;;2129;False
licitacoes;<b>Processo </b>2022019990/2023;Adesão à ata de registro de preço ou participação(carona) em Pregão de Outros Órgãos;ADESAO A REG DE PRECOS (EXT);Homologada;FUNDO MUNICIPAL DE SAÚDE;3200;2023-07-17;;2022019990;2023;2023-07-17;;;;;500.00;500.00;"LOCAÇÃO DE COPIADORA E SERVIÇOS DE REPROGRAFIA 
REFERENTE: MAIO E JUNHO DE 2023
SAMU";;0;;;0;1,H,C;0;34447;16;5;;2129;False
licitacoes;<b>Processo </b>2022019990/2023;Adesão à ata de registro de preço ou participação(carona) em Pregão de Outros Órgãos;ADESAO A REG DE PRECOS (EXT);Homologada;FUNDO MUNICIPAL DE SAÚDE;3200;2023-07-17;;2022019990;2023;2023-07-17;;;;;13185.30;13185.30;"LOCAÇÃO DE COPIADORA E SERVIÇOS DE REPROGRAFIA 
REFERENTE: MAIO E JUNHO DE 2023
VIGILÂNCIA";;0;;;0;1,H,C;0;34449;16;5;;2129;False
licitacoes;<b>Processo </b>2022019990/2023;Adesão à ata de registro de preço ou participação(carona) em Pregão de Outros Órgãos;ADESAO A REG DE PRECOS (EXT);Homologada;FUNDO MUNICIPAL DE SAÚDE;3200;2023-07-17;;2022019990;2023;2023-07-17;;;;;10239.10;10239.10;"LOCAÇÃO DE COPIADORA E SERVIÇOS DE REPROGRAFIA 
REFERENTE: MAIO E JUNHO DE 2023
CAPS";;0;;;0;1,H,C;0;34450;16;5;;2129;False
licitacoes;<b>Processo </b>2022019990/2023;Adesão à ata de registro de preço ou participação(carona) em Pregão de Outros Órgãos;ADESAO A REG DE PRECOS (EXT);Homologada;FUNDO MUNICIPAL DE SAÚDE;3200;2023-07-17;;2022019990;2023;2023-07-17;;;;;102327.60;102327.60;"LOCAÇÃO DE COPIADORA E SERVIÇOS DE REPROGRAFIA 
REFERENTE: MAIO E JUNHO DE 2023
ESPECIALIZADA";;0;;;0;1,H,C;0;34452;16;5;;2129;False
licitacoes;<b>Processo </b>2022019990/2023;Adesão à ata de registro de preço ou participação(carona) em Pregão de Outros Órgãos;ADESAO A REG DE PRECOS (EXT);Homologada;FUNDO MUNICIPAL DE SAÚDE;3200;2023-07-17;;2022019990;2023;2023-07-17;;;;;298586.65;298586.65;"LOCAÇÃO DE COPIADORA E SERVIÇOS DE REPROGRAFIA 
REFERENTE: MAIO E JUNHO DE 2023
SUPAVS";;0;;;0;1,H,C;0;34454;16;5;;2129;False
licitacoes;<b>Processo </b>2022019990/2023;Adesão à ata de registro de preço ou participação(carona) em Pregão de Outros Órgãos;ADESAO A REG DE PRECOS (EXT);Homologada;FUNDO MUNICIPAL DE SAÚDE;3200;2023-07-17;;2022019990;2023;2023-07-17;;;;;115183.50;115183.50;"LOCAÇÃO DE COPIADORA E SERVIÇOS DE REPROGRAFIA 
REFERENTE: MAIO E JUNHO DE 2023
UPAS";;0;;;0;1,H,C;0;34455;16;5;;2129;False
licitacoes;<b>Processo </b>2023011047/2023;Adesão à ata de registro de preço ou participação(carona) em Pregão de Outros Órgãos;ADESAO A REG DE PREÇOS  (INT);Homologada;FUNDAÇÃO MUNICIPAL DE ESPORTES E LAZER DE PALMAS;1600;2023-07-13;;2023011047;2023;2023-07-13;;;;;376773.78;376773.78;ADESÃO A ATA DE RP N° 042/2022, AQUISIÇÃO DE MOBILIÁRIO, INCLUINDO SUA MONTAGEM E INSTALAÇÃO.;;0;;;0;1,H,C;0;34398;16;5;;2129;False
licitacoes;<b>Processo </b>2023041789/2023;Adesão à ata de registro de preço ou participação(carona) em Pregão de Outros Órgãos;ADESAO A REG DE PREÇOS  (INT);Homologada;SECRETARIA MUNICIPAL DA EDUCAÇÃO;2900;2023-07-13;;2023041789;2023;2023-07-13;;;;;2224999.88;2224999.88;AQUISIÇÃO DE MOBILIÁRIO EM GERAL, INCLUSO MONTAGEM E INSTALAÇÃO.;;0;;;0;1,H,C;0;34405;16;5;;2129;False
licitacoes;<b>Processo </b>2023025068/2023;Outros;CREDENCIAMENTO;Homologada;FUNDO MUNICIPAL DE ASSISTÊNCIA SOCIAL;5800;2023-07-13;;2023025068;2023;2023-08-21;;;;;65238.72;65238.72;CONTRATAÇÃO DE EMPRESA ESPECIALIZADA EM SERVIÇOS FUNERÁRIOS.;;0;;;0;0;0;34844;99;5;;2129;False
licitacoes;<b>Processo </b>2023025068/2023;Outros;CREDENCIAMENTO;Homologada;FUNDO MUNICIPAL DE ASSISTÊNCIA SOCIAL;5800;2023-07-13;;2023025068;2023;2023-08-21;;;;;63486.89;63486.89;CONTRATAÇÃO DE EMPRESA ESPECIALIZADA EM SERVIÇOS FUNERÁRIOS.;;0;;;0;0;0;34847;99;5;;2129;False
licitacoes;<b>Processo </b>2023040982/2023;Adesão à ata de registro de preço ou participação(carona) em Pregão de Outros Órgãos;ADESAO A REG DE PREÇOS  (INT);Homologada;AGÊNCIA DE TRANSPORTE COLETIVO DE PALMAS;1201;2023-07-12;;2023040982;2023;2023-07-12;;;;;534447.08;534447.08;"ADESÃO A ATA DE REGISTRO DE PREÇOS N° 036/2022 / PREGÃO ELETRÔNICO - SRP N° 042/2022 DO MUNICÍPIO DE PALMAS; PARA AQUISIÇÃO DE MOBILIÁRIO.";;0;;;0;1,H,C;0;34377;16;5;;2129;False
licitacoes;<b>Processo </b>2023014458/2023;Adesão à ata de registro de preço ou participação(carona) em Pregão de Outros Órgãos;ADESAO A REG DE PREÇOS  (INT);Homologada;FUNDAÇÃO MUNICIPAL DE ESPORTES E LAZER DE PALMAS;1600;2023-06-29;;2023014458;2023;2023-06-29;;;;;194228.63;194228.63;AQUISIÇÃO DE MATERIAIS DE CONSTRUÇÃO E ELÉTRICOS.;;0;;;0;1,H,B,C;0;34252;16;5;;2129;False
licitacoes;<b>Processo </b>2023024336/2023;Adesão à ata de registro de preço ou participação(carona) em Pregão de Outros Órgãos;ADESAO A REG DE PRECOS (EXT);Homologada;INSTITUTO DE PREVIDÊNCIA SOCIAL DO MUNICÍPIO DE PALMAS;6100;2023-06-29;;2023024336;2023;2023-06-29;;;;;250000.00;250000.00;AQUISIÇÃO DE PASSAGENS AÉREAS.;;0;;;0;1,H,C;0;34260;16;5;;2129;False
licitacoes;<b>Processo </b>2022065727/2023;Adesão à ata de registro de preço ou participação(carona) em Pregão de Outros Órgãos;ADESAO A REG DE PRECOS (EXT);Homologada;FUNDO MUNICIPAL DE SAÚDE;3200;2023-06-28;;2022065727;2023;2023-06-28;;;;;5263657.20;5263657.20;AQUISIÇÃO DE MÓVEIS EM GERAL.;;0;;;0;1,H,C;0;34273;16;5;;2129;False
licitacoes;<b>Processo </b>2022035801/2023;Adesão à ata de registro de preço ou participação(carona) em Pregão de Outros Órgãos;ADESAO A REG DE PRECOS (EXT);Homologada;FUNDO MUNICIPAL DE SAÚDE;3200;2023-06-27;;2022035801;2023;2023-06-27;;;;;11665.50;11665.50;"PRESTAÇÃO DE SERVIÇOS DE INTRANET 
REFERÊNCIA: MAIO JUNHO E JULHO DE 2023
GESTÃO";;0;;;0;1,H,C;0;34249;16;5;;2129;False
licitacoes;<b>Processo </b>2022035807/2023;Adesão à ata de registro de preço ou participação(carona) em Pregão de Outros Órgãos;ADESAO A REG DE PRECOS (EXT);Homologada;FUNDO MUNICIPAL DE SAÚDE;3200;2023-06-27;;2022035807;2023;2023-06-27;;;;;78000.00;78000.00;"PRESTAÇÃO DE SERVIÇOS DE INTERNET 
REFERÊNCIA: MAIO JUNHO E JULHO DE 2023
SEMUS";;0;;;0;1,H,C;0;34250;16;5;;2129;False
licitacoes;<b>Processo </b>2022035801/2023;Adesão à ata de registro de preço ou participação(carona) em Pregão de Outros Órgãos;ADESAO A REG DE PRECOS (EXT);Homologada;FUNDO MUNICIPAL DE SAÚDE;3200;2023-06-26;;2022035801;2023;2023-06-26;;;;;77410.08;77410.08;"PRESTAÇÃO DE SERVIÇOS DE INTRANET 
REFERÊNCIA: MAIO JUNHO E JULHO DE 2023
ESPECIALIZADA";;0;;;0;1,H,C;0;34219;16;5;;2129;False
licitacoes;<b>Processo </b>2022035801/2023;Adesão à ata de registro de preço ou participação(carona) em Pregão de Outros Órgãos;ADESAO A REG DE PRECOS (EXT);Homologada;FUNDO MUNICIPAL DE SAÚDE;3200;2023-06-26;;2022035801;2023;2023-06-26;;;;;11665.50;11665.50;"PRESTAÇÃO DE SERVIÇOS DE INTRANET 
REFERÊNCIA: MAIO JUNHO E JULHO DE 2023
ESPECIALIZADA";;0;;;0;1,H,C;0;34220;16;5;;2129;False
licitacoes;<b>Processo </b>2023013042/2023;Adesão à ata de registro de preço ou participação(carona) em Pregão de Outros Órgãos;ADESAO A REG DE PRECOS (EXT);Homologada;SECRETARIA MUNICIPAL DE ASSUNTOS FUNDIÁRIOS;9000;2023-06-26;;2023013042;2023;2023-06-26;;;;;112500.00;112500.00;AQUISIÇÃO DE RECEPTOR DE GPS E SOFTWARE DE COLETA DE DADOS.;;0;;;0;1,H,C;0;34222;16;5;;2129;False
licitacoes;<b>Processo </b>2022035801/2023;Adesão à ata de registro de preço ou participação(carona) em Pregão de Outros Órgãos;ADESAO A REG DE PRECOS (EXT);Homologada;FUNDO MUNICIPAL DE SAÚDE;3200;2023-06-26;;2022035801;2023;2023-06-26;;;;;9620.82;9620.82;"PRESTAÇÃO DE SERVIÇOS DE INTRANET 
REFERÊNCIA: MAIO JUNHO E JULHO DE 2023
FESP";;0;;;0;1,H,C;0;34224;16;5;;2129;False
licitacoes;<b>Processo </b>2023035801/2023;Adesão à ata de registro de preço ou participação(carona) em Pregão de Outros Órgãos;ADESAO A REG DE PRECOS (EXT);Homologada;FUNDO MUNICIPAL DE SAÚDE;3200;2023-06-26;;2023035801;2023;2023-06-26;;;;;9620.82;9620.82;"PRESTAÇÃO DE SERVIÇOS DE INTRANET 
REFERÊNCIA: MAIO JUNHO E JULHO DE 2023
SAMU";;0;;;0;1,H,C;0;34226;16;5;;2129;False
licitacoes;<b>Processo </b>2022035801/2023;Adesão à ata de registro de preço ou participação(carona) em Pregão de Outros Órgãos;ADESAO A REG DE PRECOS (EXT);Homologada;FUNDO MUNICIPAL DE SAÚDE;3200;2023-06-26;;2022035801;2023;2023-06-26;;;;;9620.82;9620.82;"PRESTAÇÃO DE SERVIÇOS DE INTRANET 
REFERÊNCIA: MAIO JUNHO E JULHO DE 2023
SAMU";;0;;;0;1,H,C;0;34229;16;5;;2129;False
licitacoes;<b>Processo </b>2022035801/2023;Adesão à ata de registro de preço ou participação(carona) em Pregão de Outros Órgãos;ADESAO A REG DE PRECOS (EXT);Homologada;FUNDO MUNICIPAL DE SAÚDE;3200;2023-06-26;;2022035801;2023;2023-06-26;;;;;38483.28;38483.28;"PRESTAÇÃO DE SERVIÇOS DE INTRANET 
REFERÊNCIA: MAIO JUNHO E JULHO DE 2023
VIGILÂNCIA";;0;;;0;1,H,C;0;34231;16;5;;2129;False
licitacoes;<b>Processo </b>2022035801/2023;Adesão à ata de registro de preço ou participação(carona) em Pregão de Outros Órgãos;ADESAO A REG DE PRECOS (EXT);Homologada;FUNDO MUNICIPAL DE SAÚDE;3200;2023-06-26;;2022035801;2023;2023-06-26;;;;;13272.60;13272.60;"PRESTAÇÃO DE SERVIÇOS DE INTRANET 
REFERÊNCIA: MAIO JUNHO E JULHO DE 2023
CAPS";;0;;;0;1,H,C;0;34235;16;5;;2129;False
licitacoes;<b>Processo </b>2022035801/2023;Adesão à ata de registro de preço ou participação(carona) em Pregão de Outros Órgãos;ADESAO A REG DE PRECOS (EXT);Homologada;FUNDO MUNICIPAL DE SAÚDE;3200;2023-06-26;;2022035801;2023;2023-06-26;;;;;23331.00;23331.00;"PRESTAÇÃO DE SERVIÇOS DE INTRANET 
REFERÊNCIA: MAIO JUNHO E JULHO DE 2023
UPAS";;0;;;0;1,H,C;0;34236;16;5;;2129;False
licitacoes;<b>Processo </b>2022035801/2023;Adesão à ata de registro de preço ou participação(carona) em Pregão de Outros Órgãos;ADESAO A REG DE PRECOS (EXT);Homologada;FUNDO MUNICIPAL DE SAÚDE;3200;2023-06-26;;2022035801;2023;2023-06-26;;;;;321834.87;321834.87;"PRESTAÇÃO DE SERVIÇOS DE INTRANET 
REFERÊNCIA: MAIO JUNHO E JULHO DE 2023
SUPAVS";;0;;;0;1,H,C;0;34237;16;5;;2129;False
licitacoes;<b>Processo </b>2023015013/2023;Adesão à ata de registro de preço ou participação(carona) em Pregão de Outros Órgãos;ADESAO A REG DE PRECOS (EXT);Homologada;CASA CIVIL DO MUNICÍPIO DE PALMAS;9300;2023-06-22;;2023015013;2023;2023-06-22;;;;;65074.77;65074.77;AQUISIÇÃO DE MATERIAIS DE LIMPEZA, COPA, COZINHA E GÊNEROS ALIMENTÍCIOS.;;0;;;0;1,H,C;0;34207;16;5;;2129;False
licitacoes;<b>Processo </b>2022073538/2023;Adesão à ata de registro de preço ou participação(carona) em Pregão de Outros Órgãos;ADESAO A REG DE PREÇOS  (INT);Homologada;INSTITUTO 20 DE MAIO DE ENSINO, CIÊNCIA E TECNOLOGIA DO MUNICÍPIO DE PALMAS;8500;2023-06-21;;2022073538;2023;2023-06-21;;;;;52000.00;52000.00;FORNECIMENTO DE COFFEE BREAK.;;0;;;0;1,H,C;0;34192;16;5;;2129;False
licitacoes;<b>Processo </b>2023041645/2023;Adesão à ata de registro de preço ou participação(carona) em Pregão de Outros Órgãos;ADESAO A REG DE PREÇOS  (INT);Homologada;FUNDO MUNICIPAL DE SAÚDE;3200;2023-06-20;;2023041645;2023;2023-06-20;;;;;5200.00;5200.00;AQUISIÇÃO DE AGUA MINERAL E GAS DE COZINHA - PREGÃO ELETRONICO N 019/2023 - ATA DE REGISTRO DE PREÇOS N 015/2023;;0;;;0;1,H,C;0;34172;16;5;;2129;False
licitacoes;<b>Processo </b>2023041645/2023;Adesão à ata de registro de preço ou participação(carona) em Pregão de Outros Órgãos;ADESAO A REG DE PREÇOS  (INT);Homologada;FUNDO MUNICIPAL DE SAÚDE;3200;2023-06-20;;2023041645;2023;2023-06-20;;;;;1590.00;1590.00;AQUISIÇÃO DE AGUA MINERAL E GAS DE COZINHA - PREGÃO ELETRONICO N 019/2023 - ATA DE REGISTRO DE PREÇOS N 015/2023;;0;;;0;1,H,C;0;34173;16;5;;2129;False
licitacoes;<b>Processo </b>2023039981/2023;Adesão à ata de registro de preço ou participação(carona) em Pregão de Outros Órgãos;ADESAO A REG DE PREÇOS  (INT);Aberta;AGÊNCIA MUNICIPAL DE TURISMO;1400;2023-06-20;;2023039981;2023;;;;;;0.00;0.00;AQUISIÇÃO DE AGUA MINERAL, GELO EM CUBOS E GAS DE COZINHA - PREGÃO ELETRONICO N 019/2023 - ATA DE REGISTRO DE PREÇOS N 015/2023;;0;;;0;1,H,C;0;34174;16;1;;2129;False
licitacoes;<b>Processo </b>2023032383/2023;Adesão à ata de registro de preço ou participação(carona) em Pregão de Outros Órgãos;ADESAO A REG DE PREÇOS  (INT);Homologada;SECRETARIA MUNICIPAL DA EDUCAÇÃO;2900;2023-06-14;;2023032383;2023;2023-06-14;;;;;4702066.80;4702066.80;LOCAÇÃO DE EQUIPAMENTOS PARA EVENTOS.;;0;;;0;1,H,C;0;34119;16;5;;2129;False
licitacoes;<b>Processo </b>2023037766/2023;Adesão à ata de registro de preço ou participação(carona) em Pregão de Outros Órgãos;ADESAO A REG DE PREÇOS  (INT);Homologada;SECRETARIA MUNICIPAL DE COMUNICAÇÃO;5600;2023-06-14;;2023037766;2023;2023-06-14;;;;;10000623.40;10000726.40;LOCAÇÃO DE EQUIPAMENTOS PARA EVENTOS.;;0;;;0;1,H,C;0;34128;16;5;;2129;False
licitacoes;<b>Processo </b>2023033834/2023;Adesão à ata de registro de preço ou participação(carona) em Pregão de Outros Órgãos;ADESAO A REG DE PRECOS (EXT);Homologada;SECRETARIA MUNICIPAL DA FAZENDA E TRANSFORMAÇÃO DIGITAL;2700;2023-06-13;;2023033834;2023;2023-06-13;;;;;384722.68;384722.68;AQUISIÇÃO DE MOBILIÁRIO.;;0;;;0;1,H,C;0;34105;16;5;;2129;False
licitacoes;<b>Processo </b>2023024261/2023;Adesão à ata de registro de preço ou participação(carona) em Pregão de Outros Órgãos;ADESAO A REG DE PREÇOS  (INT);Homologada;SECRETARIA MUNICIPAL DE INFRAESTRUTURA E SERVIÇOS PÚBLICOS;3500;2023-06-06;;2023024261;2023;2023-06-06;;;;;528984.32;528984.32;AQUISIÇÃO DE MOBILIÁRIO.;;0;;;0;1,H,C;0;34075;16;5;;2129;False
licitacoes;<b>Processo </b>2023032974/2023;Adesão à ata de registro de preço ou participação(carona) em Pregão de Outros Órgãos;ADESAO A REG DE PREÇOS  (INT);Homologada;FUNDO MUNICIPAL DE ASSISTÊNCIA SOCIAL;5800;2023-06-06;;2023032974;2023;2023-06-06;;;;;214375.00;214375.00;ADESÃO A ATA DE REGISTRO DE PREÇOS OBJETIVANDO A CONTRATAÇÃO DE EMPRESA VISANDO O FORNECIMENTO DE ALIMENTAÇÃO TIPO MARMITEX PARA ATENDER AS DEMANDAS SOCIAIS DO MUNICÍPIO DE PALMAS, POR INTERMÉDIO DA SECRETARIA DE DESENVOLVIMENTO SOCIAL.;;0;;;0;1,H,C;0;34081;16;5;;2129;False
licitacoes;<b>Processo </b>2023051665/2023;Pregão Eletrônico;PREGÃO ELETRÔNICO RP;Aberta;SECRETARIA MUNICIPAL DE ASSUNTOS FUNDIÁRIOS;9000;2023-06-06;;2023051665;2023;;;;;;15756.00;12852.44;AQUISIÇÃO DE CONDICIONADORES DE AR E SERVIÇOS DE INSTALAÇÃO E DESINSTALAÇÃO (ÓRGÃO PARTICIPANTE);;0;;;0;0;0;34710;13;1;;2129;False
licitacoes;<b>Processo </b>2023011892/2023;Adesão à ata de registro de preço ou participação(carona) em Pregão de Outros Órgãos;ADESAO A REG DE PREÇOS  (INT);Homologada;FUNDO MUNICIPAL DE ASSISTÊNCIA SOCIAL;5800;2023-05-31;;2023011892;2023;2023-05-31;;;;;254500.00;254500.00;CONTRATAÇÃO DE EMPRESA ESPECIALIZADA EM FORNECIMENTO DE REFEIÇÕES TIPO LANCHE INDIVIDUAL, ALMOÇO/JANTA E SERVIÇO DE COFFEE BREAK.;;0;;;0;1,H,C;0;34049;16;5;;2129;False
licitacoes;<b>Processo </b>2023045723/2023;Pregão Eletrônico;PREGÃO ELETRÔNICO RP;Aberta;FUNDO MUNICIPAL DE ASSISTÊNCIA SOCIAL;5800;2023-05-28;;2023045723;2023;;;;;;479340.00;386100.00;REFEIÇÕES TIPO MARMITEX;;0;;;0;0;0;34400;13;1;;2129;False
licitacoes;<b>Processo </b>2023013615/2023;Adesão à ata de registro de preço ou participação(carona) em Pregão de Outros Órgãos;ADESAO A REG DE PRECOS (EXT);Homologada;FUNDO MUNICIPAL DE ASSISTÊNCIA SOCIAL;5800;2023-05-25;;2023013615;2023;2023-05-25;;;;;434833.36;181125.90;AQUISIÇÃO DE GÊNEROS ALIMENTÍCIOS PERECÍVEIS E NÃO PERECÍVEIS.;;0;;;0;1,H,C;0;33997;16;5;;2129;False
licitacoes;<b>Processo </b>2022019990/2023;Adesão à ata de registro de preço ou participação(carona) em Pregão de Outros Órgãos;ADESAO A REG DE PRECOS (EXT);Homologada;FUNDO MUNICIPAL DE SAÚDE;3200;2023-05-25;;2022019990;2023;2023-05-25;;;;;491592.15;491592.15;"LOCAÇÃO DE COPIADORA  E SERVIÇOS DE REPROGRAFIA
VALOR REFERENTE MESES: JANEIRO A ABRIL DE 2023
GESTÃO";;0;;;0;1,H,C;0;34002;16;5;;2129;False
licitacoes;<b>Processo </b>2023013615/2023;Adesão à ata de registro de preço ou participação(carona) em Pregão de Outros Órgãos;ADESAO A REG DE PRECOS (EXT);Homologada;FUNDO MUNICIPAL DE ASSISTÊNCIA SOCIAL;5800;2023-05-25;;2023013615;2023;2023-05-25;;;;;118834.75;118834.75;AQUISIÇÃO DE GÊNEROS ALIMENTÍCIOS.;;0;;;0;1,H,C;0;34003;16;5;;2129;False
licitacoes;<b>Processo </b>2023013615/2023;Adesão à ata de registro de preço ou participação(carona) em Pregão de Outros Órgãos;ADESAO A REG DE PRECOS (EXT);Homologada;SECRETARIA MUNICIPAL DE DESENVOLVIMENTO SOCIAL;3700;2023-05-25;;2023013615;2023;2023-05-25;;;;;118834.75;118834.75;AQUISIÇÃO DE GÊNEROS ALIMENTÍCIOS.;;0;;;0;1,H,C;0;34005;16;5;;2129;False
licitacoes;<b>Processo </b>2023013615/2023;Adesão à ata de registro de preço ou participação(carona) em Pregão de Outros Órgãos;ADESAO A REG DE PRECOS (EXT);Homologada;SECRETARIA MUNICIPAL DE DESENVOLVIMENTO SOCIAL;3700;2023-05-25;;2023013615;2023;2023-05-25;;;;;191808.00;191808.00;AQUISIÇÃO DE GÊNEROS ALIMENTÍCIOS.;;0;;;0;1,H,C;0;34006;16;5;;2129;False
licitacoes;<b>Processo </b>2023013615/2023;Adesão à ata de registro de preço ou participação(carona) em Pregão de Outros Órgãos;ADESAO A REG DE PRECOS (EXT);Homologada;FUNDO MUNICIPAL DE ASSISTÊNCIA SOCIAL;5800;2023-05-25;;2023013615;2023;2023-05-25;;;;;146147.90;146147.90;AQUISÇÃO DE GÊNEROS ALIMENTÍCIOS.;;0;;;0;1,H,C;0;34007;16;5;;2129;False
licitacoes;<b>Processo </b>2023023478/2023;Adesão à ata de registro de preço ou participação(carona) em Pregão de Outros Órgãos;ADESAO A REG DE PREÇOS  (INT);Homologada;FUNDAÇÃO MUNICIPAL DE ESPORTES E LAZER DE PALMAS;1600;2023-05-19;;2023023478;2023;2023-05-19;;;;;3000013.40;3000013.40;LOCAÇÃO DE ESTRUTURAS PARA EVENTOS.;;0;;;0;1,H,C;0;33972;16;5;;2129;False
licitacoes;<b>Processo </b>2022019990/2023;Adesão à ata de registro de preço ou participação(carona) em Pregão de Outros Órgãos;ADESAO A REG DE PRECOS (EXT);Homologada;FUNDO MUNICIPAL DE SAÚDE;3200;2023-05-18;;2022019990;2023;2023-05-18;;;;;491592.20;491592.20;"LOCAÇÃO DE COPIADORA E SERVIÇOS DE REPROGRAFIA 
VALOR REFERENTE MESES: JANEIRO A ABRIL DE 2023
GESTÃO";;0;;;0;1,H,C;0;33936;16;5;;2129;False
licitacoes;<b>Processo </b>2022019990/2023;Adesão à ata de registro de preço ou participação(carona) em Pregão de Outros Órgãos;ADESAO A REG DE PRECOS (EXT);Homologada;FUNDO MUNICIPAL DE SAÚDE;3200;2023-05-18;;2022019990;2023;2023-05-18;;;;;31644.00;31644.00;"LOCAÇÃO DE COPIADORA E SERVIÇOS DE REPROGRAFIA 
VALOR REFERENTE MESES: JANEIRO A ABRIL DE 2023
VIGILÂNCIA";;0;;;0;1,H,C;0;33937;16;5;;2129;False
licitacoes;<b>Processo </b>2022019990/2023;Adesão à ata de registro de preço ou participação(carona) em Pregão de Outros Órgãos;ADESAO A REG DE PRECOS (EXT);Homologada;FUNDO MUNICIPAL DE SAÚDE;3200;2023-05-18;;2022019990;2023;2023-05-18;;;;;31644.00;31644.00;"LOCAÇÃO DE COPIADORA E SERVIÇOS DE REPROGRAFIA 
VALOR REFERENTE MESES: JANEIRO A ABRIL DE 2023
VIGILÂNCIA";;0;;;0;1,H,C;0;33938;16;5;;2129;False
licitacoes;<b>Processo </b>2022019990/2023;Adesão à ata de registro de preço ou participação(carona) em Pregão de Outros Órgãos;ADESAO A REG DE PRECOS (EXT);Homologada;FUNDO MUNICIPAL DE SAÚDE;3200;2023-05-18;;2022019990;2023;2023-05-18;;;;;43277.15;43277.15;"LOCAÇÃO DE COPIADORA E SERVIÇOS DE REPROGRAFIA
VALOR REFERENTE DEZEMBRO DE 2022
ESPECIALIZADA";;0;;;0;1,H,C;0;33947;16;5;;2129;False
licitacoes;<b>Processo </b>2022019990/2023;Adesão à ata de registro de preço ou participação(carona) em Pregão de Outros Órgãos;ADESAO A REG DE PRECOS (EXT);Homologada;FUNDO MUNICIPAL DE SAÚDE;3200;2023-05-18;;2022019990;2023;2023-05-18;;;;;3419.35;3419.35;"LOCAÇÃO DE COPIADORA E SERVIÇOS DE REPROGRAFIA
VALOR REFERENTE DEZEMBRO DE 2022
CAPS";;0;;;0;1,H,C;0;33948;16;5;;2129;False
licitacoes;<b>Processo </b>2022019990/2023;Adesão à ata de registro de preço ou participação(carona) em Pregão de Outros Órgãos;ADESAO A REG DE PRECOS (EXT);Homologada;FUNDO MUNICIPAL DE SAÚDE;3200;2023-05-18;;2022019990;2023;2023-05-18;;;;;473.65;473.65;"LOCAÇÃO DE COPIADORA E SERVIÇOS DE REPROGRAFIA
VALOR REFERENTE DEZEMBRO DE 2022
SAMU";;0;;;0;1,H,C;0;33951;16;5;;2129;False
licitacoes;<b>Processo </b>2022019990/2023;Adesão à ata de registro de preço ou participação(carona) em Pregão de Outros Órgãos;ADESAO A REG DE PRECOS (EXT);Homologada;FUNDO MUNICIPAL DE SAÚDE;3200;2023-05-18;;2022019990;2023;2023-05-18;;;;;108885.55;108885.55;"LOCAÇÃO DE COPIADORA E SERVIÇOS DE REPROGRAFIA
VALOR REFERENTE DEZEMBRO DE 2022
SUPAVS";;0;;;0;1,H,C;0;33954;16;5;;2129;False
licitacoes;<b>Processo </b>2022019990/2023;Adesão à ata de registro de preço ou participação(carona) em Pregão de Outros Órgãos;ADESAO A REG DE PRECOS (EXT);Homologada;FUNDO MUNICIPAL DE SAÚDE;3200;2023-05-18;;2022019990;2023;2023-05-18;;;;;10086.15;10086.15;"LOCAÇÃO DE COPIADORA E SERVIÇOS DE REPROGRAFIA
VALOR REFERENTE DEZEMBRO DE 2022
VIGILÂNCIA";;0;;;0;1,H,C;0;33955;16;5;;2129;False
licitacoes;<b>Processo </b>2022019990/2023;Adesão à ata de registro de preço ou participação(carona) em Pregão de Outros Órgãos;ADESAO A REG DE PRECOS (EXT);Homologada;FUNDO MUNICIPAL DE SAÚDE;3200;2023-05-18;;2022019990;2023;2023-05-18;;;;;77432.50;77432.50;"LOCAÇÃO DE COPIADORA E SERVIÇOS DE REPROGRAFIA
VALOR REFERENTE DEZEMBRO DE 2022
GESTÃO";;0;;;0;1,H,C;0;33956;16;5;;2129;False
licitacoes;<b>Processo </b>2022019990/2023;Adesão à ata de registro de preço ou participação(carona) em Pregão de Outros Órgãos;ADESAO A REG DE PRECOS (EXT);Homologada;FUNDO MUNICIPAL DE SAÚDE;3200;2023-05-18;;2022019990;2023;2023-05-18;;;;;24145.20;24145.20;"LOCAÇÃO DE COPIADORA E SERVIÇOS DE REPROGRAFIA
VALOR REFERENTE DEZEMBRO DE 2022
UPAS";;0;;;0;1,H,C;0;33957;16;5;;2129;False
licitacoes;<b>Processo </b>2022019990/2023;Adesão à ata de registro de preço ou participação(carona) em Pregão de Outros Órgãos;ADESAO A REG DE PRECOS (EXT);Homologada;FUNDO MUNICIPAL DE SAÚDE;3200;2023-05-17;;2022019990;2023;2023-05-17;;;;;65385.00;65385.00;"LOCAÇÃO DE COPIADORA E SERVIÇOS DE REPROGRAFIA
VALOR REFERENTE MESES: JANEIRO A ABRIL DE 2023
ESPECIALIZADA";;0;;;0;1,H,C;0;33921;16;5;;2129;False
licitacoes;<b>Processo </b>2022019990/2023;Adesão à ata de registro de preço ou participação(carona) em Pregão de Outros Órgãos;ADESAO A REG DE PRECOS (EXT);Homologada;FUNDO MUNICIPAL DE SAÚDE;3200;2023-05-17;;2022019990;2023;2023-05-17;;;;;197715.85;197715.85;"LOCAÇÃO DE COPIADORA E SERVIÇOS DE REPROGRAFIA
VALOR REFERENTE MESES: JANEIRO A ABRIL DE 2023
ESPECIALIZADA";;0;;;0;1,H,C;0;33923;16;5;;2129;False
licitacoes;<b>Processo </b>2022019990/2023;Adesão à ata de registro de preço ou participação(carona) em Pregão de Outros Órgãos;ADESAO A REG DE PRECOS (EXT);Homologada;FUNDO MUNICIPAL DE SAÚDE;3200;2023-05-17;;2022019990;2023;2023-05-17;;;;;20159.35;20159.35;"LOCAÇÃO DE COPIADORA E SERVIÇOS DE REPROGRAFIA
VALOR REFERENTE MESES: JANEIRO A ABRIL DE 2023
CAPS";;0;;;0;1,H,C;0;33925;16;5;;2129;False
licitacoes;<b>Processo </b>2022019990/2023;Adesão à ata de registro de preço ou participação(carona) em Pregão de Outros Órgãos;ADESAO A REG DE PRECOS (EXT);Homologada;FUNDO MUNICIPAL DE SAÚDE;3200;2023-05-17;;2022019990;2023;2023-05-17;;;;;1746.85;1746.85;"LOCAÇÃO DE COPIADORA E SERVIÇOS DE REPROGRAFIA
VALOR REFERENTE MESES: JANEIRO A ABRIL DE 2023
SAMU";;0;;;0;1,H,C;0;33927;16;5;;2129;False
licitacoes;<b>Processo </b>2022019990/2023;Adesão à ata de registro de preço ou participação(carona) em Pregão de Outros Órgãos;ADESAO A REG DE PRECOS (EXT);Homologada;FUNDO MUNICIPAL DE SAÚDE;3200;2023-05-17;;2022019990;2023;2023-05-17;;;;;406304.80;406304.80;"LOCAÇÃO DE COPIADORA E SERVIÇOS DE REPROGRAFIA
VALOR REFERENTE MESES: JANEIRO A ABRIL DE 2023
SUPAVS";;0;;;0;1,H,C;0;33928;16;5;;2129;False
licitacoes;<b>Processo </b>2022019990/2023;Adesão à ata de registro de preço ou participação(carona) em Pregão de Outros Órgãos;ADESAO A REG DE PRECOS (EXT);Homologada;FUNDO MUNICIPAL DE SAÚDE;3200;2023-05-17;;2022019990;2023;2023-05-17;;;;;79991.40;79991.40;"LOCAÇÃO DE COPIADORA E SERVIÇOS DE REPROGRAFIA
VALOR REFERENTE MESES: JANEIRO A ABRIL DE 2023
UPAS";;0;;;0;1,H,C;0;33929;16;5;;2129;False
licitacoes;<b>Processo </b>2022066267/2023;Adesão à ata de registro de preço ou participação(carona) em Pregão de Outros Órgãos;ADESAO A REG DE PREÇOS  (INT);Homologada;AGÊNCIA MUNICIPAL DE TURISMO;1400;2023-05-15;;2022066267;2023;2023-05-15;;;;;265108.67;265108.67;AQUISIÇÃO DE MATERIAIS DE CONSTRUÇÃO E ELÉTRICOS.;;0;;;0;1,H,C;0;33882;16;5;;2129;False
licitacoes;<b>Processo </b>2022070699/2023;Adesão à ata de registro de preço ou participação(carona) em Pregão de Outros Órgãos;ADESAO A REG DE PRECOS (EXT);Homologada;FUNDO MUNICIPAL DE SAÚDE;3200;2023-05-10;;2022070699;2023;2023-05-10;;;;;1299999.96;1299999.96;MANUTENÇÃO PREVENTIVA E CORRETIVA DE VEÍCULOS.;;0;;;0;1,H,C;0;33826;16;5;;2129;False
licitacoes;<b>Processo </b>2023011893/2023;Adesão à ata de registro de preço ou participação(carona) em Pregão de Outros Órgãos;ADESAO A REG DE PREÇOS  (INT);Homologada;FUNDAÇÃO CULTURAL DE PALMAS;7100;2023-05-09;;2023011893;2023;2023-05-09;;;;;7617035.98;7609035.98;CONTRATAÇÃO DE EMPRESA ESPECIALIZADA EM LOCAÇÃO DE EQUIPAMENTOS PARA EVENTOS.;;0;;;0;1,H,C;0;33813;16;5;;2129;False
licitacoes;<b>Processo </b>2022072676/2023;Adesão à ata de registro de preço ou participação(carona) em Pregão de Outros Órgãos;ADESAO A REG DE PREÇOS  (INT);Homologada;SECRETARIA MUNICIPAL DE DESENVOLVIMENTO ECONÔMICO E EMPREGO;2600;2023-05-09;;2022072676;2023;2023-05-09;;;;;343110.00;343110.00;AQUISIÇÃO DE MATERIAIS DE CONSTRUÇÃO.;;0;;;0;1,H,B,C;0;33818;16;5;;2129;False
licitacoes;<b>Processo </b>2023015498/2023;Adesão à ata de registro de preço ou participação(carona) em Pregão de Outros Órgãos;ADESAO A REG DE PRECOS (EXT);Homologada;CASA CIVIL DO MUNICÍPIO DE PALMAS;9300;2023-05-03;;2023015498;2023;2023-05-03;;;;;112505.64;112505.64;AQUISIÇÃO DE MATERIAIS DE EXPEDIENTE.;;0;;;0;1,H,C;0;33783;16;5;;2129;False
licitacoes;<b>Processo </b>2023005928/2023;Adesão à ata de registro de preço ou participação(carona) em Pregão de Outros Órgãos;ADESAO A REG DE PRECOS (EXT);Homologada;AGÊNCIA MUNICIPAL DE TURISMO;1400;2023-05-02;;2023005928;2023;2023-05-02;;;;;84780.00;84780.00;AQUISIÇÃO DE FOGOS, ADESÃO A ARP N° 024/2022 PREGÃO PRESENCIAL-SRP N°23/2023 DA PREFEITURA DE PIRENÓPOLIS;;0;;;0;1,H,C;0;33773;16;5;;2129;False
licitacoes;<b>Processo </b>2023011548/2023;Adesão à ata de registro de preço ou participação(carona) em Pregão de Outros Órgãos;ADESAO A REG DE PRECOS (EXT);Homologada;FUNDAÇÃO CULTURAL DE PALMAS;7100;2023-04-27;;2023011548;2023;2023-04-27;;;;;425957.40;425957.40;CONTRATAÇÃO DE EMPRESA DE ENGENHARIA ESPECIALIZADANA PRESTAÇÃO DE SERVIÇOS DE MANUTENÇÃO PREDIAL.;;0;;;0;1,H,C;0;33731;16;5;;2129;False
licitacoes;<b>Processo </b>2023023912/2023;Adesão à ata de registro de preço ou participação(carona) em Pregão de Outros Órgãos;ADESAO A REG DE PRECOS (EXT);Homologada;SECRETARIA MUNICIPAL DA HABITAÇÃO;9200;2023-04-27;;2023023912;2023;2023-04-27;;;;;24469425.00;24469425.00;AQUISIÇÃO DE SISTEMA DE MICRO E MINI GERAÇÃO DE ENERGIA ELÉTRICA A PARTIR DE FONTE PRIMÁRIA SOLAR (ON GRID).;;0;;;0;1,H,C;0;33743;16;5;;2129;False
licitacoes;<b>Processo </b>2023027600/2023;Adesão à ata de registro de preço ou participação(carona) em Pregão de Outros Órgãos;ADESAO A REG DE PRECOS (EXT);Homologada;SECRETARIA MUNICIPAL DE PLANEJAMENTO E DESENVOLVIMENTO HUMANO;2500;2023-04-26;;2023027600;2023;2023-04-26;;;;;1495661.20;1495661.20;AQUISIÇÃO DE MÓVEIS SOB MEDIDA;;0;;;0;1,H,C;0;33723;16;5;;2129;False
licitacoes;<b>Processo </b>2022066155/2023;Adesão à ata de registro de preço ou participação(carona) em Pregão de Outros Órgãos;ADESAO A REG DE PRECOS (EXT);Homologada;FUNDO MUNICIPAL DE SAÚDE;3200;2023-04-25;;2022066155;2023;2023-04-25;;;;;11785123.25;11785123.25;CONTRATAÇÃO DE EMPRESA ESPECIALIZADA EM SERVIÇOS DE MANUTENÇÃO PREDIAL.;;0;;;0;1,H,C;0;33716;16;5;;2129;False
licitacoes;<b>Processo </b>2023019055/2023;Adesão à ata de registro de preço ou participação(carona) em Pregão de Outros Órgãos;ADESAO A REG DE PRECOS (EXT);Homologada;FUNDO MUNICIPAL DE ASSISTÊNCIA SOCIAL;5800;2023-04-25;;2023019055;2023;2023-04-25;;;;;96032.00;96032.00;AQUISIÇÃO DE MOVEIS PLANEJADOS;;0;;;0;1,H,C;0;33721;16;5;;2129;False
licitacoes;<b>Processo </b>2023019055/2023;Adesão à ata de registro de preço ou participação(carona) em Pregão de Outros Órgãos;ADESAO A REG DE PRECOS (EXT);Homologada;SECRETARIA MUNICIPAL DE DESENVOLVIMENTO SOCIAL;3700;2023-04-25;;2023019055;2023;2023-04-25;;;;;98568.00;98568.00;AQUISIÇÃO DE MOVÉIS PLANEJADOS;;0;;;0;1,H,C;0;33722;16;5;;2129;False
licitacoes;<b>Processo </b>2023014092/2023;Adesão à ata de registro de preço ou participação(carona) em Pregão de Outros Órgãos;ADESAO A REG DE PRECOS (EXT);Homologada;SECRETARIA MUNICIPAL DE INFRAESTRUTURA E SERVIÇOS PÚBLICOS;3500;2023-04-20;;2023014092;2023;2023-04-20;;;;;162215.00;162215.00;AQUISIÇÃO DE APARELHOS DE AR CONDICIONADO COM TECNOLOGIA INVERTER.;;0;;;0;1,H,C;0;33695;16;5;;2129;False
licitacoes;<b>Processo </b>2022009433/2023;Adesão à ata de registro de preço ou participação(carona) em Pregão de Outros Órgãos;ADESAO A REG DE PRECOS (EXT);Homologada;SECRETARIA MUNICIPAL DE DESENVOLVIMENTO SOCIAL;3700;2023-04-20;;2022009433;2023;2023-04-20;;;;;604341.58;604341.58;A PRESENTE CONTRATAÇÃO VISA À REALIZAÇÃO DAS REFORMAS E ADAPTAÇÃO DOS IMÓVEIS CUJA COMPETÊNCIA DE GERENCIAMENTO PERTENCEM A SECRETARIA MUNICIPAL DE DESENVOLVIMENTO SOCIAL, TAIS COMO, CENTRO DE REFERÊNCIA FLOR DE LIS, CRAS, CREAS, CASAS DE ACOLHIMENTOS, CONSELHOS TUTELARES, PARQUE DO IDOSO INCLUSIVE LOCAL ONDE SEDIA ESTA PASTA, TENDO EM VISTA A NECESSIDADE DO USO DE ALGUNS AMBIENTES E OS MESMOS ESTÃO SEM ACABAMENTO E/OU EM CONDIÇÕES PRECÁRIAS DE USO, NÃO PROPORCIONANDO AOS SEUS USUÁRIOS UM PERFEITO FUNCIONAMENTO DOS SERVIÇOS;;0;;;0;1,H,C;0;33699;16;5;;2129;False
licitacoes;<b>Processo </b>2022009433/2023;Adesão à ata de registro de preço ou participação(carona) em Pregão de Outros Órgãos;ADESAO A REG DE PRECOS (EXT);Homologada;FUNDO MUNICIPAL DE ASSISTÊNCIA SOCIAL;5800;2023-04-17;;2022009433;2023;2023-04-17;;;;;653660.07;653660.07;"A PRESENTE CONTRATAÇÃO VISA À REALIZAÇÃO DAS REFORMAS E ADAPTAÇÃO DOS IMÓVEIS CUJA COMPETÊNCIA DE GERENCIAMENTO PERTENCEM A SECRETARIA MUNICIPAL DE
DESENVOLVIMENTO SOCIAL, TAIS COMO, CENTRO DE REFERÊNCIA FLOR DE LIS, CRAS, CREAS, CASAS DE ACOLHIMENTOS, CONSELHOS TUTELARES, PARQUE DO IDOSO INCLUSIVE
LOCAL ONDE SEDIA ESTA PASTA, TENDO EM VISTA A NECESSIDADE DO USO DE ALGUNS AMBIENTES E OS MESMOS ESTÃO SEM ACABAMENTO E/OU EM CONDIÇÕES PRECÁRIAS DE USO,
NÃO PROPORCIONANDO AOS SEUS USUÁRIOS UM PERFEITO FUNCIONAMENTO DOS SERVIÇOS.";;0;;;0;1,H,C;0;33650;16;5;;2129;False
licitacoes;<b>Processo </b>2022069767/2023;Adesão à ata de registro de preço ou participação(carona) em Pregão de Outros Órgãos;ADESAO A REG DE PRECOS (EXT);Homologada;SECRETARIA MUNICIPAL DE INFRAESTRUTURA E SERVIÇOS PÚBLICOS;3500;2023-04-13;;2022069767;2023;2023-04-13;;;;;1092470.00;1092470.00;AQUISIÇÃO DE MATERIAIS PARA SINALIZAÇÃO VIÁRIA HORIZONTAL E VERTICAL.;;0;;;0;1,H,C;0;33638;16;5;;2129;False
licitacoes;<b>Processo </b>2020035459/2023;Adesão à ata de registro de preço ou participação(carona) em Pregão de Outros Órgãos;ADESAO A REG DE PRECOS (EXT);Homologada;FUNDO MUNICIPAL DE SAÚDE;3200;2023-04-04;;2020035459;2023;2023-04-04;;;;;26100.00;26100.00;"EMPENHO VALOR ESTIMADO REFERENTE PRORROGAÇÃO CONTRATO Nº 006/2020 
SEFIN PROCESSO Nº 2020003663  SEMUS PROCESSO Nº 2020035459";;0;;;0;1,H,C;0;33601;16;5;;2129;False
licitacoes;<b>Processo </b>2023011702/2023;Adesão à ata de registro de preço ou participação(carona) em Pregão de Outros Órgãos;ADESAO A REG DE PRECOS (EXT);Homologada;FUNDO MUNICIPAL DE ASSISTÊNCIA SOCIAL;5800;2023-03-29;;2023011702;2023;2023-03-29;;;;;3022880.00;3022880.00;CONTRATAÇÃO DE LICENÇA DE USO DE SISTEMA DE GESTÃO SOCIAL.;;0;;;0;1,H,C;0;33552;16;5;;2129;False
licitacoes;<b>Processo </b>2020035459/2023;Adesão à ata de registro de preço ou participação(carona) em Pregão de Outros Órgãos;ADESAO A REG DE PRECOS (EXT);Homologada;FUNDO MUNICIPAL DE SAÚDE;3200;2023-03-23;;2020035459;2023;2023-03-23;;;;;2314.48;2314.48;"PRESTAÇÃO DE SERVIÇOS DE TELEFONIA MÓVEL
REFERÊNCIA: 02/02/2023 A 01/03/2023
VENCIMENTO: 28/03/2023";;0;;;0;1,H,C;0;33517;16;5;;2129;False
licitacoes;<b>Processo </b>2023000640/2023;Pregão Eletrônico;PREGÃO ELETRÔNICO RP;Homologada;SECRETARIA MUNICIPAL DA EDUCAÇÃO;2900;2023-03-23;;2023000640;2023;;;;;;19963.27;19963.27;AQUISIÇÃO DE GENEROS ALIMENTICIOS;;0;;;0;2,A,1,H,B;0;34070;13;5;;2129;False
licitacoes;<b>Processo </b>2022071887/2023;Adesão à ata de registro de preço ou participação(carona) em Pregão de Outros Órgãos;ADESAO A REG DE PRECOS (EXT);Homologada;SECRETARIA MUNICIPAL DA EDUCAÇÃO;2900;2023-03-21;;2022071887;2023;2023-03-21;;;;;3104764.15;3104764.15;CONTRATAÇÃO DE EMPRESA PARA PRESTAÇÃO DE SERVIÇOS DE INSTALAÇÃO E MANUTENÇÃO PREDIAL, ASSIM COMO A DISPONIBILIZAÇÃO DE INSUMOS PARA ATENDER DEMANDA DA SECRETARIA MUNICIPAL DE EDUCAÇÃO.;;0;;;0;1,H,C;0;33496;16;5;;2129;False
licitacoes;<b>Processo </b>2022071887/2023;Adesão à ata de registro de preço ou participação(carona) em Pregão de Outros Órgãos;ADESAO A REG DE PRECOS (EXT);Homologada;SECRETARIA MUNICIPAL DA EDUCAÇÃO;2900;2023-03-21;;2022071887;2023;2023-03-21;;;;;168413.36;168413.36;CONTRATAÇÃO DE EMPRESA PARA PRESTAÇÃO DE SERVIÇOS DE INSTALAÇÃO E MANUTENÇÃO PREDIAL, ASSIM COMO A DISPONIBILIZAÇÃO DE INSUMOS PARA ATENDER DEMANDA DA SECRETARIA MUNICIPAL DE EDUCAÇÃO.;;0;;;0;1,H,C;0;33497;16;5;;2129;False
licitacoes;<b>Processo </b>2022031784/2023;Adesão à ata de registro de preço ou participação(carona) em Pregão de Outros Órgãos;ADESAO A REG DE PREÇOS  (INT);Homologada;FUNDO MUNICIPAL DE SAÚDE;3200;2023-03-14;;2022031784;2023;2023-03-14;;;;;52842.50;52842.50;CONTRATAÇÃO DE EMPRESA PARA FORNECIMENTO DE LANCHE INDIVIDUAL E COFFEE BREAK.;;0;;;0;1,H,C;0;33412;16;5;;2129;False
licitacoes;<b>Processo </b>2022065494/2023;Adesão à ata de registro de preço ou participação(carona) em Pregão de Outros Órgãos;ADESAO A REG DE PRECOS (EXT);Homologada;SECRETARIA MUNICIPAL DE DESENVOLVIMENTO ECONÔMICO E EMPREGO;2600;2023-03-10;;2022065494;2023;2023-03-10;;;;;79048.50;79048.50;AQUISIÇÃO DE MÓVEIS PLANEJADOS.;;0;;;0;1,H,C;0;33390;16;5;;2129;False
licitacoes;<b>Processo </b>2023002489/2023;Adesão à ata de registro de preço ou participação(carona) em Pregão de Outros Órgãos;ADESAO A REG DE PRECOS (EXT);Homologada;FUNDO MUNICIPAL DE SAÚDE;3200;2023-03-10;;2023002489;2023;2023-03-10;;;;;1233540.00;1233540.00;AQUISIÇÃO DE COMPUTADORES.;;0;;;0;1,H,C;0;33394;16;5;;2129;False
licitacoes;<b>Processo </b>2023002489/2023;Adesão à ata de registro de preço ou participação(carona) em Pregão de Outros Órgãos;ADESAO A REG DE PRECOS (EXT);Homologada;FUNDO MUNICIPAL DE SAÚDE;3200;2023-03-10;;2023002489;2023;2023-03-10;;;;;1388400.00;1388400.00;AQUISIÇÃO DE COMPUTADORES.;;0;;;0;1,H,C;0;33398;16;5;;2129;False
licitacoes;<b>Processo </b>2022035807/2023;Adesão à ata de registro de preço ou participação(carona) em Pregão de Outros Órgãos;ADESAO A REG DE PRECOS (EXT);Homologada;FUNDO MUNICIPAL DE SAÚDE;3200;2023-03-08;;2022035807;2023;2023-03-08;;;;;104000.00;104000.00;"PRESTAÇÃO DE SERVIÇOS DE INTERNET 
REFERÊNCIA: JANEIRO A ABRIL DE 2023 
SEMUS";;0;;;0;1,H,C;0;33354;16;5;;2129;False
licitacoes;<b>Processo </b>2022035801/2023;Adesão à ata de registro de preço ou participação(carona) em Pregão de Outros Órgãos;ADESAO A REG DE PRECOS (EXT);Homologada;FUNDO MUNICIPAL DE SAÚDE;3200;2023-03-08;;2022035801;2023;2023-03-08;;;;;103213.44;103213.44;"PRESTAÇÃO DE SERVIÇOS DE INTRANET 
REFERÊNCIA: JANEIRO A ABRIL DE 2023
ESPECIALIZADA";;0;;;0;1,H,C;0;33355;16;5;;2129;False
licitacoes;<b>Processo </b>2022035801/2023;Adesão à ata de registro de preço ou participação(carona) em Pregão de Outros Órgãos;ADESAO A REG DE PRECOS (EXT);Homologada;FUNDO MUNICIPAL DE SAÚDE;3200;2023-03-08;;2022035801;2023;2023-03-08;;;;;15554.00;15554.00;"PRESTAÇÃO DE SERVIÇOS DE INTRANET 
REFERÊNCIA: JANEIRO A ABRIL DE 2023
GESTÃO";;0;;;0;1,H,C;0;33356;16;5;;2129;False
licitacoes;<b>Processo </b>2022035801/2023;Adesão à ata de registro de preço ou participação(carona) em Pregão de Outros Órgãos;ADESAO A REG DE PRECOS (EXT);Homologada;FUNDO MUNICIPAL DE SAÚDE;3200;2023-03-08;;2022035801;2023;2023-03-08;;;;;12827.76;12827.76;"PRESTAÇÃO DE SERVIÇOS DE INTRANET 
REFERÊNCIA: JANEIRO A ABRIL DE 2023
FESP";;0;;;0;1,H,C;0;33357;16;5;;2129;False
licitacoes;<b>Processo </b>2022035801/2023;Adesão à ata de registro de preço ou participação(carona) em Pregão de Outros Órgãos;ADESAO A REG DE PRECOS (EXT);Homologada;FUNDO MUNICIPAL DE SAÚDE;3200;2023-03-08;;2022035801;2023;2023-03-08;;;;;12827.76;12827.76;"PRESTAÇÃO DE SERVIÇOS DE INTRANET 
REFERÊNCIA: JANEIRO A ABRIL DE 2023
SAMU";;0;;;0;1,H,C;0;33361;16;5;;2129;False
licitacoes;<b>Processo </b>2022035801/2023;Adesão à ata de registro de preço ou participação(carona) em Pregão de Outros Órgãos;ADESAO A REG DE PRECOS (EXT);Homologada;FUNDO MUNICIPAL DE SAÚDE;3200;2023-03-08;;2022035801;2023;2023-03-08;;;;;51311.04;51311.04;"PRESTAÇÃO DE SERVIÇOS DE INTRANET 
REFERÊNCIA: JANEIRO A ABRIL DE 2023
VIGILÂNCIA";;0;;;0;1,H,C;0;33364;16;5;;2129;False
licitacoes;<b>Processo </b>2022035801/2023;Adesão à ata de registro de preço ou participação(carona) em Pregão de Outros Órgãos;ADESAO A REG DE PRECOS (EXT);Homologada;FUNDO MUNICIPAL DE SAÚDE;3200;2023-03-08;;2022035801;2023;2023-03-08;;;;;17696.80;17696.80;"PRESTAÇÃO DE SERVIÇOS DE INTRANET 
REFERÊNCIA: JANEIRO A ABRIL DE 2023
CAPS";;0;;;0;1,H,C;0;33367;16;5;;2129;False
licitacoes;<b>Processo </b>2022035801/2023;Adesão à ata de registro de preço ou participação(carona) em Pregão de Outros Órgãos;ADESAO A REG DE PRECOS (EXT);Homologada;FUNDO MUNICIPAL DE SAÚDE;3200;2023-03-08;;2022035801;2023;2023-03-08;;;;;31108.00;31108.00;"PRESTAÇÃO DE SERVIÇOS DE INTRANET 
REFERÊNCIA: JANEIRO A ABRIL DE 2023
UPAS";;0;;;0;1,H,C;0;33368;16;5;;2129;False
licitacoes;<b>Processo </b>2022035801/2023;Adesão à ata de registro de preço ou participação(carona) em Pregão de Outros Órgãos;ADESAO A REG DE PRECOS (EXT);Homologada;FUNDO MUNICIPAL DE SAÚDE;3200;2023-03-08;;2022035801;2023;2023-03-08;;;;;429113.16;429113.16;"PRESTAÇÃO DE SERVIÇOS DE INTRANET 
REFERÊNCIA: JANEIRO A ABRIL DE 2023
SUPAVS";;0;;;0;1,H,C;0;33370;16;5;;2129;False
licitacoes;<b>Processo </b>2019022751/2023;Adesão à ata de registro de preço ou participação(carona) em Pregão de Outros Órgãos;ADESAO A REG DE PRECOS (EXT);Homologada;SECRETARIA MUNICIPAL DE INFRAESTRUTURA E SERVIÇOS PÚBLICOS;3500;2023-03-07;;2019022751;2023;2023-03-07;;;;;438916.17;438916.17;REGISTRO DE PREÇO PARA LOCAÇÃO DE TRATORES AUTOPROPELIDOS PARA CORTE DE GRAMA;;0;;;0;1,H,C;0;33351;16;5;;2129;False
licitacoes;<b>Processo </b>2022011485/2023;Concorrência para Compras e Serviços;CONCORRÊNCIA;Aberta;SECRETARIA MUNICIPAL DE DESENVOLVIMENTO SOCIAL;3700;2023-03-02;;2022011485;2023;;2022-09-14 00:00:00;;;;0.00;0.00;CONSTRUÇÃO DA CASA DA MULHER BRASILEIRA;;0;;;0;0;0;33291;5;1;;2129;False
licitacoes;<b>Processo </b>2022056075/2023;Adesão à ata de registro de preço ou participação(carona) em Pregão de Outros Órgãos;ADESAO A REG DE PRECOS (EXT);Homologada;SECRETARIA MUNICIPAL DE SEGURANCA E MOBILIDADE URBANA;1200;2023-02-28;;2022056075;2023;2023-02-28;;;;;59576.00;59576.00;AQUISIÇÃO DE ETILÔMETRO.;;0;;;0;1,H,C;0;33195;16;5;;2129;False
licitacoes;<b>Processo </b>2023005928/2023;Adesão à ata de registro de preço ou participação(carona) em Pregão de Outros Órgãos;ADESAO A REG DE PRECOS (EXT);Homologada;AGÊNCIA MUNICIPAL DE TURISMO;1400;2023-02-17;;2023005928;2023;2023-02-17;;;;;84780.00;84780.00;CONTRATAÇÃO DE EMPRESA ESPECIALIZADA EM REALIZAÇÃO DE SHOW PIROTÉCNICO COM FORNECIMENTO DE FOGOS DE ARTIFÍCIO, MÃO DE OBRA, INSTALAÇÃO E SOLTURA.;;0;;;0;1,H,C;0;33172;16;5;;2129;False
licitacoes;<b>Processo </b>2023000779/2023;Pregão Eletrônico;PREGÃO ELETRÔNICO RP;Homologada;SECRETARIA MUNICIPAL DA EDUCAÇÃO;2900;2023-02-17;;2023000779;2023;2023-02-17;;;;;78400.00;78400.00;GÁS DE COZINHA;;0;;;0;2,A,1,H;0;34030;13;5;;2129;False
licitacoes;<b>Processo </b>2022065431/2023;Adesão à ata de registro de preço ou participação(carona) em Pregão de Outros Órgãos;ADESAO A REG DE PREÇOS  (INT);Homologada;AGÊNCIA MUNICIPAL DE TURISMO;1400;2023-02-16;;2022065431;2023;2023-02-16;;;;;204250.00;204250.00;CONTRATAÇÃO DE EMPRESA ESPECIALIZADA NO FORNECIMENTO DE REFEIÇÕES TIPO: LANCHE, ALMOÇO/JANTA E SERVIÇO DE COFFEE BREAK;;0;;;0;1,H,C;0;33151;16;5;;2129;False
licitacoes;<b>Processo </b>2020035459/2023;Adesão à ata de registro de preço ou participação(carona) em Pregão de Outros Órgãos;ADESAO A REG DE PRECOS (EXT);Homologada;FUNDO MUNICIPAL DE SAÚDE;3200;2023-02-16;;2020035459;2023;2023-02-16;;;;;2307.87;2307.87;"PRESTAÇÃO DE SERVIÇOS TELEFONIA MÓVEL 
REFERÊNCIA:  02/01/23 A 01/02/2023
VENCIMENTO: 28/02/2023 
SEMUS";;0;;;0;1,H,C;0;33153;16;5;;2129;False
licitacoes;<b>Processo </b>2023005327/2023;Adesão à ata de registro de preço ou participação(carona) em Pregão de Outros Órgãos;ADESAO A REG DE PREÇOS  (INT);Homologada;AGÊNCIA MUNICIPAL DE TURISMO;1400;2023-02-15;;2023005327;2023;2023-02-15;;;;;7795812.22;7795812.22;LOCAÇÃO DE EQUIPAMENTO PARA EVENTOS.;;0;;;0;1,H,C;0;33140;16;5;;2129;False
licitacoes;<b>Processo </b>2022056634/2023;Adesão à ata de registro de preço ou participação(carona) em Pregão de Outros Órgãos;ADESAO A REG DE PRECOS (EXT);Homologada;SECRETARIA MUNICIPAL DE SEGURANCA E MOBILIDADE URBANA;1200;2023-02-15;;2022056634;2023;2023-02-15;;;;;164800.00;164800.00;AQUISIÇÃO DE COLETES BALISTICOS;;0;;;0;1,H,C;0;33150;16;5;;2129;False
licitacoes;<b>Processo </b>2023000176/2023;Pregão Eletrônico;PREGÃO ELETRÔNICO RP;Homologada;SECRETARIA MUNICIPAL DA EDUCAÇÃO;2900;2023-02-10;;2023000176;2023;2023-02-10;;;;;31623.15;31623.15;"PROCEDIMENTO LICITATÓRIO NA MODALIDADE TOMADA DE PREÇO N° 003/2023.
OBJETO: MATERIAL DE EXPEDIENTE.";;0;;;0;2,A,1,H;0;33677;13;5;;2129;False
licitacoes;<b>Processo </b>2022047828/2023;Adesão à ata de registro de preço ou participação(carona) em Pregão de Outros Órgãos;ADESAO A REG DE PREÇOS  (INT);Homologada;SECRETARIA MUNICIPAL DE DESENVOLVIMENTO URBANO E SERVIÇOS REGIONAIS;9400;2023-02-08;;2022047828;2023;2023-02-08;;;;;1924.45;1924.45;CONFECÇÃO DE CARIMBOS;;0;;;0;1,H,C;0;33048;16;5;;2129;False
licitacoes;<b>Processo </b>2022039055/2023;Adesão à ata de registro de preço ou participação(carona) em Pregão de Outros Órgãos;ADESAO A REG DE PRECOS (EXT);Homologada;SECRETARIA MUNICIPAL DE DESENVOLVIMENTO URBANO E SERVIÇOS REGIONAIS;9400;2023-02-08;;2022039055;2023;2023-02-08;;;;;627.16;627.16;SERVIÇO DE CHAVEIRO;;0;;;0;1,H,C;0;33049;16;5;;2129;False
licitacoes;<b>Processo </b>2022010817/2023;Adesão à ata de registro de preço ou participação(carona) em Pregão de Outros Órgãos;ADESAO A REG DE PREÇOS  (INT);Homologada;INSTITUTO DE PREVIDÊNCIA SOCIAL DO MUNICÍPIO DE PALMAS;6100;2023-02-08;;2022010817;2023;2023-02-08;;;;;28766.40;50341.20;ADESÃO A ATA DE REGISTRO DE PREÇO PRESTAÇÃO DE SERVIÇOS DE MANUTENÇÃO DE AR-CONDICIONADO;;0;;;0;1,H,C;0;33060;16;5;;2129;False
licitacoes;<b>Processo </b>2022067928/2023;Adesão à ata de registro de preço ou participação(carona) em Pregão de Outros Órgãos;ADESAO A REG DE PREÇOS  (INT);Homologada;SECRETARIA MUNICIPAL DE DESENVOLVIMENTO URBANO E SERVIÇOS REGIONAIS;9400;2023-02-07;;2022067928;2023;2023-02-07;;;;;1341.60;1341.60;AQUISIÇÃO DE ÁGUA MINERAL.;;0;;;0;1,H,C;0;33042;16;5;;2129;False
licitacoes;<b>Processo </b>2022067928/2023;Adesão à ata de registro de preço ou participação(carona) em Pregão de Outros Órgãos;ADESAO A REG DE PREÇOS  (INT);Homologada;SECRETARIA MUNICIPAL DE DESENVOLVIMENTO URBANO E SERVIÇOS REGIONAIS;9400;2023-02-07;;2022067928;2023;2023-02-07;;;;;1473.00;1473.00;AQUISIÇÃO DE ÁGUA MINERAL;;0;;;0;1,H,C;0;33043;16;5;;2129;False
licitacoes;<b>Processo </b>2023000779/2023;Pregão Eletrônico;PREGÃO ELETRÔNICO RP;Homologada;SECRETARIA MUNICIPAL DA EDUCAÇÃO;2900;2023-02-07;;2023000779;2023;2023-02-07;;;;;167118.00;167118.00;"PROCEDIMENTO LICITATÓRIO NA MODALIDADE CHAMADA PÚBLICA N° 001/2023.
OBJETO: AQUISIÇÃO DE GÊNEROS ALIMENNTÍCIOS - MERENDA ESCOLAR.";;0;;;0;2,A,1,H;0;33694;13;5;;2129;False
licitacoes;<b>Processo </b>2022056384/2023;Adesão à ata de registro de preço ou participação(carona) em Pregão de Outros Órgãos;ADESAO A REG DE PREÇOS  (INT);Homologada;AGÊNCIA DE TECNOLOGIA DA INFORMAÇÃO DO  MUNICÍPIO  DE  PALMAS;9600;2023-02-02;;2022056384;2023;2023-02-02;;;;;50500.00;50500.00;PRESTAÇÃO DE SERVIÇOS DE BUFFET/COFFE BREAK - ATA 013/2022.;;0;;;0;1,H,C;0;33010;16;5;;2129;False
licitacoes;<b>Processo </b>2022063542/2023;Adesão à ata de registro de preço ou participação(carona) em Pregão de Outros Órgãos;ADESAO A REG DE PREÇOS  (INT);Homologada;FUNDO MUNICIPAL DE SAÚDE;3200;2023-02-01;;2022063542;2023;2023-02-01;;;;;221021.00;221021.00;AQUISIÇÃO DE MATERIAIS DE CONSTRUÇÃO PARA ATENDER A REDE MUNICIPAL DE SAÚDE.;;0;;;0;1,H,C;0;33006;16;5;;2129;False
licitacoes;<b>Processo </b>2022057536/2023;Adesão à ata de registro de preço ou participação(carona) em Pregão de Outros Órgãos;ADESAO A REG DE PREÇOS  (INT);Homologada;FUNDO MUNICIPAL DE SAÚDE;3200;2023-02-01;;2022057536;2023;2023-02-01;;;;;72000.00;72000.00;ADESÃO DE ATA DE REGISTRO DE PREÇOS N° 003/2022, CONTRATAÇÃO DE EMPRESA ESPECIALIZADA EM LOCAÇÃO DE ÔNIBUS TIPO URBANO, PREGÃO ELETRÔNICO N° 002/2022.;;0;;;0;1,H,C;0;33008;16;5;;2129;False
licitacoes;<b>Processo </b>2023000779/2023;Tomada de Preço para Compras e Serviços;TOMADA DE PREÇOS;Homologada;SECRETARIA MUNICIPAL DA EDUCAÇÃO;2900;2023-01-02;;2023000779;2023;2023-01-02;;;;;78400.00;78400.00;"PROCEDIMENTO LICITATÓRIO NA MODALIDADE TOMADA DE PREÇO N° 001/2023.
OBJETO: GÁS DE COZINHA.";;0;;;0;2,A,1,H;0;33720;3;5;;2129;False
licitacoes;1111/2022;Concorrência para Compras e Serviços;CONCORRÊNCIA;Homologada;SECRETARIA MUNICIPAL DE INFRAESTRUTURA E SERVIÇOS PÚBLICOS;3500;2022-06-09;1111;2022011886;2022;2023-08-01;;;;;4911896.49;4785919.00;CONSTRUÇÃO D E CICLOVIA E PISTA DE CAMINHA DO PARQUE CESAMAR;;0;;;0;2,A;0;34597;5;5;;2129;False
licitacoes;656/2022;Pregão Eletrônico;PREGÃO ELETRÔNICO RP;Homologada;SECRETARIA MUNICIPAL DE SEGURANCA E MOBILIDADE URBANA;1200;2022-07-25;656;2021085610;2022;2022-09-14;2022-08-05 00:00:00;;;;385703.56;302496.00;AQUISIÇÃO DE RÁDIOS;;0;;;0;2,A;0;32240;13;5;;2129;False
licitacoes;321/2022;Pregão Eletrônico;PREGÃO ELETRÔNICO RP;Homologada;SECRETARIA MUNICIPAL DE INFRAESTRUTURA E SERVIÇOS PÚBLICOS;3500;2022-04-12;321;2022011030;2022;2022-09-14;2022-04-28 00:00:00;;;;8475420.00;8475420.00;REGISTRO DE PREÇO PARA AQUISIÇÃO DE RL-1C, RR-2C E EMULSÃO ASFÁLTICA.;;0;;;0;2,A;0;32233;13;5;;2129;False
licitacoes;200/2022;Pregão Eletrônico;PREGÃO ELETRÔNICO RP;Aberta;SECRETARIA MUNICIPAL DA SAÚDE;8600;2022-10-04;200;2022999999;2022;;;;;;0.00;0.00;TESTE;;0;;;0;1,H;0;32342;13;1;;2129;False
licitacoes;111/2022;Concorrência para Compras e Serviços;CONCORRÊNCIA;Homologada;SECRETARIA MUNICIPAL DE INFRAESTRUTURA E SERVIÇOS PÚBLICOS;3500;2022-06-09;111;2022011886;2022;2023-08-01;;;;;125977.49;125977.49;CONSTRUÇÃO D E CICLOVIA E PISTA DE CAMINHA DO PARQUE CESAMAR;;0;;;0;2,A;0;34598;5;5;;2129;False
licitacoes;096/2022;Pregão Eletrônico;PREGÃO ELETRÔNICO RP;Aberta;SECRETARIA MUNICIPAL DA EDUCAÇÃO;2900;2022-12-27;96;2022008526;2022;;2023-01-10 00:00:00;;;;0.00;0.00;A FUTURA CONTRATAÇÃO DE EMPRESA ESPECIALIZADA NA PRESTAÇÃO DE SERVIÇOS DE TRANSPORTE ESCOLAR DOS ALUNOS DA ZONA RURAL DO ENSINO INFANTIL E ENSINO FUNDAMENTAL E TRANSPORTE DE SERVIDORES MODULADOS NAS UNIDADES ESCOLARES DO PERÍMETRO RURAL, CUJAS ESPECIFICAÇÕES E QUANTITATIVOS ESTÃO ESTABELECIDOS NO EDITAL E SEUS ANEXOS;;0;;;0;0;0;32923;13;1;;2129;False
licitacoes;095/2022;Pregão Eletrônico;PREGÃO ELETRÔNICO RP;Aberta;SECRETARIA MUNICIPAL DE PLANEJAMENTO E DESENVOLVIMENTO HUMANO;2500;2023-01-05;95;2022067762;2022;;2023-01-17 00:00:00;;;;0.00;0.00;FUTURA CONTRATAÇÃO DE EMPRESA ESPECIALIZADA NA PRESTAÇÃO DE SERVIÇOS DE FORNECIMENTO E GERENCIAMENTO DE AUXÍLIO-ALIMENTAÇÃO, POR MEIO DE CARTÃO ELETRÔNICO MAGNÉTICO COM OU SEM CHIP DE SEGURANÇA E SENHA INDIVIDUAL, COM RECARGA MENSAL, DESTINADO A AQUISIÇÃO DE GÊNEROS ALIMENTÍCIOS, QUE PERMITA A AQUISIÇÃO NO SISTEMA INFORMATIZADO E INTEGRADO ATRAVÉS DE REDE DE FORNECEDORES CREDENCIADOS, PARA ATENDER AS NECESSIDADES DOS SERVIDORES DA PREFEITURA DE PALMAS/TO;;0;;;0;0;0;32790;13;1;;2129;False
licitacoes;094/2022;Pregão Eletrônico;PREGAO ELETRONICO;Homologada;SECRETARIA MUNICIPAL DA SAÚDE;8600;2022-12-14;94;2022054976;2022;2023-02-01;2022-12-28 00:00:00;;;;720000.00;720000.00;CONTRATAÇÃO DE EMPRESA PARA LOCAÇÃO DE VEÍCULOS TIPO VAN COM CAPACIDADE MÍNIMA DE 19 (DEZENOVE) PASSAGEIROS, INCLUINDO MOTORISTA.;;0;;;0;2,A;0;32788;13;5;;2129;False
licitacoes;093/2022;Pregão Eletrônico;PREGÃO ELETRÔNICO RP;Homologada;SECRETARIA MUNICIPAL DE INFRAESTRUTURA E SERVIÇOS PÚBLICOS;3500;2022-12-14;93;2022054006;2022;2023-02-15;2022-12-27 00:00:00;;;;1062601.50;1062601.50;REGISTRO DE PREÇOS PARA FUTURA CONTRATAÇÃO DE EMPRESA PARA FORNECIMENTO DE PÓ DE PEDRA DE GRANITO E PEDRISCO.;;0;;;0;0;0;32789;13;5;;2129;False
licitacoes;092/2022;Pregão Eletrônico;PREGÃO ELETRÔNICO RP;Homologada;SECRETARIA MUNICIPAL DA SAÚDE;8600;2022-12-14;92;2022045622;2022;2023-04-26;2022-12-27 00:00:00;;;;563406.60;563406.60;CONTRATAÇÃO DE EMPRESA PARA FORNECIMENTO DE EPI/ UNIFORMES PARA ATENDER CCZ, SAMU E OUTROS.;;0;;;0;0;0;32795;13;5;;2129;False
licitacoes;091/2022;Pregão Eletrônico;PREGÃO ELETRÔNICO RP;Homologada;SECRETARIA MUNICIPAL DE INFRAESTRUTURA E SERVIÇOS PÚBLICOS;3500;2022-12-12;91;2022059291;2022;2023-02-24;2022-12-23 00:00:00;;;;269568.00;142800.00;REGISTRO DE PREÇOS PARA FUTURA PARA AQUISIÇÃO DE LIXEIRAS 50 LITROS COM SUPORTE PARA INSTALAÇÃO.;;0;;;0;0;0;32756;13;5;;2129;False
licitacoes;090/2022;Pregão Eletrônico;PREGÃO ELETRÔNICO RP;Homologada;SECRETARIA MUNICIPAL DA SAÚDE;8600;2022-12-06;90;2022053360;2022;2023-03-29;2022-12-16 00:00:00;;;;66747.80;66747.80;AQUISIÇÃO DE EQUIPAMENTOS DE PROTEÇÃO INDIVIDUAL, PARA ATENDER O CENTRO DE ZOONOSES DA REDE MUNICIPAL DE SAÚDE.;;0;;;0;0;0;32729;13;5;;2129;False
licitacoes;089/2022;Pregão Eletrônico;PREGÃO ELETRÔNICO RP;Homologada;SECRETARIA MUNICIPAL DA SAÚDE;8600;2022-12-21;89;2022054990;2022;2023-03-08;2023-01-03 00:00:00;;;;61883.64;61883.64;FUTURA AQUISIÇÃO DE FÓRMULA ALIMENTAR DOS PACIENTES DE DEMANDA JUDICIAL E DIETAS NUTRICIONAL PARA PACIENTES ASSISTIDOS NA UNIDADES DE PRONTO ATENDIMENTO UPA S, PARA ATENDER A REDE MUNICIPAL DE SAÚDE DE PALMAS/TO;;0;;;0;0;0;32634;13;5;;2129;False
licitacoes;088/2022;Pregão Eletrônico;PREGÃO ELETRÔNICO RP;Homologada;SECRETARIA MUNICIPAL DE DESENVOLVIMENTO URBANO E SERVIÇOS REGIONAIS;9400;2022-12-22;88;2021054770;2022;2023-07-28;2023-01-05 00:00:00;;;;259732.33;259732.33;O REGISTRO DE PREÇOS PARA AQUISIÇÃO DE EQUIPAMENTOS DE INFORMÁTICA DE ACORDO COM DESCRIÇÃO E QUANTIDADE APURADAS NO ESTUDO TÉCNICO PRELIMINAR DE REESTRUTURAÇÃO FÍSICA E TECNOLÓGICA;;0;;;0;0;0;31851;13;5;;2129;False
licitacoes;088/2022;Pregão Eletrônico;PREGÃO ELETRÔNICO RP;Homologada;SECRETARIA MUNICIPAL DA FAZENDA E TRANSFORMAÇÃO DIGITAL;2700;2022-12-22;88;2023048882;2022;2023-07-31;;;;;1823376.24;1438312.00;LICITAÇÃO PARA AQUISIÇÃO DE EQUIPAMENTOS DE INFORMÁTICA.;;0;;;0;2,A;0;34589;13;5;;2129;False
licitacoes;088/2022;Pregão Eletrônico;PREGÃO ELETRÔNICO RP;Homologada;SECRETARIA MUNICIPAL DE DESENVOLVIMENTO ECONÔMICO E EMPREGO;2600;2022-12-21;88;2023048879;2022;2023-08-17;2023-01-05 00:00:00;;;;35076.53;35076.53;O REGISTRO DE PREÇOS PARA AQUISIÇÃO DE EQUIPAMENTOS DE INFORMÁTICA DE ACORDO COM DESCRIÇÃO E QUANTIDADE APURADAS NO ESTUDO TÉCNICO PRELIMINAR DE REESTRUTURAÇÃO FÍSICA E TECNOLÓGICA;;0;;;0;2,A;0;34635;13;5;;2129;False
licitacoes;088/2022;Adesão à ata de registro de preço ou participação(carona) em Pregão de Outros Órgãos;ADESAO A REG DE PREÇOS  (INT);Homologada;CONTROLADORIA-GERAL DO MUNICÍPIO;9908;2022-12-21;88;2023051755;2022;2023-11-21;;;;;286375.00;286375.00;AQUISIÇÃO DE EQUIPAMENTOS DE INFORMÁTICA.;;0;;;0;0;0;35646;16;5;;2129;False
licitacoes;088/2022;Adesão à ata de registro de preço ou participação(carona) em Pregão de Outros Órgãos;ADESAO A REG DE PREÇOS  (INT);Homologada;SECRETARIA MUNICIPAL DA HABITAÇÃO;9200;2022-11-29;88;2023049160;2022;2023-11-21;;;;;325968.00;325968.00;AQUISIÇÃO DE EQUIPAMENTOS DE INFORMÁTICA.;;0;;;0;0;0;35649;16;5;;2129;False
licitacoes;086/2022;Pregão Eletrônico;PREGAO ELETRONICO;Homologada;SECRETARIA MUNICIPAL DA SAÚDE;8600;2022-10-13;86;2022044225;2022;2022-11-28;;;;;30789.33;27587.50;AQUISIÇÃO DE RECARGA DE EXTINTORES DE INCÊNDIO.;;0;;;0;2,A;0;32388;13;5;;2129;False
licitacoes;085/2022;Adesão à ata de registro de preço ou participação(carona) em Pregão de Outros Órgãos;ADESAO A REG DE PRECOS (EXT);Homologada;FUNDO MUNICIPAL DE SAÚDE;3200;2022-11-25;85;2023019950;2022;2023-09-29;;;;;149078.40;149078.40;AQUISIÇÃO DE MUDAS NATURAIS, INSUMOS E ARRANJOS ARTIFICIAIS.;;0;;;0;0;0;35209;16;5;;2129;False
licitacoes;085/2022;Pregão Eletrônico;PREGAO ELETRONICO;Homologada;SECRETARIA MUNICIPAL DA SAÚDE;8600;2022-09-23;85;2022033956;2022;2022-11-07;2022-10-07 00:00:00;;;;19870.00;19870.00;AQUISIÇÃO DE CONTRATAÇÃO DE EMPRESA PARA PRESTAÇÃO DE SERVIÇOS MANUTENÇÃO CORRETIVA E PREVENTIVAS EM TRANSPALETES HIDRÁULICOS, CONFORME AS CONDIÇÕES, QUANTITATIVOS E ESPECIFICAÇÕES ESTABELECIDAS NESTE EDITAL E SEUS ANEXOS.;;0;;;0;2,A;0;32300;13;5;;2129;False
licitacoes;084/2022;Pregão Eletrônico;PREGÃO ELETRÔNICO RP;Homologada;SECRETARIA MUNICIPAL DA SAÚDE;8600;2022-09-19;84;2022039564;2022;2022-12-08;2022-10-04 00:00:00;;;;130501.90;76775.00;AQUISIÇÃO DE MATERIAIS DE EQUIPAMENTOS DE PROTEÇÃO INDIVIDUAL - EPIS;;0;;;0;0;0;32284;13;5;;2129;False
licitacoes;083/2022;Pregão Eletrônico;PREGÃO ELETRÔNICO RP;Homologada;SECRETARIA MUNICIPAL DE INFRAESTRUTURA E SERVIÇOS PÚBLICOS;3500;2022-09-19;83;2022039849;2022;2023-02-15;2022-09-29 00:00:00;;;;465153.55;465153.55;FUTURA AQUISIÇÃO DE  EQUIPAMENTOS DE PROTEÇÃO INDIVIDUAL E COLETIVO (EPI´S E EPC´ E FERRAMENTAS DE SINALIZAÇÃO E OUTROS), EM ATENDIMENTO DA NECESSIDADES DA SECRETARIA MUNICIPAL DE INFRAESTRUTURA E SERVIÇOS PÚBLICOS, NAS CONDIÇÕES, QUANTITATIVOS E ESPECIFICAÇÕES ESTABELECIDAS NO EDITAL E SEUS ANEXOS;;0;;;0;2,A;0;32271;13;5;;2129;False
licitacoes;082/2022;Pregão Eletrônico;PREGAO ELETRONICO;Homologada;SECRETARIA MUNICIPAL DA EDUCAÇÃO;2900;2022-09-15;82;2021081492;2022;2022-12-16;2022-09-28 00:00:00;;;;325000.40;325000.40;AQUISIÇÃO DE EQUIPAMENTOS E MOBILIÁRIOS CONFORME TERMO DE COMPROMISSO N° 201300588 PARA ATENDER AS UNIDADES DA EDUCAÇÃO INFANTIL DE PALMAS-TO.;;0;;;0;2,A;0;32252;13;5;;2129;False
licitacoes;081/2022;Pregão Eletrônico;PREGÃO ELETRÔNICO RP;Homologada;SECRETARIA MUNICIPAL DE INFRAESTRUTURA E SERVIÇOS PÚBLICOS;3500;2022-09-12;81;2022046934;2022;2022-10-11;;;;;381732.50;381522.50;AQUISIÇÃO DE POSTE DE CONCRETO ARMADO DE SEÇÃO DUPLA T, EXTENSÃO DE 10M.;;0;;;0;0;0;32241;13;5;;2129;False
licitacoes;080/2022;Pregão Eletrônico;PREGAO ELETRONICO;Homologada;SECRETARIA MUNICIPAL DA SAÚDE;8600;2022-09-05;80;20222037671;2022;2022-10-25;2022-09-16 00:00:00;;;;109055.40;109055.40;AQUISIÇÃO DE MEDICAMENTOS DE USO VETERINÁRIO PARA ATENDER UVCZ;;0;;;0;2,A;0;32203;13;5;;2129;False
licitacoes;079/2022;Pregão Eletrônico;PREGÃO ELETRÔNICO RP;Homologada;SECRETARIA MUNICIPAL DA SAÚDE;8600;2022-08-31;79;2022031220;2022;2022-11-28;2022-09-15 00:00:00;;;;413206.56;354978.00;CONTRATAÇÃO DE EMPRESA PARA PRESTAR SERVIÇOS DE ATENDIMENTO MULTIPROFISSIONAL PELO MÉTODO ABA AOS PACIENTES DE DEMANDAS JUDICIAIS.;;0;;;0;0;0;32156;13;5;;2129;False
licitacoes;078/2022;Pregão Eletrônico;PREGÃO ELETRÔNICO RP;Homologada;SECRETARIA MUNICIPAL DE PLANEJAMENTO E DESENVOLVIMENTO HUMANO;2500;2022-08-29;78;2022018746;2022;2022-11-17;2022-08-14 00:00:00;;;;591937.20;78660.00;O REGISTRO DE PREÇOS PARA FUTURA CONTRATAÇÃO DE EMPRESA PRESTADORA DE SERVIÇO ESPECIALIZADO EM AGENTE DE INTEGRAÇÃO DE ESTÁGIO, PARA INTERMEDIAR O RECRUTAMENTO, A SELEÇÃO E O ACOMPANHAMENTO DE ESTUDANTES DE NÍVEL MÉDIO, TÉCNICO, SUPERIOR E PÓS-GRADUAÇÃO, VINCULADOS À INSTITUIÇÃO DE ENSINO PÚBLICO OU PRIVADO, PARA A REALIZAÇÃO DE ESTÁGIO VISANDO ATENDER OS ÓRGÃOS E ENTIDADES DA PREFEITURA DE PALMAS, NAS CONDIÇÕES, QUANTITATIVOS E ESPECIFICAÇÕES ESTABELECIDAS NO EDITAL E SEUS ANEXOS.;;0;;;0;2,A;0;32140;13;5;;2129;False
licitacoes;077/2022;Pregão Eletrônico;PREGÃO ELETRÔNICO RP;Aberta;SECRETARIA MUNICIPAL DE INFRAESTRUTURA E SERVIÇOS PÚBLICOS;3500;2022-09-12;77;2022025412;2022;;2022-09-12 00:00:00;;;;20860.00;20860.00;AQUISIÇÃO DE BLOCO DE CONCRETO E BLOCO CERÂMICO.;;0;;;0;2,E;0;32348;13;1;;2129;False
licitacoes;077/2022;Pregão Eletrônico;PREGÃO ELETRÔNICO RP;Homologada;SECRETARIA MUNICIPAL DE INFRAESTRUTURA E SERVIÇOS PÚBLICOS;3500;2022-08-29;77;2022025412;2022;2022-10-07;2022-09-12 00:00:00;;;;800570.50;601562.00;REGISTRO DE PREÇO PARA AQUISIÇÃO DE BOLOCO DE CONCRETO E BLOCO CERÂMICO.;;0;;;0;2,A;0;32141;13;5;;2129;False
licitacoes;076/2022;Pregão Eletrônico;PREGÃO ELETRÔNICO RP;Homologada;SECRETARIA MUNICIPAL DE PLANEJAMENTO E DESENVOLVIMENTO HUMANO;2500;2022-08-30;76;2022020639;2022;2022-11-07;2022-09-14 00:00:00;;;;496745.64;450647.64;FUTURA CONTRATAÇÃO DE EMPRESA ESPECIALIZADA NA PRESTAÇÃO DE SERVIÇOS DE GERENCIAMENTO E CONTROLE DE MANUTENÇÃO PREVENTIVA E CORRETIVA (MECÂNICA EM GERAL) COM FORNECIMENTO DE PEÇAS, PNEUS E ACESSÓRIOS DE REPOSIÇÃO ORIGINAL OU SIMILAR DE PRIMEIRA LINHA, COM IMPLANTAÇÃO E OPERAÇÃO DE SISTEMA INFORMATIZADO, COM UTILIZAÇÃO DE CARTÃO MAGNÉTICO, VIA WEB, POR INTERMÉDIO DE REDES DE ESTABELECIMENTOS CREDENCIADOS, PARA ATENDER A FROTA DE VEÍCULOS PRÓPRIOS DOS ÓRGÃOS E ENTIDADES DA PREFEITURA DE PALMAS;;0;;;0;0;0;32143;13;5;;2129;False
licitacoes;075/2022;Pregão Eletrônico;PREGÃO ELETRÔNICO RP;Homologada;SECRETARIA MUNICIPAL DE SEGURANCA E MOBILIDADE URBANA;1200;2022-08-24;75;2022038219;2022;2022-10-24;2022-09-06 00:00:00;;;;124757.00;60000.00;AQUISIÇÃO DE LED AMARELO, VERDE E VERMELHO PARA ATENDER AS DEMANDAS DOS SEMÁFOROS DA CAPITAL.;;0;;;0;0;0;32122;13;5;;2129;False
licitacoes;074/2022;Pregão Eletrônico;PREGAO ELETRONICO;Homologada;SECRETARIA MUNICIPAL DA SAÚDE;8600;2022-08-25;74;2022028696;2022;2022-10-03;2022-09-05 00:00:00;;;;42500.00;42500.00;AQUISIÇÃO DE MEDICAMENTOS DE USO HUMANO EM ANIMAIS (CÃES E GATOS) PELOS PROFISSIONAIS VETERINÁRIOS QUE ATUAM NA UCVZ DE PALMAS-TO.;;0;;;0;2,A;0;32126;13;5;;2129;False
licitacoes;073/2022;Pregão Eletrônico;PREGAO ELETRONICO;Homologada;SECRETARIA MUNICIPAL DE COMUNICAÇÃO;5600;2022-08-23;73;2022028310;2022;2022-10-28;;;;;26795.24;16224.30;AQUISIÇÃO DE EQUIPAMENTOS DE INFORMÁTICA.;;0;;;0;2,A;0;32111;13;5;;2129;False
licitacoes;072/2022;Pregão Eletrônico;PREGAO ELETRONICO;Homologada;SECRETARIA MUNICIPAL DA SAÚDE;8600;2022-08-23;72;2022016085;2022;2022-09-29;2022-09-01 00:00:00;;;;28538.10;27544.50;AQUISIÇÃO DE RAÇÃO ANIMAL (CÃES E GATOS/FILHOTES E ADULTOS) EM CONDIÇÃO DE VULNERABILIDADE E/OU ABANDONADOS ACOLHIDOS PELA UNIDADE DE VIGILÂNCIA E CONTROLE DE ZOONOSE.;;0;;;0;2,A;0;32112;13;5;;2129;False
licitacoes;071/2022;Pregão Eletrônico;PREGAO ELETRONICO;Homologada;SECRETARIA MUNICIPAL DE SEGURANCA E MOBILIDADE URBANA;1200;2022-08-12;71;2022039985;2022;2022-09-20;2022-08-23 00:00:00;;;;88459.68;83412.82;AQUISIÇÃO DE BALÕES E LAÇOS INFLÁVEIS PARA ATENDER AS DEMANDAS DE DIVULGAÇÃO SOBRE AÇÕES EDUCATIVAS DE TRÂNSITO EM PALMAS.;;0;;;0;2,A;0;32072;13;5;;2129;False
licitacoes;070/2022;Pregão Eletrônico;PREGÃO ELETRÔNICO RP;Homologada;SECRETARIA MUNICIPAL DA SAÚDE;8600;2022-08-11;70;2022011194;2022;2022-10-19;2022-08-24 00:00:00;;;;2124350.00;2081775.00;FORNECIMENTO DE FRALDAS DESCARTÁVEIS PARA ATENDER A REDE MUNICIPAL DE SAÚDE.;;0;;;0;2,A;0;32062;13;5;;2129;False
licitacoes;069/2022;Pregão Eletrônico;PREGÃO ELETRÔNICO RP;Homologada;AGÊNCIA MUNICIPAL DE TURISMO;1400;2022-08-05;69;2022025854;2022;2022-09-16;2022-08-18 00:00:00;;;;697293.50;456750.00;FUTURA CONTRATAÇÃO DE EMPRESA ESPECIALIZADA NA PRESTAÇÃO DE SERVIÇOS DE ORGANIZAÇÃO DE EVENTOS TAIS COMO (SEGURANÇA, BOMBEIRO CIVIL, ASG), PARA ATENDER A AGÊNCIA MUNICIPAL DE TURISMO EM SUAS ATIVIDADES E EVENTOS, NAS CONDIÇÕES, QUANTITATIVOS E ESPECIFICAÇÕES ESTABELECIDAS NO EDITAL E SEUS ANEXOS.;;0;;;0;0;0;32037;13;5;;2129;False
licitacoes;068/2022;Pregão Eletrônico;PREGAO ELETRONICO;Homologada;SECRETARIA MUNICIPAL DE SEGURANCA E MOBILIDADE URBANA;1200;2022-08-04;68;2022034156;2022;2022-10-14;2022-08-18 00:00:00;;;;212922.36;192000.00;CONTRATAÇÃO DE CAMINHÃO COM CESTO AÉREO DUPLO E MOTORISTA.;;0;;;0;2,A,1,B;0;32036;13;5;;2129;False
licitacoes;067/2022;Pregão Eletrônico;PREGÃO ELETRÔNICO RP;Homologada;SECRETARIA MUNICIPAL DA SAÚDE;8600;2022-08-05;67;2022004296;2022;2022-10-04;2022-08-18 00:00:00;;;;89444.51;89444.51;AQUISIÇÃO DE INSUMOS PARA MANUTENÇÃO DO LABORATÓRIO DE ANÁLISE CLÍNICAS (IMUNOHEMATOLOGIA, COAGULAÇÃO E SEÇÃO DE IMONOLOGIA;;0;;;0;0;0;32038;13;5;;2129;False
licitacoes;066/2022;Pregão Eletrônico;PREGÃO ELETRÔNICO RP;Aberta;SECRETARIA MUNICIPAL DE PLANEJAMENTO E DESENVOLVIMENTO HUMANO;2500;2022-11-09;66;2022010605;2022;;2022-11-23 00:00:00;;;;0.00;0.00;FUTURA CONTRATAÇÃO DE EMPRESA ESPECIALIZADA NA PRESTAÇÃO DE SERVIÇOS DE ADMINISTRAÇÃO, GERENCIAMENTO, CONTROLE DE FROTA E FORNECIMENTO DE COMBUSTÍVEIS, POR MEIO DE SISTEMA INFORMATIZADO, PARA ATENDER A FROTA DE VEÍCULOS OFICIAIS A SERVIÇO DO MUNICÍPIO DE PALMAS, CUJAS ESPECIFICAÇÕES E QUANTITATIVOS ESTÃO ESTABELECIDOS NO EDITAL E SEUS ANEXOS;;0;;;0;2,E;0;32031;13;1;;2129;False
licitacoes;064/2022;Pregão Eletrônico;PREGÃO ELETRÔNICO RP;Homologada;SECRETARIA MUNICIPAL DE INFRAESTRUTURA E SERVIÇOS PÚBLICOS;3500;2022-07-21;64;2022032825;2022;2022-09-22;2022-08-04 00:00:00;;;;1422786.75;1246120.00;REGISTRO DE PREÇO PARA FUTURA AQUISIÇÃO DE AREIA  PÓ DE SEIXO, SEIXO BRITADO E PEDRISCO ROLADO.;;0;;;0;2,A;0;32239;13;5;;2129;False
licitacoes;063/2022;Pregão Eletrônico;PREGÃO ELETRÔNICO RP;Homologada;AGÊNCIA MUNICIPAL DE TURISMO;1400;2022-07-21;63;2022031969;2022;2022-09-19;2022-08-03 00:00:00;;;;311164.00;190438.50;FORNECIMENTOS DE CAMISETAS PARA EVENTOS DA AGTUR;;0;;;0;0;0;31948;13;5;;2129;False
licitacoes;062/2022;Pregão Eletrônico;PREGAO ELETRONICO;Homologada;AGÊNCIA MUNICIPAL DE TURISMO;1400;2022-11-16;62;2022031724;2022;2023-01-25;2022-11-30 00:00:00;;;;53500.00;53500.00;AQUISIÇÃO DE TOTENS;;0;;;0;2,A;0;31932;13;5;;2129;False
licitacoes;061/2022;Pregão Eletrônico;PREGÃO ELETRÔNICO RP;Homologada;SECRETARIA MUNICIPAL DA SAÚDE;8600;2022-07-14;61;20224171;2022;2022-09-19;2022-07-28 00:00:00;;;;148205.20;148205.20;FUTURA AQUISIÇÃO DE INSUMOS PARA MANUTENÇÃO DO LABORATÓRIO DE ANÁLISE CLÍNICAS (RECEPÇÃO E COLETA);;0;;;0;0;0;31928;13;5;;2129;False
licitacoes;060/2022;Pregão Eletrônico;PREGÃO ELETRÔNICO RP;Homologada;SECRETARIA MUNICIPAL DA SAÚDE;8600;2022-07-13;60;2021083268;2022;2022-08-19;2022-07-27 00:00:00;;;;600000.00;600000.00;AQUISIÇÃO DE INSUMOS  (TIRAS DE REAGENTES).;;0;;;0;0;0;31917;13;5;;2129;False
licitacoes;059/2022;Pregão Eletrônico;PREGÃO ELETRÔNICO RP;Homologada;SECRETARIA MUNICIPAL DA SAÚDE;8600;2022-07-12;59;2022009453;2022;2022-09-22;2022-07-25 00:00:00;;;;1352062.76;1352062.76;FUTURA AQUISIÃO DE MATERIAIS DE LIMPEZA.;;0;;;0;0;0;31909;13;5;;2129;False
licitacoes;058/2022;Pregão Eletrônico;PREGAO ELETRONICO;Homologada;SECRETARIA MUNICIPAL DE INFRAESTRUTURA E SERVIÇOS PÚBLICOS;3500;2022-07-12;58;2022018480;2022;2022-08-22;2022-07-26 00:00:00;;;;39600.00;39600.00;CONTRATAÇÃO DE EMPRESA ESPECIALIZADA NO SERVIÇO DE MANUTENÇÃO PREVENTIVA E CORRETIVA DOS EQUIPAMENTOS DE RECEPÇÃO E TRANSMISSÃO DO SINAL DE TV, NOS DISTRITOS DE TAQUARUÇU E BURITIRANA, ASSIM COMO DOS EQUIPAMENTOS ELETRÔNICOS DO RELÓGIO DAS FLORES, LOCALIZADO NA ROTATÓRIA DA AV. LO-09 C/ NS-02, PALMAS/TO;;0;;;0;2,A;0;31903;13;5;;2129;False
licitacoes;057/2022;Pregão Eletrônico;PREGÃO ELETRÔNICO RP;Homologada;SECRETARIA MUNICIPAL DE INFRAESTRUTURA E SERVIÇOS PÚBLICOS;3500;2022-07-11;57;2022025535;2022;2022-08-17;2022-07-25 00:00:00;;;;376221.14;237604.95;AQUISIÇÃO DE VERGALHÃO DE FERRO;;0;;;0;0;0;31897;13;5;;2129;False
licitacoes;056/2022;Pregão Eletrônico;PREGÃO ELETRÔNICO RP;Homologada;SECRETARIA MUNICIPAL DA SAÚDE;8600;2022-07-08;56;2022000536;2022;2022-10-20;2022-07-22 00:00:00;;;;348430.50;348430.50;AQUISIÇÃO DE INSTRUMENTAIS CIRÚRGICOS E MATERIAIS PARA AUXÍLIO DIAGNÓSTICO;;0;;;0;0;0;31889;13;5;;2129;False
licitacoes;055/2022;Pregão Eletrônico;PREGAO ELETRONICO;Aberta;SECRETARIA MUNICIPAL DE INFRAESTRUTURA E SERVIÇOS PÚBLICOS;3500;2022-09-16;55;2022003812;2022;;2022-08-10 00:00:00;;;;343207.78;0.00;PRESTAÇÃO DE SERVIÇO DE ENGENHARIA PARA EXECUÇÃO DE CAIXAS COLETORAS (BLS), ADUELAS E TAMPÕES NO SETOR JARDIM AURENY III E AVENIDA LO-04 ENTRE AVENIDA NS-10 E RODOVIA TO-010 - PLANO DIRETOR SUL, PALMAS - TO.;;0;;;0;0;0;31866;13;1;;2129;False
licitacoes;053/2022;Pregão Eletrônico;PREGÃO ELETRÔNICO RP;Homologada;SECRETARIA MUNICIPAL DE INFRAESTRUTURA E SERVIÇOS PÚBLICOS;3500;2022-07-01;53;2022027851;2022;2022-08-04;2022-07-15 00:00:00;;;;81769.60;64379.20;O REGISTRO DE PREÇOS PARA FUTURA AQUISIÇÃO DE UNIFORMES PARA ATENDER OS FUNCIONÁRIOS DA SUPERINTENDÊNCIA DE ILUMINAÇÃO PÚBLICA.;;0;;;0;0;0;31846;13;5;;2129;False
licitacoes;052/2022;Pregão Eletrônico;PREGÃO ELETRÔNICO RP;Homologada;SECRETARIA MUNICIPAL DE INFRAESTRUTURA E SERVIÇOS PÚBLICOS;3500;2022-07-01;52;2022018988;2022;2022-09-23;2022-07-14 00:00:00;;;;2746623.34;1989472.25;AQUISIÇÃO DE MATERIAIS DE CONSTRUÇÃO E ELÉTRICOS.;;0;;;0;0;0;31847;13;5;;2129;False
licitacoes;051/2022;Pregão Eletrônico;PREGÃO ELETRÔNICO RP;Homologada;SECRETARIA MUNICIPAL DE DESENVOLVIMENTO ECONÔMICO E EMPREGO;2600;2022-06-30;51;2022034633;2022;2022-08-15;2022-07-13 00:00:00;;;;66747.25;45000.00;O REGISTRO DE PREÇOS PARA FUTURA AQUISIÇÃO DE TENDAS ABERTAS PIRAMIDAL MEDINDO 3X3MT COM 3MT DE ALTURA, A FIM DE  ATENDER AS NECESSIDADES EVENTUAIS DE PEQUENO PORTE NAS FEIRAS PÚBLICAS DE PALMAS/TO.;;0;;;0;0;0;31837;13;5;;2129;False
licitacoes;050/2022;Pregão Eletrônico;PREGÃO ELETRÔNICO RP;Homologada;FUNDAÇÃO CULTURAL DE PALMAS;7100;2022-06-10;50;2022021808;2022;2022-08-15;2022-06-23 00:00:00;;;;156552.10;122338.65;O REGISTRO DE PREÇOS PARA FUTURA AQUISIÇÃO DE INSTRUMENTOS MUSICAIS E MATERIAIS DE MANUTENÇÃO DOS INSTRUMENTOS, NAS CONDIÇÕES, QUANTITATIVOS E ESPECIFICAÇÕES ESTABELECIDAS NESTE EDITAL E SEUS ANEXOS;;0;;;0;0;0;31740;13;5;;2129;False
licitacoes;049/2022;Pregão Eletrônico;PREGÃO ELETRÔNICO RP;Homologada;SECRETARIA MUNICIPAL DE PLANEJAMENTO E DESENVOLVIMENTO HUMANO;2500;2022-06-07;49;2022000460;2022;2022-08-02;;;;;1529545.00;443192.44;CONTRATAÇÃO DE EMPRESA ESPECIALIZADA NA PRESTAÇÃO DE SERVIÇO TELEFÔNICO FIXO COMUTADO-STFC, ATRAVÉS DE TRONCO E1 DIGITAL, SERVIÇOS 0800, TRIDÍGITOS, SERVIÇOS DE LIGAÇÕES LOCAIS, LDN E LDI, NAS CONDIÇOES, QUANTITATIVOS E ESPECIFICAÇÕES ESTABELECIDAS NO EDITAL E SEUS ANEXOS.;;0;;;0;0;0;31731;13;5;;2129;False
licitacoes;048/2022;Pregão Eletrônico;PREGÃO ELETRÔNICO RP;Homologada;FUNDAÇÃO CULTURAL DE PALMAS;7100;2022-06-06;48;2022020106;2022;2022-06-22;2022-06-15 00:00:00;;;;166150.00;161000.00;CONTRATAÇÃO DE EMPRESA ESPECIALIZADA NO FUTURO FORNECIMENTO DE REFEIÇÕES TIPO LANCHE INDIVIDUAL, ALMOÇO/JANTA, TIPO BUFFET E SERVIÇO DE COFFEE BREAK PARA EVENTOS INSTITUCIONAIS E DO CALENDÁRIO ANUAL DA FUNDAÇÃO CULTURAL DE PALMAS, INCLUSO FORNECIMENTO DE MATERIAIS E TODO O SERVIÇO DE APOIO.;;0;;;0;0;0;31707;13;5;;2129;False
licitacoes;047/2022;Pregão Eletrônico;PREGÃO ELETRÔNICO RP;Homologada;FUNDAÇÃO CULTURAL DE PALMAS;7100;2022-06-06;47;2022020308;2022;2022-06-22;2022-06-15 00:00:00;;;;407931.60;402600.00;CONTRATAÇÃO DE EMPRESA ESPECIALIZADA NA PRESTAÇÃO DE SERVIÇOS DE PLANEJAMENTO, ORGANIZAÇÃO, COORDENAÇÃO E EXECUÇÃO DE EVENTOS, COM FORNECIMENTO E APOIO OPERACIONAL E LOGISTICO.;;0;;;0;0;0;31720;13;5;;2129;False
licitacoes;046/2022;Pregão Eletrônico;PREGÃO ELETRÔNICO RP;Homologada;SECRETARIA MUNICIPAL DA FAZENDA E TRANSFORMAÇÃO DIGITAL;2700;2022-06-09;46;2021071051;2022;2022-10-13;2022-06-22 00:00:00;;;;3210980.07;1762165.57;FUTURA AQUISIÇÃO DE MATERIAIS DE LIMPEZA, HIGIENE, COPA E COZINHA, DESTINADOS A ATENDER AS NECESSIDADES DAS UNIDADES GESTORAS DO MUNICÍPIO DE PALMAS-TO, NAS CONDIÇÕES, QUANTITATIVOS E ESPECIFICAÇÕES ESTABELECIDAS NO EDITAL E SEUS ANEXOS.;;0;;;0;0;0;31738;13;5;;2129;False
licitacoes;045/2022;Pregão Eletrônico;PREGÃO ELETRÔNICO RP;Aberta;SECRETARIA MUNICIPAL DA FAZENDA E TRANSFORMAÇÃO DIGITAL;2700;2022-05-30;45;2021056570;2022;;2022-06-08 00:00:00;;;;6699999.32;4968675.14;PRESTAÇÃO DE SERVIÇOS COM FORNECIMENTO, NA MODALIDADE COMODATO, DE EQUIPAMENTO ELETRÔNICO COM IDENTIFICAÇÃO FACIAL, RESPECTIVOS SOFTWARES, INSTALAÇÃO, TREINAMENTO, SUPORTE TÉCNICO E TRANSFERÊNCIA DE CONHECIMENTO PARA O REGISTRO E CONTROLE DIÁRIO DA FREQUÊNCIA DOS SERVIDORES DA PREFEITURA DE PALMAS/TO;;0;;;0;1,E;0;31672;13;1;;2129;False
licitacoes;044/2022;Pregão Eletrônico;PREGÃO ELETRÔNICO RP;Aberta;FUNDAÇÃO ESCOLA DE SAÚDE PÚBLICA DE PALMAS;9500;2022-05-24;44;2021061821;2022;;2022-06-02 00:00:00;;;;0.00;0.00;FUTURA CONTRATAÇÃO DE EMPRESA ESPECIALIZADA NA PRESTAÇÃO DO SERVIÇO DE HOSPEDAGEM, COM CAFÉ DA MANHÃ.;;0;;;0;0;0;31619;13;1;;2129;False
licitacoes;043/2022;Pregão Eletrônico;PREGÃO ELETRÔNICO RP;Homologada;SECRETARIA MUNICIPAL DA FAZENDA E TRANSFORMAÇÃO DIGITAL;2700;2022-05-24;43;2022004272;2022;2022-07-01;2022-06-06 00:00:00;;;;401798.90;232999.63;FUTURA CONTRATAÇÃO DE EMPRESA PARA FORNECIMENTO DE CARIMBOS.;;0;;;0;0;0;31618;13;5;;2129;False
licitacoes;042/2022;Pregão Eletrônico;PREGÃO ELETRÔNICO RP;Aberta;CONTROLADORIA-GERAL DO MUNICÍPIO;9908;2022-05-23;42;2022010489;2022;;2022-06-03 00:00:00;;;;0.00;0.00;FUTURA E EVENTUAL AQUISIÇÃO DE MOBILIÁRIO, INCLUSO SUA MONTAGEM E INSTALAÇÃO.;;0;;;0;2,E;0;31604;13;1;;2129;False
licitacoes;041/2022;Pregão Eletrônico;PREGÃO ELETRÔNICO RP;Homologada;SECRETARIA MUNICIPAL DE INFRAESTRUTURA E SERVIÇOS PÚBLICOS;3500;2022-07-07;41;2021039271;2022;2022-08-16;2022-07-20 00:00:00;;;;611926.60;511560.00;FUTURA AQUISIÇÃO DE PLAYGROUNDS;;0;;;0;0;0;31585;13;5;;2129;False
licitacoes;040/2022;Pregão Eletrônico;PREGÃO ELETRÔNICO RP;Homologada;SECRETARIA MUNICIPAL DA SAÚDE;8600;2022-05-11;40;2021064911;2022;2022-11-21;2022-05-25 00:00:00;;;;619959.94;52395.80;AQUISIÇÃO DE MATERIAL E EQUIPAMENTOS DE FISIOTERAPIA.;;0;;;0;0;0;31546;13;5;;2129;False
licitacoes;039/2022;Pregão Eletrônico;PREGÃO ELETRÔNICO RP;Homologada;SECRETARIA MUNICIPAL DE INFRAESTRUTURA E SERVIÇOS PÚBLICOS;3500;2022-05-10;39;2021071502;2022;2022-07-05;2022-05-25 00:00:00;;;;169592.90;57667.00;MATERIAL DE CONSUMO;;0;;;0;0;0;31542;13;5;;2129;False
licitacoes;038/2022;Pregão Eletrônico;PREGÃO ELETRÔNICO RP;Homologada;SECRETARIA MUNICIPAL DE INFRAESTRUTURA E SERVIÇOS PÚBLICOS;3500;2022-05-09;38;2022017146;2022;2022-06-07;2022-05-23 00:00:00;;;;442800.00;350000.00;FUTURA CONTRATAÇÃO DE EMPRESA ESPECIALIZADA EM FORNECIMENTO DE ALIMENTAÇÃO TIPO MARMITEX, NAS CONDIÇÕES, QUANTITATIVOS E ESPECIFICAÇÕES ESTABELECIDAS NESTE EDITAL E SEUS ANEXOS.;;0;;;0;0;0;31509;13;5;;2129;False
licitacoes;037/2022;Pregão Eletrônico;PREGÃO ELETRÔNICO RP;Homologada;SECRETARIA MUNICIPAL DE INFRAESTRUTURA E SERVIÇOS PÚBLICOS;3500;2022-05-06;37;2022002536;2022;2022-07-01;2022-05-23 00:00:00;;;;4682500.00;2847500.00;FUTURA AQUISIÇÃO DE GRAMA ESMERALDA EM PLACAS;;0;;;0;0;0;31505;13;5;;2129;False
licitacoes;036/2022;Pregão Eletrônico;PREGÃO ELETRÔNICO RP;Homologada;SECRETARIA MUNICIPAL DE INFRAESTRUTURA E SERVIÇOS PÚBLICOS;3500;2022-06-02;36;2022013227;2022;2022-07-11;2022-06-15 00:00:00;;;;1265576.80;1260476.20;FUTURA AQUISIÇÃO DE PEDRA BRITADA Nº 0, PEDRA BRITADA Nº 1 E PEDRA DE MÃO OU PEDRA RACHÃO PARA ARRIMO - FUNDAÇÃO;;0;;;0;0;0;31503;13;5;;2129;False
licitacoes;035/2022;Pregão Eletrônico;PREGÃO ELETRÔNICO RP;Homologada;FUNDAÇÃO ESCOLA DE SAÚDE PÚBLICA DE PALMAS;9500;2022-05-18;35;2021081463;2022;2022-07-05;2022-06-02 00:00:00;;;;100000.00;100000.00;FUTURA CONTRATAÇÃO DE EMPRESA ESPECIALIZADA NA PRESTAÇÃO DE SERVIÇOS DE AGENCIAMENTO DE VIAGENS, COMPREENDENDO EMISSÃO DE PASSAGENS AÉREAS, REMARCAÇÃO E CANCELAMENTO DE BILHETES DE PASSAGENS RELATIVAS AO TRANSPORTE AÉREO, EM ÂMBITO NACIONAL E INTERNACIONAL.;;0;;;0;0;0;31437;13;5;;2129;False
licitacoes;034/2022;Pregão Eletrônico;PREGAO ELETRONICO;Homologada;SECRETARIA MUNICIPAL DA SAÚDE;8600;2022-06-08;34;2021064137;2022;2022-07-22;;;;;394320.00;394320.00;CONTRATAÇÃO DE EMPRESA ESPECIALIZADA PARA LOCAÇÃO DE KITS DE APARELHO DE CONCENTRADOR DE OXIGÊNIO AMBIENTAL PARA ATENDIMENTO A PACIENTES USUÁRIOS DO SUS.;;0;;;0;2,A;0;31953;13;5;;2129;False
licitacoes;033/2022;Pregão Eletrônico;PREGÃO ELETRÔNICO RP;Homologada;SECRETARIA MUNICIPAL DA FAZENDA E TRANSFORMAÇÃO DIGITAL;2700;2022-04-06;33;2022010497;2022;2022-06-08;2022-04-29 00:00:00;;;;109850.00;109850.00;CARGA DE GÁS LIQUEFEITO DE PETRÓLEO - GLP (GÁS DE COZINHA) EM BOTIJÃO (VASILHAME) DE 13 KG, DE ACORDO COM AS NORMAS ATUAIS DA AGÊNCIA NACIONAL DO PETRÓLEO ANP;;0;;;0;0;0;31406;13;5;;2129;False
licitacoes;032/2022;Pregão Eletrônico;PREGÃO ELETRÔNICO RP;Homologada;SECRETARIA MUNICIPAL DE INFRAESTRUTURA E SERVIÇOS PÚBLICOS;3500;2022-04-13;32;2022011030;2022;2022-05-12;2022-04-28 00:00:00;;;;15629626.50;14361600.00;FUTURA AQUISIÇÃO DE RL-1, RR-2C E EMULSÃO ASFÁLTICA PARA IMPRIMAÇÃO (EAI);;0;;;0;0;0;31401;13;5;;2129;False
licitacoes;031/2022;Pregão Eletrônico;PREGÃO ELETRÔNICO RP;Homologada;SECRETARIA MUNICIPAL DA SAÚDE;8600;2022-04-11;31;2021058263;2022;2022-08-17;2022-04-28 00:00:00;;;;3017607.50;3017607.50;FUTURA AQUISIÇÃO DE INSUMOS DE ENFERMAGEM (CÂNULAS ENDOTRAQUEAL, FIO GUIA PARA INTUBAÇÃO, SONDA DE ASPIRAÇÃO, CAT GUT CROMADO, FIOS DE SUTURA E OUTROS), PARA ATENDER OS 34 CENTROS DE SAÚDE DA COMUNIDADE, 85 EQUIPES DE SAÚDE DA FAMÍLIA, 07 CENTROS DE REFERÊNCIA ESPECIALIZADAS, 02 UNIDADES DE PRONTO ATENDIMENTOS E 01 SAMU.;;0;;;0;0;0;31386;13;5;;2129;False
licitacoes;030/2022;Pregão Eletrônico;PREGÃO ELETRÔNICO RP;Aberta;SECRETARIA MUNICIPAL DA SAÚDE;8600;2022-05-05;30;2022002146;2022;;2022-05-17 00:00:00;;;;424234.12;0.00;FUTURA AQUISIÇÃO DE INSUMOS PARA BOMBA INFUSORA DE INSULINA, CUMPRIMENTO ÀS ORDENS JUDICIAIS.;;0;;;0;0;0;31374;13;1;;2129;False
licitacoes;029/2022;Pregão Eletrônico;PREGAO ELETRONICO;Homologada;SECRETARIA MUNICIPAL DA EDUCAÇÃO;2900;2022-09-29;29;2021021041;2022;2022-09-29;2022-09-13 00:00:00;;;;718405.75;718405.75;AQUISIÇÃO DE INSTRUMENTOS MUSICAIS - KITS BANDA CONFORME TERMOS DE COMPROMISSOS  DE EMENDAS Nº202003131-5 E 202101406-5 FNDE, PARA ATENDER A DEMANDA DA SECRETARIA MUNICIPAL DA EDUCAÇÃO.;;0;;;0;2,A;0;32317;13;5;;2129;False
licitacoes;028/2022;Pregão Eletrônico;PREGAO ELETRONICO;Homologada;SECRETARIA MUNICIPAL DA EDUCAÇÃO;2900;2022-03-31;28;2021071392;2022;2022-06-24;2022-04-12 00:00:00;;;;9824.00;9824.00;CONTRATAÇÃO DE EMPRESA FORNECEDORA DE EQUIPAMENTOS MOBILIÁRIOS PARA UMA UNIDADE DA REDE MUNICIPAL DE ENSINO DE PALMAS ? TO.;;0;;;0;2,A;0;31363;13;5;;2129;False
licitacoes;027/2022;Pregão Eletrônico;PREGAO ELETRONICO;Homologada;SECRETARIA MUNICIPAL DA EDUCAÇÃO;2900;2022-03-29;27;2021074871;2022;2022-06-10;2022-04-08 00:00:00;;;;191926.58;62891.00;CONTRATAÇÃO DE EMPRESA FORNECEDORA DE EQUIPAMENTOS MOBILIÁRIOS PARA A UNIDADE ENSINO CMEI JOÃO E MARIA ? PALMAS-TO.;;0;;;0;2,A;0;31349;13;5;;2129;False
licitacoes;026/2022;Pregão Eletrônico;PREGÃO ELETRÔNICO RP;Homologada;SECRETARIA MUNICIPAL DA FAZENDA E TRANSFORMAÇÃO DIGITAL;2700;2022-03-21;26;2021043778;2022;2022-05-19;2022-04-06 00:00:00;;;;958840.83;737092.87;FUTURA AQUISIÇÃO DE MATERIAIS DE EXPEDIENTE, DESTINADO A ATENDER AS NECESSIDADES DAS UNIDADES GESTORAS DA PREFEITURA DE PALMAS.;;0;;;0;0;0;31231;13;5;;2129;False
licitacoes;025/2022;Pregão Eletrônico;PREGÃO ELETRÔNICO RP;Homologada;SECRETARIA MUNICIPAL DA SAÚDE;8600;2022-03-21;25;2021057399;2022;2022-08-11;2022-04-05 00:00:00;;;;10518928.00;5005416.50;FUTURA AQUISIÇÃO DE INSUMOS DE ENFERMAGEM.;;0;;;0;0;0;31232;13;5;;2129;False
licitacoes;024/2022;Pregão Eletrônico;PREGÃO ELETRÔNICO RP;Homologada;SECRETARIA MUNICIPAL DE INFRAESTRUTURA E SERVIÇOS PÚBLICOS;3500;2022-03-18;24;2021068410;2022;2022-05-06;2022-03-30 00:00:00;;;;404774.00;282654.00;AQUISIÇÃO DE CIMENTO PORTLAND CP-II-F E CAL HIDRATADO CH-1 - 20 KG;;0;;;0;2,A;0;31227;13;5;;2129;False
licitacoes;023/2022;Pregão Eletrônico;PREGÃO ELETRÔNICO RP;Homologada;SECRETARIA MUNICIPAL DA SAÚDE;8600;2022-03-21;23;2021076642;2022;2022-06-22;2022-04-04 00:00:00;;;;898587.26;310814.60;FUTURA A AQUISIÇÃO DE INSTRUMENTAIS ODONTOLÓGICOS.;;0;;;0;0;0;31238;13;5;;2129;False
licitacoes;022/2022;Pregão Eletrônico;PREGÃO ELETRÔNICO RP;Homologada;SECRETARIA MUNICIPAL DA EDUCAÇÃO;2900;2022-03-18;22;2021066003;2022;2022-06-03;2022-03-31 00:00:00;;;;291459.61;192436.00;FUTURA AQUISIÇÃO DE MATERIAL DE EXPEDIENTE.;;0;;;0;0;0;31225;13;5;;2129;False
licitacoes;021/2022;Pregão Eletrônico;PREGÃO ELETRÔNICO RP;Homologada;SECRETARIA MUNICIPAL DA SAÚDE;8600;2022-03-10;21;2021061649;2022;2022-06-09;2022-03-24 00:00:00;;;;10287398.00;3768141.00;AQUISIÇÃO DE INSUMOS DE ENFERMAGEM PARA ATENDER A SEMUS;;0;;;0;0;0;31158;13;5;;2129;False
licitacoes;020/2022;Pregão Eletrônico;PREGÃO ELETRÔNICO RP;Homologada;SECRETARIA MUNICIPAL DA SAÚDE;8600;2022-03-10;20;2021059780;2022;2022-08-17;2022-03-23 00:00:00;;;;6645128.00;6614228.00;AQUISIÇÃO DE INSUMOS DE ENFERMAGEM;;0;;;0;0;0;31157;13;5;;2129;False
licitacoes;019/2022;Pregão Eletrônico;PREGAO ELETRONICO;Homologada;SECRETARIA MUNICIPAL DA SAÚDE;8600;2022-03-11;19;2021029734;2022;2022-04-19;2022-03-22 00:00:00;;;;335010.00;240765.00;CONTRATAÇÃO DE EMPRESA ESPECIALIZADA NA PRESTAÇÃO DOS SERVIÇOS DE LOCAÇÃO DE GRUPO GERADOR, PARA ATENDER A UNIDADE DE PRONTO ATENDIMENTO JOSÉ DE SOUZA DOURADO ? UPA NORTE, REDE DE FRIO, UNIDADE DE SAÚDE WALTER PEREIRA MORATO (TAQUARUÇU) E UNIDADE JOSÉ HERMES DAMASO ? ANEXO UPA SUL DA SECRETARIA MUNICIPAL DE SAÚDE.;;0;;;0;2,A;0;31163;13;5;;2129;False
licitacoes;018/2022;Pregão Eletrônico;PREGAO ELETRONICO;Aberta;SECRETARIA MUNICIPAL DA FAZENDA E TRANSFORMAÇÃO DIGITAL;2700;2022-03-16;18;2021044947;2022;;2022-03-28 00:00:00;;;;0.00;0.00;AQUISIÇÃO DE EXTINTORES DE INCÊNDIO E RECARGA, VISANDO ATENDER AS PASTAS DAS UNIDADES PARTICIPANTES DO CERTAME E SEUS ANEXOS, DO MUNICÍPIO DE PALMAS, NAS CONDIÇÕES, QUANTITATIVOS E ESPECIFICAÇÕES ESTABELECIDAS NO EDITAL E SEUS ANEXOS.;;0;;;0;0;0;31102;13;1;;2129;False
licitacoes;017/2022;Pregão Eletrônico;PREGAO ELETRONICO;Aberta;SECRETARIA MUNICIPAL DA SAÚDE;8600;2022-05-09;17;2021059448;2022;;2022-04-29 00:00:00;;;;2374400.40;695880.00;CONTRATAÇÃO DE EMPRESA PARA LOCAÇÃO DE VEÍCULOS TIPO FURGÃO, TETO ALTO, ADAPTADO PARA AMBULÂNCIA.;;0;;;0;2,E;0;31075;13;1;;2129;False
licitacoes;016/2022;Pregão Eletrônico;PREGÃO ELETRÔNICO RP;Homologada;SECRETARIA MUNICIPAL DA SAÚDE;8600;2022-02-23;16;2021056655;2022;2022-06-06;2022-03-09 00:00:00;;;;363884.00;363884.00;FUTURA AQUISIÇÃO DE MATERIAIS DE EXPEDIENTE;;0;;;0;0;0;31063;13;5;;2129;False
licitacoes;015/2022;Pregão Eletrônico;PREGAO ELETRONICO;Aberta;SECRETARIA MUNICIPAL DA SAÚDE;8600;2022-02-24;15;2021061919;2022;;2022-03-09 00:00:00;;;;1021.52;0.00;AQUISIÇÃO DE EQUIPAMENTOS DE INFORMÁTICA, ÁUDIO E VÍDEO PARA ATENDER O CONSELHO MUNICIPAL DE SAÚDE DE PALMAS.;;0;;;0;0;0;31088;13;1;;2129;False
licitacoes;014/2022;Pregão Eletrônico;PREGÃO ELETRÔNICO RP;Aberta;FUNDAÇÃO ESCOLA DE SAÚDE PÚBLICA DE PALMAS;9500;2022-02-23;14;2021061821;2022;;2022-03-08 00:00:00;;;;24360.00;0.00;FUTURA CONTRATAÇÃO DE EMPRESA ESPECIALIZADA NA PRESTAÇÃO DO SERVIÇO DE HOSPEDAGEM, COM CAFÉ DA MANHÃ, PARA ATENDER A FUNDAÇÃO ESCOLA DE SAÚDE PÚBLICA DE PALMAS, NO PERÍODO DE 12 MESES.;;0;;;0;0;0;31065;13;1;;2129;False
licitacoes;013/2022;Pregão Eletrônico;PREGÃO ELETRÔNICO RP;Homologada;SECRETARIA MUNICIPAL DA EDUCAÇÃO;2900;2022-02-10;13;2021066004;2022;2022-05-12;2022-02-23 00:00:00;;;;319963.49;169140.98;CONTRATAÇÃO DE EMPRESA DE FORNECIMENTO DE MATERIAL DE LIMPEZA, GÊNEROS ALIMENTÍCIOS, E UTENSÍLIOS DE COZINHA COM A FINALIDADE DE ATENDER AS NECESSIDADES DESTA SECRETARIA E SUAS UNIDADES ADMINISTRATIVAS.;;0;;;0;0;0;30784;13;5;;2129;False
licitacoes;012/2022;Pregão Eletrônico;PREGÃO ELETRÔNICO RP;Homologada;FUNDAÇÃO ESCOLA DE SAÚDE PÚBLICA DE PALMAS;9500;2022-02-10;12;2021078769;2022;2022-03-31;2022-02-23 00:00:00;;;;32264.02;31962.25;CONTRATAÇÃO DE EMPRESA ESPECIALIZADA NO FORNECIMENTO DE MATERIAIS DE EXPEDIENTE E PEDAGÓGICO, DESTINADOS À FUNDAÇÃO ESCOLA DE SAÚDE PÚBLICA DE PALMAS.;;0;;;0;0;0;30774;13;5;;2129;False
licitacoes;011/2022;Pregão Eletrônico;PREGÃO ELETRÔNICO RP;Homologada;SECRETARIA MUNICIPAL DA SAÚDE;8600;2022-02-08;11;2021061513;2022;2022-05-23;2022-02-21 00:00:00;;;;279842.00;279842.00;FUTURA AQUISIÇÃO DE MEDICAMENTOS CONTROLADOS, PARA ATENDER A REDE MUNICIPAL DE SAÚDE (CAPS II E CAPS AD III).;;0;;;0;2,A;0;30738;13;5;;2129;False
licitacoes;010/2022;Pregão Eletrônico;PREGÃO ELETRÔNICO RP;Homologada;SECRETARIA MUNICIPAL DE INFRAESTRUTURA E SERVIÇOS PÚBLICOS;3500;2022-02-04;10;2021063415;2022;2022-05-03;2022-02-16 00:00:00;;;;84500.00;84500.00;FUTURA AQUISIÇÃO DE VASOS GREGOS E BACIAS GREGAS, NAS CONDIÇÕES, QUANTITATIVOS E ESPECIFICAÇÕES ESTABELECIDAS NESTE EDITAL E SEUS ANEXOS;;0;;;0;0;0;30732;13;5;;2129;False
licitacoes;009/2022;Pregão Eletrônico;PREGAO ELETRONICO;Aberta;SECRETARIA MUNICIPAL DA SAÚDE;8600;2022-02-03;9;2021038458;2022;;2022-02-15 00:00:00;;;;0.00;0.00;CONTRATAÇÃO DE AGÊNCIA DE VIAGEM/TURISMO PARA EMISSÃO DE BILHETES DE PASSAGENS TERRESTRES INTERMUNICIPAIS, NO TRECHO PALMAS/ARAGUAÍNA/PALMAS, NUM PERÍODO DE 12 (DOZE) MESES.;;0;;;0;2,E;0;30731;13;1;;2129;False
licitacoes;008/2022;Tomada de Preço para Obras e Serviços de Engenharia;TOMADA DE PREÇOS PARA OBRAS E SERVIÇOS DE ENGENHARIA;Homologada;AGÊNCIA MUNICIPAL DE TURISMO;1400;2022-12-26;8;2022035504;2022;2023-05-31;2023-01-17 00:00:00;;;;167907.93;167802.76;CONSTRUÇÃO DO CENTRO DE COMERCIALIZAÇÃO DE PRODUTOS ASSOCIADOS AO TURISMO, EM PALMAS-TO.;;0;;;0;0;0;32936;4;5;;2129;False
licitacoes;008/2022;Pregão Eletrônico;PREGÃO ELETRÔNICO RP;Homologada;SECRETARIA MUNICIPAL DA SAÚDE;8600;2022-01-31;8;2021051651;2022;2022-03-11;2022-02-10 00:00:00;;;;39950.00;39950.00;FUTURA CONTRATAÇÃO DE EMPRESA ESPECIALIZADA PARA FORNECIMENTO DE ÁGUA E GELO, NAS CONDIÇÕES, QUANTITATIVOS E ESPECIFICAÇÕES ESTABELECIDAS NESTE EDITAL E SEUS ANEXOS.;;0;;;0;0;0;30730;13;5;;2129;False
licitacoes;007/2022;Tomada de Preço para Obras e Serviços de Engenharia;TOMADA DE PREÇOS PARA OBRAS E SERVIÇOS DE ENGENHARIA;Aberta;SECRETARIA MUNICIPAL DE INFRAESTRUTURA E SERVIÇOS PÚBLICOS;3500;2023-04-11;7;2022065392;2022;;2023-04-28 00:00:00;;;;0.00;0.00;CONTRATAÇÃO DE EMPRESA ESPECIALIZADA PARA EXECUÇÃO DE OBRAS DE DRENAGEM E TERRAPLANAGEM DO TERRENO PARA FUTURA IMPLANTAÇÃO DO CENTRO DE COMERCIALIZAÇÃO DE PRODUTOS ASSOCIADOS AO TURISMO DE TAQUARUÇU, EM PALMAS-TO.;;0;;;0;0;0;32902;4;1;;2129;False
licitacoes;007/2022;Pregão Eletrônico;PREGAO ELETRONICO;Homologada;SECRETARIA MUNICIPAL DA SAÚDE;8600;2022-01-28;7;2021054522;2022;2022-03-24;2022-02-10 00:00:00;;;;25000.00;25000.00;CONTRATAÇÃO DE 500 (QUINHENTAS) HORAS DE SERVIÇOS DE SONORIZAÇÃO VOLANTE.;;0;;;0;2,A;0;30727;13;5;;2129;False
licitacoes;006/2022;Tomada de Preço para Obras e Serviços de Engenharia;TOMADA DE PREÇOS PARA OBRAS E SERVIÇOS DE ENGENHARIA;Homologada;SECRETARIA MUNICIPAL DA EDUCAÇÃO;2900;2022-12-21;6;2022056862;2022;2023-06-15;;;;;1690134.97;739340.18;CONTRATAÇÃO DE EMPRESA PARA A CONSTRUÇÃO DE BIBLIOTECA, DEPÓSITO, BANHEIROS, PASSARELAS E FACHADA DA ESCOLA MUNICIPAL BENEDITA GALVÃO.;;0;;;0;0;0;32836;4;5;;2129;False
licitacoes;006/2022;Pregão Eletrônico;PREGÃO ELETRÔNICO RP;Homologada;SECRETARIA MUNICIPAL DA SAÚDE;8600;2022-01-24;6;2021065895;2022;2022-03-24;2022-02-07 00:00:00;;;;46422.00;46422.00;AQUISIÇÃO  DE FÓRMULA LÁCTEA INFANTIL TIPO 1 E 2, PARA ATENDER CRIANÇAS LACTANTES DO NÚCLEO DE ASSISTÊNCIA HENFIL;;0;;;0;0;0;30726;13;5;;2129;False
licitacoes;005/2022;Concorrência para Compras e Serviços;CONCORRÊNCIA;Aberta;SECRETARIA MUNICIPAL DE DESENVOLVIMENTO ECONÔMICO E EMPREGO;2600;2023-05-05;5;2022031189;2022;;2023-06-06 00:00:00;;;;0.00;0.00;O PRESENTE PROCEDIMENTO LICITATÓRIO TEM POR FINALIDADE A PERMISSÃO DE USO DE BEM PÚBLICO, POR ATO UNILATERAL A TÍTULO PRECÁRIO E REMUNERADO DE ESPAÇO FÍSICO PARA EXPLORAÇÃO DE QUIOSQUES, SITUADOS NO MUNICÍPIO DE PALMAS/TO;;0;;;0;0;0;33800;5;1;;2129;False
licitacoes;005/2022;Tomada de Preço para Compras e Serviços;TOMADA DE PREÇOS;Homologada;SECRETARIA MUNICIPAL DE INFRAESTRUTURA E SERVIÇOS PÚBLICOS;3500;2022-11-25;5;2022055394;2022;2023-04-12;2022-12-14 00:00:00;;;;1188874.59;1188874.59;A CONTRATAÇÃO DE EMPRESA ESPECIALIZADA PARA CONSTRUÇÃO DE UMA PRAÇA NA QUADRA ARSE 121 (1204 SUL), NO MUNICÍPIO DE PALMAS ? TO.;;0;;;0;2,A;0;32664;3;5;;2129;False
licitacoes;005/2022;Pregão Eletrônico;PREGAO ELETRONICO;Homologada;SECRETARIA MUNICIPAL DE DESENVOLVIMENTO ECONÔMICO E EMPREGO;2600;2022-01-11;5;2021048084;2022;2022-03-24;2022-01-21 00:00:00;;;;16192.56;16192.56;A AQUISIÇÃO DE MOUSE, HD, NOTEBOOK, NOBREAK E TONNER PARA ATENDER O PROJETO DESENVOLVE PALMAS - SEDEM, NAS CONDIÇÕES, QUANTITATIVOS E ESPECIFICAÇÕES ESTABELECIDAS NESTE EDITAL E SEUS ANEXOS;;0;;;0;2,A;0;30709;13;5;;2129;False
licitacoes;004/2022;Tomada de Preço para Compras e Serviços;TOMADA DE PREÇOS;Aberta;SECRETARIA MUNICIPAL DA EDUCAÇÃO;2900;2022-12-29;4;2021076256;2022;;2022-12-16 00:00:00;;;;0.00;0.00;CONTRATAÇÃO DE EMPRESA ESPECIALIZADA PARA REFORMA ELÉTRICA DO CMEI PEQUENINOS DO CERRADO PROGRAMA BRASIL CARINHOSO;;0;;;0;0;0;32516;3;1;;2129;False
licitacoes;004/2022;Concorrência para Compras e Serviços;CONCORRÊNCIA;Homologada;SECRETARIA MUNICIPAL DA EDUCAÇÃO;2900;2022-09-30;4;2022043116;2022;2023-02-08;2022-09-30 00:00:00;;;;3965528.85;3965528.85;CONSTRUÇÃO DE CENTRO MUNICIPAL DE EDUCAÇÃO INFANTIL - CMEI, LOCALIZADO NO LOTEAMENTO RECANTO DAS ARARAS, PALMAS - TO;;0;;;0;2,A;0;32132;5;5;;2129;False
licitacoes;004/2022;Pregão Eletrônico;PREGÃO ELETRÔNICO RP;Homologada;SECRETARIA MUNICIPAL DE INFRAESTRUTURA E SERVIÇOS PÚBLICOS;3500;2022-01-10;4;2021035722;2022;2022-05-03;2022-01-21 00:00:00;;;;130530.00;130530.00;FUTURA AQUISIÇÃO DE MATERIAIS PARA MANUTENÇÃO DO SISTEMA DE IRRIGAÇÃO;;0;;;0;0;0;30707;13;5;;2129;False
licitacoes;003/2022;Convite para Obras e Serviços de Engenharia;CONVITE PARA OBRAS E SERVIÇOS DE ENGENHARIA;Homologada;SECRETARIA MUNICIPAL DE INFRAESTRUTURA E SERVIÇOS PÚBLICOS;3500;2023-02-03;3;2022047398;2022;2023-05-30;2023-02-15 00:00:00;;;;163072.00;163072.00;CONTRATAÇÃO DE EMPRESA DE ARQUITETURA E/OU ENGENHARIA PARA CONFECÇÃO DE PROJETOS TÉCNICOS NECESSÁRIOS PARA A CONSTRUÇÃO DA NOVA SEDE ADMINISTRATIVA DO PODER LEGISLATIVO MUNICIPAL EM PALMAS/TO;;0;;;0;0;0;32821;2;5;;2129;False
licitacoes;003/2022;Registro de Preço;PREGAO PRESENCIAL RP;Homologada;SECRETARIA MUNICIPAL DE INFRAESTRUTURA E SERVIÇOS PÚBLICOS;3500;2022-10-25;3;2022028205;2022;2022-12-08;;;;;1236858.00;658500.00;FUTURA AQUISIÇÃO DE REATORES E DRIVES ELÉTRICOS PARA MANUTENÇÃO DA ILUMINAÇÃO PÚBLICA, NAS CONDIÇÕES, QUANTITATIVOS E ESPECIFICAÇÕES ESTABELECIDAS NO EDITAL E SEUS ANEXOS;;0;;;0;0;0;32463;90;5;;2129;False
licitacoes;003/2022;Tomada de Preço para Compras e Serviços;TOMADA DE PREÇOS;Homologada;SECRETARIA MUNICIPAL DE INFRAESTRUTURA E SERVIÇOS PÚBLICOS;3500;2022-09-30;3;2022042633;2022;2023-03-09;2022-10-17 00:00:00;;;;850915.60;850915.60;CONTRATAÇÃO DE EMPRESA ESPECIALIZADA PARA CONSTRUÇÃO DE UMA PRAÇA NA QUADRA ARSO 22 (205 SUL), NO MUNICÍPIO DE PALMAS ? TO, CONFORME TERMOS DESTE INSTRUMENTO E DEMAIS ELEMENTOS INSTRUTORES ANEXOS.;;0;;;0;2,A;0;32318;3;5;;2129;False
licitacoes;003/2022;Concorrência para Compras e Serviços;CONCORRÊNCIA;Homologada;SECRETARIA MUNICIPAL DE DESENVOLVIMENTO SOCIAL;3700;2022-08-12;3;2022011485;2022;2023-03-02;2022-09-14 00:00:00;;;;4290435.96;4290435.96;EXECUÇÃO DE OBRAS PARA CONSTRUÇÃO DA CASA DA MULHER BRASILEIRA, PROJETO EXECUTIVO PADRÃO, TIPOLOGIA II.;;0;;;0;2,A;0;32074;5;5;;2129;False
licitacoes;003/2022;Pregão Eletrônico;PREGÃO ELETRÔNICO RP;Homologada;SECRETARIA MUNICIPAL DE INFRAESTRUTURA E SERVIÇOS PÚBLICOS;3500;2022-01-05;3;2021067221;2022;2022-03-23;2022-01-18 00:00:00;;;;5539968.00;5539968.00;CONTRATAÇÃO DE EMPRESA ESPECIALIZADA NO FORNECIMENTO DE MASSA ASFÁLTICA CBUQ - CONCRETO BETUMINOSO USINADO A QUENTE MODIFICADO POR ADITIVO, PROCESSO E MISTURA, NÃO EMULSIONADO, PARA APLICAÇÃO A FRIO, DOSADO COM CAP 50/70, FAIXA C DNIT.;;0;;;0;0;0;30695;13;5;;2129;False
licitacoes;002/2022;Tomada de Preço para Compras e Serviços;TOMADA DE PREÇOS;Aberta;SECRETARIA MUNICIPAL DE INFRAESTRUTURA E SERVIÇOS PÚBLICOS;3500;2023-07-05;2;2022048899;2022;;2022-11-28 00:00:00;;;;0.00;0.00;CONTRATAÇÃO DE EMPRESA ESPECIALIZADA PARA EXECUÇÃO DE GABIÃO EM CAIXA PARA LANÇAMENTO DE DRENAGEM PLUVIAL DA QUADRA ARSE 132 (ANTIGA QUADRA 1306 SUL), PALMAS/TO;;0;;;0;0;0;32166;3;1;;2129;False
licitacoes;002/2022;Convite para Obras e Serviços de Engenharia;CONVITE PARA OBRAS E SERVIÇOS DE ENGENHARIA;Homologada;SECRETARIA MUNICIPAL DE INFRAESTRUTURA E SERVIÇOS PÚBLICOS;3500;2023-02-03;2;2022047396;2022;2023-05-30;2023-02-16 00:00:00;;;;171225.60;171225.60;CONTRATAÇÃO DE EMPRESA DE ARQUITETURA E/OU ENGENHARIA PARA CONFECÇÃO DE PROJETOS TÉCNICOS NECESSÁRIOS PARA A CONSTRUÇÃO DA NOVA SEDE ADMINISTRATIVA DO PODER EXECUTIVO MUNICIPAL EM PALMAS/TO;;0;;;0;0;0;32819;2;5;;2129;False
licitacoes;002/2022;Concorrência para Compras e Serviços;CONCORRÊNCIA;Aberta;SECRETARIA MUNICIPAL DE SEGURANCA E MOBILIDADE URBANA;1200;2022-08-12;2;2019083272;2022;;2022-09-13 00:00:00;;;;0.00;0.00;FUTURA E EVENTUAL CONTRATAÇÃO DE EMPRESA ESPECIALIZADA EM ENGENHARIA VISANDO A QUALIFICAÇÃO DE PASSEIOS (CALÇADAS);;0;;;0;0;0;30451;5;1;;2129;False
licitacoes;002/2022;Registro de Preço;PREGAO PRESENCIAL RP;Aberta;SECRETARIA MUNICIPAL DE INFRAESTRUTURA E SERVIÇOS PÚBLICOS;3500;2022-05-12;2;2022011205;2022;;2022-05-25 00:00:00;;;;0.00;0.00;LOCAÇÃO DE MÁQUINAS PESADAS E CAMINHÕES PARA ATENDER O ATERRO SANITÁRIO DE PALMAS.;;0;;;0;0;0;31547;90;1;;2129;False
licitacoes;002/2022;Pregão Eletrônico;;Homologada;SECRETARIA MUNICIPAL DE INFRAESTRUTURA E SERVIÇOS PÚBLICOS;3500;2021-12-23;2;2021044568;2022;2022-01-19;2022-01-07 00:00:00;;;;1872000.00;;CONTRATAÇÃO DE EMPRESA ESPECIALIZADA EM TRANSPORTE COLETIVO PARA PRESTAÇÃO DE SERVIÇOS DE TRANSPORTE DE PASSAGEIROS COM ÔNIBUS TIPO URBANO, HIGIENIZADO, E EM EXCELENTE ESTADO DE CONSERVAÇÃO, COM ANO DE FABRICAÇÃO DE 2016 OU SUPERIOR E CAPACIDADE PARA (QUARENTA E QUATRO) PASSAGEIROS SENTADOS COM POLTRONAS FIXAS COM CINTO DE SEGURANÇA, COM QUILOMETRAGEM LIVRE POR VEÍCULO. OS ÔNIBUS DEVERÃO TER BAGAGEIRO, PNEUS NOVOS, EQUIPAMENTOS DE SEGURANÇA, CORTINAS EM TODOS OS VIDROS LATERAIS, COM TODOS OS ITENS DO VEÍCULO FUNCIONANDO PERFEITAMENTE CONFORME OBRIGA AS LEIS DE TRÂNSITO REGULATÓRIAS VIGENTES NOS DIAS ATUAIS.  CONDUTOR DEVIDAMENTE HABILITADO. RESPONSABILIZAR-SE-Á PELOS ENCARGOS SOCIAIS E TRABALHISTAS, FISCAIS E COMERCIAIS RESULTANTES DA EXECUÇÃO DO CONTRATO, BEM COMO COM MOTORISTA, COMBUSTÍVEL, ÓLEOS LUBRIFICANTES E QUALQUER MANUTENÇÃO DOS ÔNIBUS, INCLUINDO A SUBSTITUIÇÃO DE PEÇAS. ESSES ITENS SÃO DE TOTAL RESPONSABILIDADE DA CONTRATADA.;;0;;;0;0;0;30601;13;5;;2129;False
licitacoes;002/2022;Concorrência para Compras e Serviços;;Homologada;SECRETARIA MUNICIPAL DE INFRAESTRUTURA E SERVIÇOS PÚBLICOS;3500;2020-09-11;2;2022032092;2022;2022-07-28;;;;;32133.01;;SERVIÇOS DE EXECUÇÃO DAS OBRAS DE TERRAPLANAGEM, PAVIMENTAÇÃO ASFÁLTICA, DRENAGEM PLUVIAL, SINALIZAÇÃO VIÁRIA E CALÇADA DE ACESSIBILIDADE EM DIVERSAS RUAS E AVENIDA DO SETOR SANTA FÉ - LOTE 01.;;0;;;0;0;0;31991;5;5;;2129;False
licitacoes;001/2022;Convite para Obras e Serviços de Engenharia;CONVITE PARA OBRAS E SERVIÇOS DE ENGENHARIA;Homologada;SECRETARIA MUNICIPAL DE INFRAESTRUTURA E SERVIÇOS PÚBLICOS;3500;2022-10-20;1;2022047391;2022;2023-03-03;2022-10-26 00:00:00;;;;307778.52;307778.52;CONSTRUÇÃO DO PREDIO, VESTIÁRIO E REFEITORIO DO ATERRO SANITÁRIO.;;0;;;0;0;0;32401;2;5;;2129;False
licitacoes;001/2022;Adesão à ata de registro de preço ou participação(carona) em Pregão de Outros Órgãos;ADESÃO A REGISTRO DE PREÇOS;Homologada;SECRETARIA MUNICIPAL DE COMUNICAÇÃO;5600;2022-06-02;1;2023037766;2022;2024-08-28;;;;;2000100.50;2000100.50;LOCAÇÃO DE ESTRUTURA TEMPORÁRIA PARA EVENTOS.;;0;;;0;1,C;0;37388;16;5;;2129;False
licitacoes;001/2022;Concurso;CONCURSO;Aberta;FUNDAÇÃO CULTURAL DE PALMAS;7100;2022-05-19;1;2022024048;2022;;2022-07-04 00:00:00;;;;0.00;0.00;"IMPLEMENTAÇÃO DO PARQUE DAS ARTES, SELEÇÃO DE PROJETO DE ESCULTURA, SITE-ESPECIFIC E INSTALAÇÃO SENSORIAL, A QUAL SERÁ INTITULADA  ""PARA SEMPRE LUZ"" EM HOMENAGEM ÀS VÍTIMAS DO COVID 19, QUE ARTICULEM ARTE, TECNOLOGIA E MEIO AMBIENTE ENTENDENDO A RELAÇÃO ENTRE ARTE, PAISAGEM E ARQUITETURA.";;0;;;0;0;0;31643;10;1;;2129;False
licitacoes;001/2022;Concorrência para Compras e Serviços;CONCORRÊNCIA;Aberta;SECRETARIA MUNICIPAL DE INFRAESTRUTURA E SERVIÇOS PÚBLICOS;3500;2022-05-05;1;2022011886;2022;;2022-06-09 00:00:00;;;;4250831.61;0.00;O OBJETO DA CONCORRÊNCIA PÚBLICA É A EXECUÇÃO DE OBRAS DE CONSTRUÇÃO DE CICLOVIA E PISTA DE CAMINHADA DO PARQUE CESAMAR, CONFORME TERMO DE REFERÊNCIA E ANEXOS;;0;;;0;0;0;31500;5;1;;2129;False
licitacoes;001/2022;Registro de Preço;PREGAO PRESENCIAL RP;Homologada;SECRETARIA MUNICIPAL DE GOVERNO E RELAÇÕES INSTITUCIONAIS;7900;2022-02-19;1;2022002552;2022;2022-06-20;2022-06-02 00:00:00;;;;3226022.16;3226022.16;FUTURA CONTRATAÇÃO DE EMPRESA ESPECIALIZADA EM LOCAÇÃO DE EQUIPAMENTOS PARA EVENTOS;;0;;;0;0;0;31601;90;5;;2129;False
licitacoes;001/2022;Pregão Eletrônico;;Homologada;SECRETARIA MUNICIPAL DE DESENVOLVIMENTO SOCIAL;3700;2021-12-22;1;2021026162;2022;2022-02-16;2022-01-03 00:00:00;;;;87000.00;;CONTRATAÇÃO DE EMPRESA ESPECIALIZADA NA PRESTAÇÃO DE SERVIÇOS PARA REALIZAÇÃO DE OFICINAS, CURSOS E ASSESSORAMENTO TÉCNICO, PARA 120 MULHERES EM SITUAÇÃO DE VIOLÊNCIA, ACOMPANHADAS PELO CENTRO DE REFERÊNCIA FLOR DE LIS, PERFAZENDO O TOTAL DE 220 HORAS;;0;;;0;0;0;30589;13;5;;2129;False
licitacoes;001/2022;Tomada de Preço para Compras e Serviços;;Homologada;SECRETARIA MUNICIPAL DE INFRAESTRUTURA E SERVIÇOS PÚBLICOS;3500;2021-12-22;1;2021057892;2022;2022-05-17;2022-01-18 00:00:00;;;;506032.53;;CONTRATAÇÃO DE EMPRESA ESPECIALIZADA PARA CONSTRUÇÃO DE UMA PRAÇA NA QUADRA ARNE 74 (606 NORTE), NO MUNICÍPIO DE PALMAS ? TO;;0;;;0;0;0;30594;3;5;;2129;False
licitacoes;<b>Processo </b>2022071112/2022;Adesão à ata de registro de preço ou participação(carona) em Pregão de Outros Órgãos;ADESAO A REG DE PRECOS (EXT);Homologada;AGÊNCIA MUNICIPAL DE TURISMO;1400;2022-12-29;;2022071112;2022;2022-12-29;;;;;236100.50;236100.50;ADESÃO A ATA DE REGISTRO DE PREÇOS - FOGOS DE ARTIFÍCIOS;;0;;;0;1,H,C;0;32939;16;5;;2129;False
licitacoes;<b>Processo </b>2023000772/2022;Pregão Eletrônico;PREGÃO ELETRÔNICO RP;Homologada;SECRETARIA MUNICIPAL DA EDUCAÇÃO;2900;2022-12-29;;2023000772;2022;2023-12-29;;;;;103471.65;103471.65;CONTRATAÇÃO DE GÊNEROS ALIMENTÍCIOS - PNAE, POR MEIO DA ATA DE REGISTRO DE PREÇOS Nº 001/2022, ORIUNDA DO PROCESSO ADMINISTRATIVO Nº 2022063554, PREGÃO ELETRÔNICO/SRP Nº 001/2022 - POLO 5 - ACCEI DO ANA LUIZA DE ARAÚJO NAPUNUCENO.;;0;;;0;2,A,1,H;0;33629;13;5;;2129;False
licitacoes;<b>Processo </b>2022019990/2022;Adesão à ata de registro de preço ou participação(carona) em Pregão de Outros Órgãos;ADESAO A REG DE PRECOS (EXT);Homologada;SECRETARIA MUNICIPAL DA SAÚDE;8600;2022-12-28;;2022019990;2022;2022-12-28;;;;;77432.50;77432.50;LOCAÇÃO DE COPIADORA E SERVIÇOS REPROGRÁFICOS - DGF - GESTÃO;;0;;;0;1,H,C;0;32903;16;5;;2129;False
licitacoes;<b>Processo </b>2022056384/2022;Adesão à ata de registro de preço ou participação(carona) em Pregão de Outros Órgãos;ADESAO A REG DE PREÇOS  (INT);Homologada;AGÊNCIA DE TECNOLOGIA DA INFORMAÇÃO DO  MUNICÍPIO  DE  PALMAS;9600;2022-12-28;;2022056384;2022;2022-12-28;;;;;50500.00;50500.00;SOLICITAÇÃO DE CONTRATAÇÃO DE EMPRESA ESPECIALIZADA NO FORNECIMENTO  DE REFEIÇÕES TIPO LANCHE INDIVIDUAL,ALMOÇO/JANTA  TIPO BUFFET E SERVIÇOS DE COFFE BREAK PARA FUTUROS EVENTOS INSTITUCIONAIS,INCLUSO FORNECIMENTO DE MATERIAIS E TODO O SERVIÇO DE APOIO.;;0;;;0;1,H,B,C;0;32904;16;5;;2129;False
licitacoes;<b>Processo </b>2022019990/2022;Adesão à ata de registro de preço ou participação(carona) em Pregão de Outros Órgãos;ADESAO A REG DE PRECOS (EXT);Homologada;SECRETARIA MUNICIPAL DA SAÚDE;8600;2022-12-28;;2022019990;2022;2022-12-28;;;;;109391.85;109391.85;LOCAÇÃO DE EQUIPAMENTOS E SERVIÇOS REPROGRÁFICOS - SUPAVS;;0;;;0;1,H,C;0;32911;16;5;;2129;False
licitacoes;<b>Processo </b>2022019990/2022;Adesão à ata de registro de preço ou participação(carona) em Pregão de Outros Órgãos;ADESAO A REG DE PRECOS (EXT);Homologada;SECRETARIA MUNICIPAL DA SAÚDE;8600;2022-12-26;;2022019990;2022;2022-12-26;;;;;10086.15;10086.15;LOCAÇÃO DE COPIADORA E SERVIÇOS REPROGRÁFICOS - VIGILÂNCIA;;0;;;0;1,H,C;0;32866;16;5;;2129;False
licitacoes;<b>Processo </b>2022019990/2022;Adesão à ata de registro de preço ou participação(carona) em Pregão de Outros Órgãos;ADESAO A REG DE PRECOS (EXT);Homologada;SECRETARIA MUNICIPAL DA SAÚDE;8600;2022-12-26;;2022019990;2022;2022-12-26;;;;;71315.35;71315.35;"LOCAÇÃO DE COPIADORA E SERVIÇOS REPROGRÁFICOS - ESPECIALIZADA, SAÚDE MENTAL, SAMU E UPAS.
REFERÊNCIA: DEZEMBRO DE 2022";;0;;;0;1,H,C;0;32867;16;5;;2129;False
licitacoes;<b>Processo </b>2022064811/2022;Adesão à ata de registro de preço ou participação(carona) em Pregão de Outros Órgãos;ADESAO A REG DE PRECOS (EXT);Homologada;FUNDAÇÃO DE MEIO AMBIENTE DE PALMAS;7800;2022-12-22;;2022064811;2022;2022-12-22;;;;;60900.00;60900.00;AQUISIÇÃO DE AR CONDICIONADO.;;0;;;0;1,H,C;0;32856;16;5;;2129;False
licitacoes;<b>Processo </b>2022000308/2022;Pregão Eletrônico;PREGÃO ELETRÔNICO RP;Homologada;SECRETARIA MUNICIPAL DA EDUCAÇÃO;2900;2022-12-22;;2022000308;2022;2023-03-23;;;;;39114.10;39114.10;"PROCEDIMENTO LICITATÓRIO NA MODALIDADE 
CHAMADA PUBLICA Nº 001/2023.
OBJETO :AQUISIÇÃO DE GÊNEROS ALIMENTÍCIOS.";;0;;;0;2,A,1,H;0;33766;13;5;;2129;False
licitacoes;<b>Processo </b>2022050047/2022;Adesão à ata de registro de preço ou participação(carona) em Pregão de Outros Órgãos;ADESAO A REG DE PRECOS (EXT);Homologada;SECRETARIA MUNICIPAL DA SAÚDE;8600;2022-12-14;;2022050047;2022;2022-12-14;;;;;55569.60;55569.60;ADESÃO DE ATA DE REGISTRO DE PREÇO- AQUISIÇÃO DE MEDICAMENTOS, BASEADO NO PERCENTUAL DE DESCONTO DA TABELA CMED/GOVERNO.;;0;;;0;1,H,C;0;32759;16;5;;2129;False
licitacoes;<b>Processo </b>2022052091/2022;Adesão à ata de registro de preço ou participação(carona) em Pregão de Outros Órgãos;ADESAO A REG DE PRECOS (EXT);Homologada;FUNDAÇÃO ESCOLA DE SAÚDE PÚBLICA DE PALMAS;9500;2022-12-14;;2022052091;2022;2022-12-14;;;;;184010.00;184010.00;AQUISIÇÃO DE APARELHO DE AR CONDICIONADO TIPO SPLIT.;;0;;;0;1,H,C;0;32767;16;5;;2129;False
licitacoes;<b>Processo </b>2022049401/2022;Adesão à ata de registro de preço ou participação(carona) em Pregão de Outros Órgãos;ADESAO A REG DE PRECOS (EXT);Homologada;FUNDAÇÃO MUNICIPAL DE ESPORTES E LAZER DE PALMAS;1600;2022-12-14;;2022049401;2022;2022-12-14;;;;;49817.50;49817.50;AQUISIÇÃO DE MATERIAIS ESPORTIVOS.;;0;;;0;1,H,C;0;32773;16;5;;2129;False
licitacoes;<b>Processo </b>2022064713/2022;Adesão à ata de registro de preço ou participação(carona) em Pregão de Outros Órgãos;ADESAO A REG DE PREÇOS  (INT);Homologada;SECRETARIA MUNICIPAL DE DESENVOLVIMENTO URBANO E SERVIÇOS REGIONAIS;9400;2022-12-12;;2022064713;2022;2022-12-12;;;;;373737.58;373737.58;AQUISIÇÃO DE MOBILIÁRIO.;;0;;;0;1,H,C;0;32706;16;5;;2129;False
licitacoes;<b>Processo </b>2022056983/2022;Adesão à ata de registro de preço ou participação(carona) em Pregão de Outros Órgãos;ADESAO A REG DE PREÇOS  (INT);Homologada;SECRETARIA MUNICIPAL DA EDUCAÇÃO;2900;2022-12-08;;2022056983;2022;2022-12-08;;;;;200000.00;200000.00;ADESÃO A ATA DE REGISTRO DE PREÇO N° 029/2021, PROVENIENTE DO PREGÃO PRESENCIAL N° 15/2021, PARA CONTRATAÇÃO DE EMPRESA ESPECIALIZADA NA PRESTAÇÃO DE SERVIÇOS DE OUTSOURCING.;;0;;;0;1,H,C;0;32741;16;5;;2129;False
licitacoes;<b>Processo </b>2022056983/2022;Adesão à ata de registro de preço ou participação(carona) em Pregão de Outros Órgãos;ADESAO A REG DE PRECOS (EXT);Homologada;SECRETARIA MUNICIPAL DA EDUCAÇÃO;2900;2022-12-08;;2022056983;2022;2022-12-08;;;;;100000.00;100000.00;ADESÃO A ATA DE REGISTRO DE PREÇO N° 029/2021, PROVENIENTE DO PREGÃO PRESENCIAL N° 15/2021, PARA CONTRATAÇÃO DE EMPRESA ESPECIALIZADA NA PRESTAÇÃO DE SERVIÇOS DE OUTSOURCING.;;0;;;0;1,H,C;0;32742;16;5;;2129;False
licitacoes;<b>Processo </b>20222059360/2022;Adesão à ata de registro de preço ou participação(carona) em Pregão de Outros Órgãos;ADESAO A REG DE PREÇOS  (INT);Homologada;CASA CIVIL DO MUNICÍPIO DE PALMAS;9300;2022-12-01;;20222059360;2022;2022-12-01;;;;;298837.27;298837.27;AQUISIÇÃO DE MOBILIÁRIO.;;0;;;0;1,H,C;0;32703;16;5;;2129;False
licitacoes;<b>Processo </b>2022033251/2022;Adesão à ata de registro de preço ou participação(carona) em Pregão de Outros Órgãos;ADESAO A REG DE PRECOS (EXT);Homologada;SECRETARIA MUNICIPAL DE ASSUNTOS FUNDIÁRIOS;9000;2022-11-23;;2022033251;2022;2022-11-23;;;;;37800.00;37800.00;AQUISIÇÃO DE APARELHO DE AR CONDICIONADO TIPO SPLIT.;;0;;;0;1,H,C;0;32637;16;5;;2129;False
licitacoes;<b>Processo </b>2022049523/2022;Adesão à ata de registro de preço ou participação(carona) em Pregão de Outros Órgãos;ADESAO A REG DE PRECOS (EXT);Homologada;SECRETARIA MUNICIPAL DE SEGURANCA E MOBILIDADE URBANA;1200;2022-11-23;;2022049523;2022;2022-11-23;;;;;293281.90;293281.90;AQUISIÇÃO DE MATERIAIS DE SINALIZAÇÃO DE TRÂNSITO.;;0;;;0;1,H,C;0;32640;16;5;;2129;False
licitacoes;<b>Processo </b>2022051715/2022;Adesão à ata de registro de preço ou participação(carona) em Pregão de Outros Órgãos;ADESAO A REG DE PRECOS (EXT);Homologada;FUNDAÇÃO ESCOLA DE SAÚDE PÚBLICA DE PALMAS;9500;2022-11-18;;2022051715;2022;2022-11-18;;;;;836883.53;836883.53;AQUISIÇÃO DE MOBILIÁRIO.;;0;;;0;1,H,C;0;32611;16;5;;2129;False
licitacoes;<b>Processo </b>2022056622/2022;Adesão à ata de registro de preço ou participação(carona) em Pregão de Outros Órgãos;ADESAO A REG DE PRECOS (EXT);Homologada;SECRETARIA MUNICIPAL DE DESENVOLVIMENTO SOCIAL;3700;2022-11-17;;2022056622;2022;2022-11-17;;;;;672316.96;672316.96;AQUISIÇÃO DE MÓVEIS.;;0;;;0;1,H,C;0;32594;16;5;;2129;False
licitacoes;<b>Processo </b>2022052820/2022;Adesão à ata de registro de preço ou participação(carona) em Pregão de Outros Órgãos;ADESAO A REG DE PRECOS (EXT);Homologada;SECRETARIA MUNICIPAL DE ASSUNTOS FUNDIÁRIOS;9000;2022-11-16;;2022052820;2022;2022-11-16;;;;;135000.00;135000.00;LOCAÇÃO POR 36 MESES DE SOFTWARE AUTODESK.;;0;;;0;1,H,C;0;32577;16;5;;2129;False
licitacoes;<b>Processo </b>2022036928/2022;Adesão à ata de registro de preço ou participação(carona) em Pregão de Outros Órgãos;ADESAO A REG DE PRECOS (EXT);Homologada;AGÊNCIA MUNICIPAL DE TURISMO;1400;2022-11-16;;2022036928;2022;2022-11-16;;;;;662800.00;662800.00;AQUISIÇÃO DE SOLUÇÃO DE ALTA DISPONIBILIDADE, JUNTAMENTE COM OS SERVIÇOS ESPECIALIZADOS DE IMPLANTAÇÃO DAS SOLUÇÕES, ALÉM DE EQUIPAMENTOS DE TECNOLOGIA DA INFORMAÇÃO.;;0;;;0;1,H,C;0;32578;16;5;;2129;False
licitacoes;<b>Processo </b>2022034117/2022;Adesão à ata de registro de preço ou participação(carona) em Pregão de Outros Órgãos;ADESAO A REG DE PRECOS (EXT);Homologada;SECRETARIA MUNICIPAL DE PLANEJAMENTO E DESENVOLVIMENTO HUMANO;2500;2022-11-07;;2022034117;2022;2022-11-07;;;;;145295.50;140592.85;AQUISIÇÃO E INSTALAÇÃO DE CONDICIONADORES DE AR, TIPO SPLIT.;;0;;;0;1,H,C;0;32501;16;5;;2129;False
licitacoes;<b>Processo </b>2022047284/2022;Adesão à ata de registro de preço ou participação(carona) em Pregão de Outros Órgãos;ADESAO A REG DE PREÇOS  (INT);Homologada;FUNDAÇÃO CULTURAL DE PALMAS;7100;2022-11-07;;2022047284;2022;2022-11-07;;;;;2203000.00;2203000.00;AQUISIÇÃO DE MATERIAIS DE ILUMINAÇÃO NATALINA.;;0;;;0;1,H,C;0;32502;16;5;;2129;False
licitacoes;<b>Processo </b>2022058296/2022;Adesão à ata de registro de preço ou participação(carona) em Pregão de Outros Órgãos;ADESAO A REG DE PREÇOS  (INT);Homologada;FUNDAÇÃO CULTURAL DE PALMAS;7100;2022-11-07;;2022058296;2022;2022-11-07;;;;;213760.00;213760.00;AQUISIÇÃO DE MATERIAIS PARA ILUMINAÇÃO NATALINA.;;0;;;0;1,H,C;0;32503;16;5;;2129;False
licitacoes;<b>Processo </b>2022035807/2022;Adesão à ata de registro de preço ou participação(carona) em Pregão de Outros Órgãos;ADESAO A REG DE PRECOS (EXT);Homologada;SECRETARIA MUNICIPAL DA SAÚDE;8600;2022-10-28;;2022035807;2022;2022-10-28;;;;;312000.00;312000.00;CONTRATAÇÃO DE SERVIÇOS DE INTERNET.;;0;;;0;1,H,C;0;32478;16;5;;2129;False
licitacoes;<b>Processo </b>2022018656/2022;Adesão à ata de registro de preço ou participação(carona) em Pregão de Outros Órgãos;ADESAO A REG DE PRECOS (EXT);Homologada;SECRETARIA MUNICIPAL DA SAÚDE;8600;2022-10-27;;2022018656;2022;2022-10-27;;;;;140197.86;133546.30;AQUISIÇÃO DE MÓVEIS.;;0;;;0;1,H,C;0;32465;16;5;;2129;False
licitacoes;<b>Processo </b>2022003059/2022;Pregão Eletrônico;PREGÃO ELETRÔNICO RP;Homologada;SECRETARIA MUNICIPAL DA EDUCAÇÃO;2900;2022-10-27;;2022003059;2022;2022-10-27;;;;;43190.00;43190.00;AQUISIÇÃO DE EQUIPAMENTOS DE ARES -  CONDICIONADOS;;0;;;0;2,A,1,H;0;33790;13;5;;2129;False
licitacoes;<b>Processo </b>2022047449/2022;Adesão à ata de registro de preço ou participação(carona) em Pregão de Outros Órgãos;ADESAO A REG DE PREÇOS  (INT);Homologada;FUNDAÇÃO CULTURAL DE PALMAS;7100;2022-10-20;;2022047449;2022;2022-10-20;;;;;1660000.00;1660000.00;CONTRATAÇÃO DE EMPRESA ESPECIALIZADA EM PRESTAÇÃO DE SERVIÇOS DE ORNAMENTAÇÃO NATALINA.;;0;;;0;1,H,C;0;32403;16;5;;2129;False
licitacoes;<b>Processo </b>2021051965/2022;Adesão à ata de registro de preço ou participação(carona) em Pregão de Outros Órgãos;ADESAO A REG DE PRECOS (EXT);Homologada;CASA CIVIL DO MUNICÍPIO DE PALMAS;9300;2022-10-18;;2021051965;2022;2022-10-18;;;;;12884.85;12884.85;"PRESTAÇÃO DE SERVIÇOS DE DEDETIZAÇÃO, DESRATIZAÇÃO, DESCUPINIZAÇÃO, DESALOJAMENTO DE POMBOS/MORCEGOS E HIGIENIZAÇÃO DE
RESERVATÓRIOS DE ÁGUA.";;0;;;0;1,H,C;0;32395;16;5;;2129;False
licitacoes;<b>Processo </b>2022049035/2022;Adesão à ata de registro de preço ou participação(carona) em Pregão de Outros Órgãos;ADESAO A REG DE PRECOS (EXT);Homologada;SECRETARIA MUNICIPAL DE DESENVOLVIMENTO ECONÔMICO E EMPREGO;2600;2022-10-10;;2022049035;2022;2022-10-10;;;;;96402.33;96402.33;AQUISIÇÃO E INSTALAÇÃO DE CONDICIONADORES DE AR, TIPO SPLIT.;;0;;;0;1,H,C;0;32358;16;5;;2129;False
licitacoes;<b>Processo </b>2022000299/2022;Pregão Eletrônico;PREGÃO ELETRÔNICO RP;Homologada;SECRETARIA MUNICIPAL DA EDUCAÇÃO;2900;2022-10-10;;2022000299;2022;;;;;;0.00;0.00;AQUISIÇÃO DE GÊNEROS ALIMENTÍCIOS;;0;;;0;2,A,1,H,B;0;33633;13;5;;2129;False
licitacoes;<b>Processo </b>2022000299/2022;Pregão Eletrônico;PREGÃO ELETRÔNICO RP;Homologada;SECRETARIA MUNICIPAL DA EDUCAÇÃO;2900;2022-10-10;;2022000299;2022;;;;;;0.00;0.00;AQUISIÇÃO DE GÊNEROS ALIMENTÍCIOS;;0;;;0;2,A,1,H,B;0;33634;13;5;;2129;False
licitacoes;<b>Processo </b>2023000779/2022;Pregão Eletrônico;PREGÃO ELETRÔNICO RP;Homologada;SECRETARIA MUNICIPAL DA EDUCAÇÃO;2900;2022-10-10;;2023000779;2022;2022-10-10;;;;;58853.00;58853.00;"CONTRATAÇÃO REFERENTE AO PREGÃO N° 002/2022 - ATA DE REGISTRO DE PREÇO N° 002/2022.
OBJETO: MERENDA ESCOLAR.";;0;;;0;2,A,1,H;0;33637;13;5;;2129;False
licitacoes;<b>Processo </b>2022000404/2022;Pregão Eletrônico;PREGÃO ELETRÔNICO RP;Homologada;SECRETARIA MUNICIPAL DA EDUCAÇÃO;2900;2022-10-10;;2022000404;2022;2022-10-10;;;;;3778.40;3778.40;AQUISIÇÃO DE GÊNEROS ALIMENTICIOS;;0;;;0;2,A,1,H;0;34095;13;5;;2129;False
licitacoes;<b>Processo </b>2022051296/2022;Adesão à ata de registro de preço ou participação(carona) em Pregão de Outros Órgãos;ADESAO A REG DE PRECOS (EXT);Homologada;CASA CIVIL DO MUNICÍPIO DE PALMAS;9300;2022-10-07;;2022051296;2022;2022-10-07;;;;;185020.00;185020.00;AQUISIÇÃO DE MATERIAIS DE INFORMÁTICA.;;0;;;0;1,H,C;0;32349;16;5;;2129;False
licitacoes;<b>Processo </b>2022043751/2022;Adesão à ata de registro de preço ou participação(carona) em Pregão de Outros Órgãos;ADESAO A REG DE PRECOS (EXT);Homologada;SECRETARIA MUNICIPAL DE SEGURANCA E MOBILIDADE URBANA;1200;2022-10-04;;2022043751;2022;2022-10-04;;;;;629620.00;629620.00;AQUISIÇÃO DE COMPUTADORES E EQUIPAMENTOS DE INFORMÁTICA.;;0;;;0;1,H,C;0;32343;16;5;;2129;False
licitacoes;<b>Processo </b>2022021471/2022;Adesão à ata de registro de preço ou participação(carona) em Pregão de Outros Órgãos;ADESAO A REG DE PRECOS (EXT);Homologada;SECRETARIA MUNICIPAL DE ASSUNTOS FUNDIÁRIOS;9000;2022-10-04;;2022021471;2022;2022-10-04;;;;;187450.00;187450.00;AQUISIÇÃO DE COMPUTADORES.;;0;;;0;1,H,C;0;32344;16;5;;2129;False
licitacoes;<b>Processo </b>2021051965/2022;Adesão à ata de registro de preço ou participação(carona) em Pregão de Outros Órgãos;ADESAO A REG DE PRECOS (EXT);Homologada;SECRETARIA MUNICIPAL DE DESENVOLVIMENTO SOCIAL;3700;2022-10-04;;2021051965;2022;2022-10-04;;;;;148.50;148.50;SERVIÇOS DE DEDETIZAÇÃO, DESRATIZAÇÃO, DESCUPINIZAÇÃO, DESALOJAMENTO DE POMBOS/MORCEGOS E LIMPEZA DE RESERVATÓRIOS DE ÁGUA.;;0;;;0;1,H,C;0;32345;16;5;;2129;False
licitacoes;<b>Processo </b>2022000265/2022;Pregão Eletrônico;PREGÃO ELETRÔNICO RP;Homologada;SECRETARIA MUNICIPAL DA EDUCAÇÃO;2900;2022-10-03;;2022000265;2022;2022-10-03;;;;;28818.75;28818.75;AQUISIÇÃO DE GÊNEROS ALIMENTÍCIOS;;0;;;0;2,A,1,H;0;33666;13;5;;2129;False
licitacoes;<b>Processo </b>2022015920/2022;Adesão à ata de registro de preço ou participação(carona) em Pregão de Outros Órgãos;ADESAO A REG DE PRECOS (EXT);Homologada;SECRETARIA MUNICIPAL DA SAÚDE;8600;2022-09-30;;2022015920;2022;2022-09-30;;;;;902650.37;902650.37;AQUISIÇÃO DE MOBILIÁRIO EM GERAL.;;0;;;0;1,H,C;0;32327;16;5;;2129;False
licitacoes;<b>Processo </b>2020035459/2022;Adesão à ata de registro de preço ou participação(carona) em Pregão de Outros Órgãos;ADESAO A REG DE PRECOS (EXT);Homologada;SECRETARIA MUNICIPAL DA SAÚDE;8600;2022-09-29;;2020035459;2022;2022-09-29;;;;;12000.00;12000.00;PRESTAÇÃO DE SERVIÇOS DE TELEFONIA MÓVEL /VALOR ESTIMADO.;;0;;;0;1,H,C;0;32320;16;5;;2129;False
licitacoes;<b>Processo </b>2022047435/2022;Adesão à ata de registro de preço ou participação(carona) em Pregão de Outros Órgãos;ADESAO A REG DE PRECOS (EXT);Homologada;CONTROLADORIA-GERAL DO MUNICÍPIO;9908;2022-09-28;;2022047435;2022;2022-09-28;;;;;181927.80;181927.80;AQUISIÇÃO DE MOBILIÁRIO COMPREENDENDO OS SERVIÇOS DE CONFECÇÃO, ENTREGA E INSTALAÇÃO DE MÓVEIS EM MARCENARIA.;;0;;;0;1,H,C;0;32306;16;5;;2129;False
licitacoes;<b>Processo </b>2022058448/2022;Adesão à ata de registro de preço ou participação(carona) em Pregão de Outros Órgãos;ADESAO A REG DE PRECOS (EXT);Homologada;SECRETARIA MUNICIPAL DA EDUCAÇÃO;2900;2022-09-28;;2022058448;2022;2022-09-28;;;;;3809548.00;3809548.00;AQUISIÇÃO DE MOBILIÁRIO ESCOLAR;;0;;;0;1,H,C;0;32308;16;5;;2129;False
licitacoes;<b>Processo </b>2021051965/2022;Adesão à ata de registro de preço ou participação(carona) em Pregão de Outros Órgãos;ADESAO A REG DE PRECOS (EXT);Homologada;CASA CIVIL DO MUNICÍPIO DE PALMAS;9300;2022-09-27;;2021051965;2022;2022-09-27;;;;;3267.50;3267.50;DEDETIZAÇÃO, DESRATIZAÇÃO, DESCUPINIZAÇÃO, DESALOJAMENTO DE POMBOS/MORCEGOS E HIGIENIZAÇÃO DE RESERVATÓRIOS DE ÁGUA.;;0;;;0;1,H,C;0;32305;16;5;;2129;False
licitacoes;<b>Processo </b>2022035080/2022;Adesão à ata de registro de preço ou participação(carona) em Pregão de Outros Órgãos;ADESAO A REG DE PRECOS (EXT);Homologada;SECRETARIA MUNICIPAL DE INFRAESTRUTURA E SERVIÇOS PÚBLICOS;3500;2022-09-22;;2022035080;2022;2022-09-22;;;;;1176599.00;1176599.00;AQUISIÇÃO DE CASCALHO E TERRA PRETA.;;0;;;0;1,H,C;0;32290;16;5;;2129;False
licitacoes;<b>Processo </b>2022050047/2022;Adesão à ata de registro de preço ou participação(carona) em Pregão de Outros Órgãos;ADESAO A REG DE PRECOS (EXT);Homologada;SECRETARIA MUNICIPAL DA SAÚDE;8600;2022-09-22;;2022050047;2022;2022-09-22;;;;;24332.00;24332.00;ADESÃO DE ATA DE REGISTRO DE PREÇO- AQUISIÇÃO DE MEDICAMENTOS, BASEADO NO PERCENTUAL DE DESCONTO DA TABELA CMED/GOVERNO.;;0;;;0;1,H,C;0;32291;16;5;;2129;False
licitacoes;<b>Processo </b>2022000318/2022;Registro de Preço;PREGAO PRESENCIAL RP;Homologada;SECRETARIA MUNICIPAL DA EDUCAÇÃO;2900;2022-09-22;;2022000318;2022;2022-09-22;;;;;20717.32;20717.32;"CONTRATAÇÃO PARA GÊNERO ALIMENTÍCIO-PNAE
PARA ATENDER A DEMANDA DA ESCOLA MUNICIPAL MONTEIRO LOBATO, NO EXERCÍCIO DE 2022-PREGÃO ELECTRÓNICO/SRP Nº
003/2022-ATA DE REGISTRO DE PREÇOS N° 002/2022. POLO 1";;0;;;0;1,H;0;33511;90;5;;2129;False
licitacoes;<b>Processo </b>2022000406/2022;Pregão Eletrônico;PREGÃO ELETRÔNICO RP;Homologada;SECRETARIA MUNICIPAL DA EDUCAÇÃO;2900;2022-09-22;;2022000406;2022;2022-09-22;;;;;9817.25;9817.25;CONTRATAÇÃO PARA AQUISIÇÃO DE GÊNEROS ALIMENTÍCIOS - PNAE, PARA ATENDER A DEMANDA DO CMEI CANTINHO DO SABER , NO EXERCÍCIO DE 2022 - PREGÃO ELETRÔNICO/SRP N°003/2022 - ATA DE REGISTRO DE PREÇOS N° 002/2022. POLO 1 - ETI ALMIRANTE TAMANDARÉ.;;0;;;0;2,A,1,H;0;33554;13;5;;2129;False
licitacoes;<b>Processo </b>2022000297/2022;Pregão Eletrônico;PREGÃO ELETRÔNICO RP;Homologada;SECRETARIA MUNICIPAL DA EDUCAÇÃO;2900;2022-09-22;;2022000297;2022;2022-09-22;;;;;257995.90;257995.90;CONTRATAÇÃO PARA AQUISIÇÃO DE GÊNEROS ALIMENTÍCIOS - PNAE, PARA ATENDER A DA ACE ETI ALMIRANTE TAMANDARÉ, NO EXERCÍCIO DE 2022 - PREGÃO ELETRÔNICO/SRP N° 003/2022 - ATA DE REGISTRO DE PREÇOS N° 002/2022. POLO 1 - ETI ALMIRANTE TAMANDARÉ.;;0;;;0;2,A,1,H;0;33745;13;5;;2129;False
licitacoes;<b>Processo </b>2022056983/2022;Adesão à ata de registro de preço ou participação(carona) em Pregão de Outros Órgãos;ADESAO A REG DE PRECOS (EXT);Homologada;SECRETARIA MUNICIPAL DA EDUCAÇÃO;2900;2022-09-21;;2022056983;2022;2022-09-21;;;;;1406311.35;546277.90;CONTRATAÇÃO DE EMPRESA ESPECIALIZADA NA PRESTAÇÃO DE SERVIÇOS DE OUTSOURCING DE IMPRESSÃO.;;0;;;0;1,H,C;0;32288;16;5;;2129;False
licitacoes;<b>Processo </b>2020035459/2022;Adesão à ata de registro de preço ou participação(carona) em Pregão de Outros Órgãos;ADESAO A REG DE PRECOS (EXT);Homologada;SECRETARIA MUNICIPAL DA SAÚDE;8600;2022-09-20;;2020035459;2022;2022-09-20;;;;;2590.60;2590.60;"PRESTAÇÃO DE SERVIÇOS DE TELEFONIA MÓVEL
REFERÊNCIA: 02/08/2022 A 01/09/2022 VENCIMENTO: 28/09/2022
SEMUS";;0;;;0;1,H,C;0;32273;16;5;;2129;False
licitacoes;<b>Processo </b>2022019990/2022;Adesão à ata de registro de preço ou participação(carona) em Pregão de Outros Órgãos;ADESAO A REG DE PRECOS (EXT);Homologada;SECRETARIA MUNICIPAL DA SAÚDE;8600;2022-09-16;;2022019990;2022;2022-09-16;;;;;170598.15;170598.15;LOCAÇÃO DE COPIADORA E SERVIÇOS DE REPROGRAFIA.;;0;;;0;1,H,C;0;32249;16;5;;2129;False
licitacoes;<b>Processo </b>2022019990/2022;Adesão à ata de registro de preço ou participação(carona) em Pregão de Outros Órgãos;ADESAO A REG DE PRECOS (EXT);Homologada;SECRETARIA MUNICIPAL DA SAÚDE;8600;2022-09-16;;2022019990;2022;2022-09-16;;;;;352752.61;352752.62;LOCAÇÃO DE COPIADORA E SERVIÇOS DE REPROGRAFIA.;;0;;;0;1,H,C;0;32254;16;5;;2129;False
licitacoes;<b>Processo </b>2022019990/2022;Adesão à ata de registro de preço ou participação(carona) em Pregão de Outros Órgãos;ADESAO A REG DE PRECOS (EXT);Homologada;SECRETARIA MUNICIPAL DA SAÚDE;8600;2022-09-16;;2022019990;2022;2022-09-16;;;;;1039752.00;1039752.00;LOCAÇÃO DE COPIADORA E SERVIÇOS DE REPROGRAFIA.;;0;;;0;1,H,C;0;32255;16;5;;2129;False
licitacoes;<b>Processo </b>2022019990/2022;Adesão à ata de registro de preço ou participação(carona) em Pregão de Outros Órgãos;ADESAO A REG DE PRECOS (EXT);Homologada;SECRETARIA MUNICIPAL DA SAÚDE;8600;2022-09-16;;2022019990;2022;2022-09-16;;;;;356471.38;356471.38;LOCAÇÃO DE COPIADORA E SERVIÇOS DE REPROGRAFIA.;;0;;;0;1,H,C;0;32256;16;5;;2129;False
licitacoes;<b>Processo </b>2022019990/2022;Adesão à ata de registro de preço ou participação(carona) em Pregão de Outros Órgãos;ADESAO A REG DE PRECOS (EXT);Homologada;SECRETARIA MUNICIPAL DA SAÚDE;8600;2022-09-16;;2022019990;2022;2022-09-16;;;;;11499.80;11499.08;LOCAÇÃO DE COPIADORA E SERVIÇOS DE REPROGRAFIA.;;0;;;0;1,H,C;0;32257;16;5;;2129;False
licitacoes;<b>Processo </b>2022019990/2022;Adesão à ata de registro de preço ou participação(carona) em Pregão de Outros Órgãos;ADESAO A REG DE PRECOS (EXT);Homologada;SECRETARIA MUNICIPAL DA SAÚDE;8600;2022-09-16;;2022019990;2022;2022-09-16;;;;;2805326.76;2805326.77;LOCAÇÃO DE COPIADORA E SERVIÇOS DE REPROGRAFIA.;;0;;;0;1,H,C;0;32258;16;5;;2129;False
licitacoes;<b>Processo </b>2022000106/2022;Pregão Eletrônico;PREGÃO ELETRÔNICO RP;Homologada;SECRETARIA MUNICIPAL DA EDUCAÇÃO;2900;2022-09-15;;2022000106;2022;2022-09-15;;;;;139846.50;139846.50;AQUISIÇÃO DE GENEROS ALIMENTICIOS;;0;;;0;2,A,1,H;0;33798;13;5;;2129;False
licitacoes;<b>Processo </b>2022000258/2022;Pregão Eletrônico;PREGÃO ELETRÔNICO RP;Homologada;SECRETARIA MUNICIPAL DA EDUCAÇÃO;2900;2022-09-13;;2022000258;2022;2022-09-13;;;;;39652.00;39652.00;"PROCEDIMENTO LICITATÓRIO NA MODALIDADE CHAMADA PÚBLICA Nº 002/2022.
OBJETO: AQUISIÇÃO DE GÊNEROS ALIMENTÍCIOS.";;0;;;0;2,A,1,H;0;33700;13;5;;2129;False
licitacoes;<b>Processo </b>2022051929/2022;Adesão à ata de registro de preço ou participação(carona) em Pregão de Outros Órgãos;ADESAO A REG DE PRECOS (EXT);Homologada;AGÊNCIA MUNICIPAL DE TURISMO;1400;2022-09-06;;2022051929;2022;2022-09-06;;;;;121000.00;121000.00;LOCAÇÃO DE ESTRUTURAS DE CARRETAS CONTENDO SANITÁRIOS PARA ATENDER DURANTE O 16º FESTIVAL FGT 2022;;0;;;0;1,H,C;0;32227;16;5;;2129;False
licitacoes;<b>Processo </b>2022053850/2022;Adesão à ata de registro de preço ou participação(carona) em Pregão de Outros Órgãos;ADESAO A REG DE PREÇOS  (INT);Homologada;AGÊNCIA MUNICIPAL DE TURISMO;1400;2022-09-06;;2022053850;2022;2022-09-06;;;;;50250.00;50250.00;CONTRATAÇÃO ESPECIALIZADA NO FORNECIMENTO DE LANCHE INDIVIDUAL, ALMOÇO/JANTA E COFFEE BREAK.;;0;;;0;1,H,C;0;32289;16;5;;2129;False
licitacoes;<b>Processo </b>2022035801/2022;Adesão à ata de registro de preço ou participação(carona) em Pregão de Outros Órgãos;ADESAO A REG DE PRECOS (EXT);Homologada;SECRETARIA MUNICIPAL DA SAÚDE;8600;2022-09-02;;2022035801;2022;2022-09-02;;;;;2020955.88;2020955.88;CONTRATAÇÃO DE EMPRESA ESPECIALIZADA NA PRESTAÇÃO DE SERVIÇO DE INTRANET (VIA REDE MPLS).;;0;;;0;1,H,C;0;32173;16;5;;2129;False
licitacoes;<b>Processo </b>2021051965/2022;Adesão à ata de registro de preço ou participação(carona) em Pregão de Outros Órgãos;ADESAO A REG DE PRECOS (EXT);Homologada;PROCURADORIA GERAL DO MUNICÍPIO DE PALMAS;2300;2022-09-02;;2021051965;2022;2022-09-02;;;;;2155.34;2155.34;SERVIÇOS DE DEDETIZAÇÃO, DESALOJAMENTO DE POMBOS/MORCEGOS E LIMPEZA DE RESERVATÓRIOS DE ÁGUA.;;0;;;0;1,H,C;0;32183;16;5;;2129;False
licitacoes;<b>Processo </b>2022050047/2022;Adesão à ata de registro de preço ou participação(carona) em Pregão de Outros Órgãos;ADESAO A REG DE PRECOS (EXT);Homologada;SECRETARIA MUNICIPAL DA SAÚDE;8600;2022-09-01;;2022050047;2022;2022-09-01;;;;;780702.96;780705.35;ADESÃO DE ATA DE REGISTRO DE PREÇO- AQUISIÇÃO DE MEDICAMENTOS, BASEADO NO PERCENTUAL DE DESCONTO DA TABELA CMED/GOVERNO.;;0;;;0;1,H,C;0;32160;16;5;;2129;False
licitacoes;<b>Processo </b>2022050047/2022;Adesão à ata de registro de preço ou participação(carona) em Pregão de Outros Órgãos;ADESAO A REG DE PRECOS (EXT);Homologada;SECRETARIA MUNICIPAL DA SAÚDE;8600;2022-09-01;;2022050047;2022;2022-09-01;;;;;638307.50;638307.50;ADESÃO DE ATA DE REGISTRO DE PREÇO- AQUISIÇÃO DE MEDICAMENTOS, BASEADO NO PERCENTUAL DE DESCONTO DA TABELA CMED/GOVERNO.;;0;;;0;1,H,C;0;32161;16;5;;2129;False
licitacoes;<b>Processo </b>2022018880/2022;Adesão à ata de registro de preço ou participação(carona) em Pregão de Outros Órgãos;ADESAO A REG DE PRECOS (EXT);Homologada;SECRETARIA MUNICIPAL DA SAÚDE;8600;2022-09-01;;2022018880;2022;2022-09-01;;;;;192312.26;192312.26;AQUISIÇÃO DE ELETRODOMÉSTICOS E ELETROELETRÔNICOS.;;0;;;0;1,H,C;0;32162;16;5;;2129;False
licitacoes;<b>Processo </b>2021051965/2022;Adesão à ata de registro de preço ou participação(carona) em Pregão de Outros Órgãos;ADESAO A REG DE PRECOS (EXT);Homologada;CONTROLADORIA-GERAL DO MUNICÍPIO;9908;2022-08-31;;2021051965;2022;2022-08-31;;;;;2155.34;2155.34;SERVIÇOS DE DEDETIZAÇÃO, DESALOJAMENTO DE POMBOS/MORCEGOS E LIMPEZA DE RESERVATÓRIOS DE ÁGUA.;;0;;;0;1,H,C;0;32155;16;5;;2129;False
licitacoes;<b>Processo </b>2021051965/2022;Adesão à ata de registro de preço ou participação(carona) em Pregão de Outros Órgãos;ADESAO A REG DE PRECOS (EXT);Homologada;SECRETARIA MUNICIPAL DA FAZENDA E TRANSFORMAÇÃO DIGITAL;2700;2022-08-30;;2021051965;2022;2022-08-30;;;;;2155.34;2155.34;SERVIÇOS DE DEDETIZAÇÃO, DESALOJAMENTO DE POMBOS/MORCEGOS E LIMPEZA DE RESERVATÓRIOS DE ÁGUA.;;0;;;0;1,H,C;0;32144;16;5;;2129;False
licitacoes;<b>Processo </b>2022018487/2022;Adesão à ata de registro de preço ou participação(carona) em Pregão de Outros Órgãos;ADESAO A REG DE PRECOS (EXT);Homologada;SECRETARIA MUNICIPAL DE ASSUNTOS FUNDIÁRIOS;9000;2022-08-30;;2022018487;2022;2022-08-30;;;;;219709.61;219709.61;AQUISIÇÃO DE MÓVEIS EM GERAL.;;0;;;0;1,H,C;0;32145;16;5;;2129;False
licitacoes;<b>Processo </b>2022018487/2022;Adesão à ata de registro de preço ou participação(carona) em Pregão de Outros Órgãos;ADESAO A REG DE PRECOS (EXT);Homologada;SECRETARIA MUNICIPAL DE ASSUNTOS FUNDIÁRIOS;9000;2022-08-30;;2022018487;2022;2022-08-30;;;;;40804.30;40804.30;AQUISIÇÃO DE MÓVEIS EM GERAL.;;0;;;0;1,H,C;0;32146;16;5;;2129;False
licitacoes;<b>Processo </b>2022018487/2022;Adesão à ata de registro de preço ou participação(carona) em Pregão de Outros Órgãos;ADESAO A REG DE PRECOS (EXT);Homologada;SECRETARIA MUNICIPAL DE ASSUNTOS FUNDIÁRIOS;9000;2022-08-30;;2022018487;2022;2022-08-30;;;;;20445.00;20445.00;AQUISIÇÃO DE MÓVEIS EM GERAL.;;0;;;0;1,H,C;0;32147;16;5;;2129;False
licitacoes;<b>Processo </b>2021051965/2022;Adesão à ata de registro de preço ou participação(carona) em Pregão de Outros Órgãos;ADESAO A REG DE PRECOS (EXT);Homologada;SECRETARIA MUNICIPAL DE PLANEJAMENTO E DESENVOLVIMENTO HUMANO;2500;2022-08-30;;2021051965;2022;2022-08-30;;;;;2155.34;2155.34;SERVIÇOS DE DEDETIZAÇÃO, DESALOJAMENTO DE POMBOS/MORCEGOS E LIMPEZA DE RESERVATÓRIOS DE ÁGUA;;0;;;0;1,H,C;0;32148;16;5;;2129;False
licitacoes;<b>Processo </b>2022032820/2022;Adesão à ata de registro de preço ou participação(carona) em Pregão de Outros Órgãos;ADESAO A REG DE PRECOS (EXT);Homologada;SECRETARIA MUNICIPAL DA SAÚDE;8600;2022-08-24;;2022032820;2022;2022-08-24;;;;;450000.00;450000.00;CONTRATAÇÃO DE EMPRESA PARA PRESTAR SERVIÇOS DE LICENÇA PARA UTILIZAÇÃO DE SOFTWARE AUTODESK.;;0;;;0;1,H,C;0;32115;16;5;;2129;False
licitacoes;<b>Processo </b>2021051965/2022;Adesão à ata de registro de preço ou participação(carona) em Pregão de Outros Órgãos;ADESAO A REG DE PRECOS (EXT);Homologada;SECRETARIA MUNICIPAL DE DESENVOLVIMENTO SOCIAL;3700;2022-08-24;;2021051965;2022;2022-08-24;;;;;742.50;742.50;PRESTAÇÃO DE SERVIÇOS DE DEDETIZAÇÃO, DESRATIZAÇÃO E DESCUPINIZAÇÃO;;0;;;0;1,H,C;0;32119;16;5;;2129;False
licitacoes;<b>Processo </b>2021051965/2022;Adesão à ata de registro de preço ou participação(carona) em Pregão de Outros Órgãos;ADESAO A REG DE PRECOS (EXT);Homologada;SECRETARIA MUNICIPAL DE DESENVOLVIMENTO ECONÔMICO E EMPREGO;2600;2022-08-19;;2021051965;2022;2022-08-19;;;;;52961.75;52961.74;SERVIÇO DE DEDETIZAÇÃO, DESRATIZAÇÃO E DESCUPINIZAÇÃO, DESALOJAMENTO DE POMBOS/MORCEGOS E LIMPEZA E DESINFECÇÃO DE RESERVATÓRIO DE ÁGUA;;0;;;0;1,H,C;0;32099;16;5;;2129;False
licitacoes;<b>Processo </b>2020035459/2022;Adesão à ata de registro de preço ou participação(carona) em Pregão de Outros Órgãos;ADESAO A REG DE PRECOS (EXT);Homologada;SECRETARIA MUNICIPAL DA SAÚDE;8600;2022-08-17;;2020035459;2022;2022-08-17;;;;;2607.24;2607.24;"PRESTAÇÃO DE SERVIÇOS DE TELEFONIA MÓVEL 
REFERÊNCIA: 02/07/2022 A 01/08/2022 VENCIMENTO: 28/08/2022
SEMUS";;0;;;0;1,H,C;0;32090;16;5;;2129;False
licitacoes;<b>Processo </b>2022050047/2022;Adesão à ata de registro de preço ou participação(carona) em Pregão de Outros Órgãos;ADESAO A REG DE PRECOS (EXT);Homologada;SECRETARIA MUNICIPAL DA SAÚDE;8600;2022-08-16;;2022050047;2022;2022-08-16;;;;;14285780.55;14285690.65;ADESÃO DE ATA DE REGISTRO DE PREÇO- AQUISIÇÃO DE MEDICAMENTOS, BASEADO NO PERCENTUAL DE DESCONTO DA TABELA CMED/GOVERNO.;;0;;;0;1,H,C;0;32088;16;5;;2129;False
licitacoes;<b>Processo </b>2021051965/2022;Adesão à ata de registro de preço ou participação(carona) em Pregão de Outros Órgãos;ADESAO A REG DE PRECOS (EXT);Homologada;SECRETARIA MUNICIPAL DE DESENVOLVIMENTO SOCIAL;3700;2022-08-08;;2021051965;2022;2022-08-08;;;;;2970.00;2970.00;PRESTAÇÃO DE SERVIÇOS DE DEDETIZAÇÃO, DESRATIZAÇÃO E DESCUPINIZAÇÃO E OUTROS;;0;;;0;1,H,C;0;32045;16;5;;2129;False
licitacoes;<b>Processo </b>2022031784/2022;Adesão à ata de registro de preço ou participação(carona) em Pregão de Outros Órgãos;ADESAO A REG DE PREÇOS  (INT);Homologada;SECRETARIA MUNICIPAL DA SAÚDE;8600;2022-08-02;;2022031784;2022;2022-08-02;;;;;198250.00;223241.50;CONTRATAÇÃO DE EMPRESA PARA FORNECIMENTO DE LANCHE INDIVIDUAL E COFFEE BREAK.;;0;;;0;1,H,C;0;31997;16;5;;2129;False
licitacoes;<b>Processo </b>2022003827/2022;Adesão à ata de registro de preço ou participação(carona) em Pregão de Outros Órgãos;ADESAO A REG DE PRECOS (EXT);Homologada;SECRETARIA MUNICIPAL DE PLANEJAMENTO E DESENVOLVIMENTO HUMANO;2500;2022-08-02;;2022003827;2022;2022-08-02;;;;;31364.25;31364.25;PRESTAÇÃO DE SERVIÇO DE DESCONTAMINAÇÃO MICROBIOLÓGICA E DESINFECÇÃO DE SUPERFÍCIES ATRAVÉS DE NEBULIZAÇÃO A SECO, COMPOSTO POR PRODUTOS COM CERTIFICAÇÃO NA ANVISA;;0;;;0;1,H,C;0;32014;16;5;;2129;False
licitacoes;<b>Processo </b>2022025038/2022;Adesão à ata de registro de preço ou participação(carona) em Pregão de Outros Órgãos;ADESAO A REG DE PRECOS (EXT);Homologada;SECRETARIA MUNICIPAL DA SAÚDE;8600;2022-07-29;;2022025038;2022;2022-07-29;;;;;139280.39;139280.39;AQUISIÇÃO DE MUDAS NATURAIS, INSUMOS E ARRANJOS EM GERAL.;;0;;;0;1,H,C;0;31999;16;5;;2129;False
licitacoes;<b>Processo </b>2022031812/2022;Adesão à ata de registro de preço ou participação(carona) em Pregão de Outros Órgãos;ADESAO A REG DE PRECOS (EXT);Homologada;AGÊNCIA DE TECNOLOGIA DA INFORMAÇÃO DO  MUNICÍPIO  DE  PALMAS;9600;2022-07-18;;2022031812;2022;2022-07-18;;;;;5582575.00;5582575.00;PRESTAÇÃO DE SERVIÇOS DE INFORMÁTICA.;;0;;;0;1,H,C;0;31935;16;5;;2129;False
licitacoes;<b>Processo </b>2020022385/2022;Adesão à ata de registro de preço ou participação(carona) em Pregão de Outros Órgãos;ADESAO A REG DE PRECOS (EXT);Homologada;SECRETARIA MUNICIPAL DA SAÚDE;8600;2022-07-13;;2020022385;2022;2022-07-13;;;;;2516.93;2516.93;"PRESTAÇÃO DE SERVIÇOS DE TELEFONIA MÓVEL
REFERÊNCIA: JUNHO/2022 
SEMUS";;0;;;0;1,H,C;0;31915;16;5;;2129;False
licitacoes;<b>Processo </b>2022019467/2022;Adesão à ata de registro de preço ou participação(carona) em Pregão de Outros Órgãos;ADESAO A REG DE PREÇOS  (INT);Homologada;SECRETARIA MUNICIPAL DE GOVERNO E RELAÇÕES INSTITUCIONAIS;7900;2022-07-13;;2022019467;2022;2022-07-13;;;;;936000.00;936000.00;LOCAÇÃO DE ÔNIBUS.;;0;;;0;1,H,C;0;31918;16;5;;2129;False
licitacoes;<b>Processo </b>2022009440/2022;Adesão à ata de registro de preço ou participação(carona) em Pregão de Outros Órgãos;ADESAO A REG DE PRECOS (EXT);Homologada;SECRETARIA MUNICIPAL DE DESENVOLVIMENTO SOCIAL;3700;2022-07-11;;2022009440;2022;2022-07-11;;;;;202366.11;202366.11;ADESÃO A ATA DE REGISTRO DE PREÇOS CONTRATAÇÃODE EMPRESA PARAFORNECIMENTO ARRANJOS ARTIFICIAIS,MUDAS E INSUMOS.;;0;;;0;1,H,C;0;31895;16;5;;2129;False
licitacoes;<b>Processo </b>2022009433/2022;Adesão à ata de registro de preço ou participação(carona) em Pregão de Outros Órgãos;ADESAO A REG DE PRECOS (EXT);Homologada;FUNDO MUNICIPAL DE ASSISTÊNCIA SOCIAL;5800;2022-07-06;;2022009433;2022;2022-07-06;;;;;268514.00;268514.00;ADESÃO A ATA DE REGISTRO DE PREÇOS- ATENDER DEMANDAS DE REFORMA GERAL, MANUTENÇÃO PREVENTIVA E CORRETIVA DAS DEPENDENCIAS DA SECRETARIA.;;0;;;0;1,H,C;0;31859;16;5;;2129;False
licitacoes;<b>Processo </b>2022009433/2022;Adesão à ata de registro de preço ou participação(carona) em Pregão de Outros Órgãos;ADESAO A REG DE PRECOS (EXT);Homologada;FUNDO MUNICIPAL DE ASSISTÊNCIA SOCIAL;5800;2022-07-06;;2022009433;2022;2022-07-06;;;;;131485.04;131485.04;ADESÃO A ATA DE REGISTRO DE PREÇOS- ATENDER DEMANDAS DE REFORMA GERAL, MANUTENÇÃO PREVENTIVA E CORRETIVA DAS DEPENDENCIAS DA SECRETARIA.;;0;;;0;1,H,C;0;31860;16;5;;2129;False
licitacoes;<b>Processo </b>2022009433/2022;Adesão à ata de registro de preço ou participação(carona) em Pregão de Outros Órgãos;ADESAO A REG DE PRECOS (EXT);Homologada;FUNDO MUNICIPAL DE ASSISTÊNCIA SOCIAL;5800;2022-07-06;;2022009433;2022;2022-07-06;;;;;166500.00;166500.00;ADESÃO A ATA DE REGISTRO DE PREÇOS- ATENDER DEMANDAS DE REFORMA GERAL, MANUTENÇÃO PREVENTIVA E CORRETIVA DAS DEPENDENCIAS DA SECRETARIA.;;0;;;0;1,H,C;0;31861;16;5;;2129;False
licitacoes;<b>Processo </b>2022009433/2022;Adesão à ata de registro de preço ou participação(carona) em Pregão de Outros Órgãos;ADESAO A REG DE PRECOS (EXT);Homologada;FUNDO MUNICIPAL DE ASSISTÊNCIA SOCIAL;5800;2022-07-06;;2022009433;2022;2022-07-06;;;;;903147.66;903147.66;ADESÃO A ATA DE REGISTRO DE PREÇOS- ATENDER DEMANDAS DE REFORMA GERAL, MANUTENÇÃO PREVENTIVA E CORRETIVA DAS DEPENDENCIAS DA SECRETARIA.;;0;;;0;1,H,C;0;31863;16;5;;2129;False
licitacoes;<b>Processo </b>2022009433/2022;Adesão à ata de registro de preço ou participação(carona) em Pregão de Outros Órgãos;ADESAO A REG DE PRECOS (EXT);Homologada;SECRETARIA MUNICIPAL DE DESENVOLVIMENTO SOCIAL;3700;2022-07-06;;2022009433;2022;2022-07-06;;;;;1007082.00;1007082.00;ADESÃO A ATA DE REGISTRO DE PREÇOS- ATENDER DEMANDAS DE REFORMA GERAL, MANUTENÇÃO PREVENTIVA E CORRETIVA DAS DEPENDENCIAS DA SECRETARIA.;;0;;;0;1,H,C;0;31864;16;5;;2129;False
licitacoes;<b>Processo </b>2022009433/2022;Adesão à ata de registro de preço ou participação(carona) em Pregão de Outros Órgãos;ADESAO A REG DE PRECOS (EXT);Homologada;SECRETARIA MUNICIPAL DE DESENVOLVIMENTO SOCIAL;3700;2022-07-06;;2022009433;2022;2022-07-06;;;;;800000.00;800000.00;ADESÃO A ATA DE REGISTRO DE PREÇOS- ATENDER DEMANDAS DE REFORMA GERAL, MANUTENÇÃO PREVENTIVA E CORRETIVA DAS DEPENDENCIAS DA SECRETARIA.;;0;;;0;1,H,C;0;31865;16;5;;2129;False
licitacoes;<b>Processo </b>2022021216/2022;Adesão à ata de registro de preço ou participação(carona) em Pregão de Outros Órgãos;ADESAO A REG DE PRECOS (EXT);Homologada;SECRETARIA MUNICIPAL DE PLANEJAMENTO E DESENVOLVIMENTO HUMANO;2500;2022-07-01;;2022021216;2022;2022-07-01;;;;;2778734.04;2778734.04;AQUISIÇÃO E INSTALAÇÃO DE MATERIAL PERMANENTE (ESTANTE EM ARQUIVOS DESLIZANTES).;;0;;;0;1,H,C;0;31841;16;5;;2129;False
licitacoes;<b>Processo </b>2022037103/2022;Adesão à ata de registro de preço ou participação(carona) em Pregão de Outros Órgãos;ADESAO A REG DE PRECOS (EXT);Homologada;FUNDAÇÃO CULTURAL DE PALMAS;7100;2022-06-30;;2022037103;2022;2022-06-30;;;;;15270.00;15270.00;CONTRATAÇÃO DE EMPRESA ESPECIALIZADA NO FORNECIMENTO DE ARRANJOS DECORATIVOS NATURAIS.;;0;;;0;1,H,C;0;31839;16;5;;2129;False
licitacoes;<b>Processo </b>2022030583/2022;Adesão à ata de registro de preço ou participação(carona) em Pregão de Outros Órgãos;ADESAO A REG DE PREÇOS  (INT);Homologada;INSTITUTO DE PREVIDÊNCIA SOCIAL DO MUNICÍPIO DE PALMAS;6100;2022-06-23;;2022030583;2022;2022-06-23;;;;;108344.50;108344.50;CONTRATAÇÃO DE EMPRESA PARA FORNECIMENTO DE PASSAGENS AÉREAS EM ÂMBITO NACIONAL E INTERNACIONAL.;;0;;;0;1,H,C;0;31799;16;5;;2129;False
licitacoes;<b>Processo </b>2022019247/2022;Adesão à ata de registro de preço ou participação(carona) em Pregão de Outros Órgãos;ADESAO A REG DE PREÇOS  (INT);Homologada;INSTITUTO 20 DE MAIO DE ENSINO, CIÊNCIA E TECNOLOGIA DO MUNICÍPIO DE PALMAS;8500;2022-06-23;;2022019247;2022;2022-06-23;;;;;68750.00;68750.00;CONTRATAÇÃO DE EMPRESA ESPECIALIZADA NO FORNECIMENTO DE COFFEE BREAK.;;0;;;0;1,H,C;0;31800;16;5;;2129;False
licitacoes;<b>Processo </b>2022009034/2022;Adesão à ata de registro de preço ou participação(carona) em Pregão de Outros Órgãos;ADESAO A REG DE PRECOS (EXT);Homologada;AGÊNCIA DE TECNOLOGIA DA INFORMAÇÃO DO  MUNICÍPIO  DE  PALMAS;9600;2022-06-22;;2022009034;2022;2022-06-22;;;;;5732362.00;5732362.00;CONTRATAÇÃO DE SERVIÇOS DE SUSTENTAÇÃO, SUPORTE, MANUTENÇÃO E LICENCIAMENTO DO SISTEMA SGD (PRÓTON).;;0;;;0;1,H,C;0;31797;16;5;;2129;False
licitacoes;<b>Processo </b>2022019939/2022;Adesão à ata de registro de preço ou participação(carona) em Pregão de Outros Órgãos;ADESAO A REG DE PRECOS (EXT);Homologada;AGÊNCIA DE TECNOLOGIA DA INFORMAÇÃO DO  MUNICÍPIO  DE  PALMAS;9600;2022-06-15;;2022019939;2022;2022-06-15;;;;;6437350.00;6437350.00;SERVIÇOS DE TRANSFORMAÇÃO DIGITAL.;;0;;;0;1,H,C;0;31760;16;5;;2129;False
licitacoes;<b>Processo </b>2020035459/2022;Adesão à ata de registro de preço ou participação(carona) em Pregão de Outros Órgãos;ADESAO A REG DE PRECOS (EXT);Homologada;SECRETARIA MUNICIPAL DA SAÚDE;8600;2022-06-13;;2020035459;2022;2022-06-13;;;;;2458.22;2458.22;"PRESTAÇÃO DE SERVIÇOS DE TELEFONIA MÓVEL
REFERÊNCIA: MAIO/2022
SEMUS";;0;;;0;1,H,C;0;31743;16;5;;2129;False
licitacoes;<b>Processo </b>2022024491/2022;Adesão à ata de registro de preço ou participação(carona) em Pregão de Outros Órgãos;ADESAO A REG DE PREÇOS  (INT);Homologada;SECRETARIA MUNICIPAL DE DESENVOLVIMENTO SOCIAL;3700;2022-06-09;;2022024491;2022;2022-06-09;;;;;368150.00;368150.00;CONTRATAÇÃO DE EMPRESA PARA FORNECIMENTO DE LANCHE INDIVIDUAL, ALMOÇO/JANTA TIPO BUFFET E COFFEE BREAK.;;0;;;0;1,H,C;0;31732;16;5;;2129;False
licitacoes;<b>Processo </b>2021064137/2022;Pregão Eletrônico;PREGAO ELETRONICO;Cancelada;SECRETARIA MUNICIPAL DA SAÚDE;8600;2022-06-08;;2021064137;2022;;2022-06-21 00:00:00;;;;0.00;0.00;CONTRATAÇÃO DE EMPRESA ESPECIALIZADA PARA LOCAÇÃO DE KITS DE APARELHO CONCENTRADOR DE OXIGÊNIO AMBIENTAL PARA ATENDIMENTO A PACIENTES USUÁRIOS DO SUS;;0;;;0;0;0;31421;13;3;;2129;False
licitacoes;<b>Processo </b>2022020169/2022;Adesão à ata de registro de preço ou participação(carona) em Pregão de Outros Órgãos;ADESAO A REG DE PRECOS (EXT);Homologada;SECRETARIA MUNICIPAL DE DESENVOLVIMENTO ECONÔMICO E EMPREGO;2600;2022-05-27;;2022020169;2022;2022-05-27;;;;;336575.97;302940.00;AQUISIÇÃO DE COMPUTADORES E NOTEBOOKS.;;0;;;0;1,H,C;0;31663;16;5;;2129;False
licitacoes;<b>Processo </b>2022032828/2022;Adesão à ata de registro de preço ou participação(carona) em Pregão de Outros Órgãos;ADESAO A REG DE PRECOS (EXT);Homologada;FUNDAÇÃO CULTURAL DE PALMAS;7100;2022-05-19;;2022032828;2022;2022-05-19;;;;;142219.00;142219.00;SERVIÇOS DE LOCAÇÃO, MONTAGEM E DESMONTAGEM DE ESTRUTURAS PARA EVENTOS.;;0;;;0;1,H,C;0;31598;16;5;;2129;False
licitacoes;<b>Processo </b>2022011018/2022;Adesão à ata de registro de preço ou participação(carona) em Pregão de Outros Órgãos;ADESAO A REG DE PRECOS (EXT);Homologada;FUNDO MUNICIPAL DE ASSISTÊNCIA SOCIAL;5800;2022-05-19;;2022011018;2022;2022-05-19;;;;;108044.32;108044.32;AQUISIÇÃO DE GÊNEROS ALIMENTÍCIOS.;;0;;;0;1,H,C;0;31602;16;5;;2129;False
licitacoes;<b>Processo </b>2022033746/2022;Adesão à ata de registro de preço ou participação(carona) em Pregão de Outros Órgãos;ADESAO A REG DE PRECOS (EXT);Homologada;FUNDAÇÃO CULTURAL DE PALMAS;7100;2022-05-18;;2022033746;2022;2022-05-18;;;;;199910.00;199910.00;CONTRATAÇÃO DE EMPRESA ESPECIALIZADA NO FORNECIMENTO DE FOGOS PIROTÉCNICOS.;;0;;;0;1,H,C;0;31587;16;5;;2129;False
licitacoes;<b>Processo </b>2022032828/2022;Adesão à ata de registro de preço ou participação(carona) em Pregão de Outros Órgãos;ADESAO A REG DE PRECOS (EXT);Aberta;FUNDAÇÃO CULTURAL DE PALMAS;7100;2022-05-18;;2022032828;2022;;;;;;245550.67;245550.67;SERVIÇOS DE LOCAÇÃO, MONTAGEM E DESMONTAGEM DE ESTRUTURAS PARA EVENTOS.;;0;;;0;1,H,E,C;0;31588;16;1;;2129;False
licitacoes;<b>Processo </b>2022030050/2022;Adesão à ata de registro de preço ou participação(carona) em Pregão de Outros Órgãos;ADESAO A REG DE PRECOS (EXT);Homologada;SECRETARIA MUNICIPAL DE DESENVOLVIMENTO ECONÔMICO E EMPREGO;2600;2022-05-18;;2022030050;2022;2022-05-18;;;;;96158.25;96158.25;AQUISIÇÃO DE MATERIAIS ELÉTRICOS E FERRAMENTAS.;;0;;;0;1,H,C;0;31589;16;5;;2129;False
licitacoes;<b>Processo </b>2022003827/2022;Adesão à ata de registro de preço ou participação(carona) em Pregão de Outros Órgãos;ADESAO A REG DE PRECOS (EXT);Homologada;SECRETARIA MUNICIPAL DA SAÚDE;8600;2022-05-03;;2022003827;2022;2022-05-03;;;;;477789.50;477789.49;CONTRATAÇÃO DE SERVIÇO DE DESCONTAMINAÇÃO MICROBIOLÓGICA E DESINFECÇÃO DE SUPERFÍCIES.;;0;;;0;1,H,C;0;31494;16;5;;2129;False
licitacoes;<b>Processo </b>2022003827/2022;Adesão à ata de registro de preço ou participação(carona) em Pregão de Outros Órgãos;ADESAO A REG DE PRECOS (EXT);Homologada;SECRETARIA MUNICIPAL DA SAÚDE;8600;2022-05-03;;2022003827;2022;2022-05-03;;;;;561177.29;561177.28;CONTRATAÇÃO DE SERVIÇO DE DESCONTAMINAÇÃO MICROBIOLÓGICA E DESINFECÇÃO DE SUPERFÍCIES.;;0;;;0;1,H,C;0;31495;16;5;;2129;False
licitacoes;<b>Processo </b>2022003827/2022;Adesão à ata de registro de preço ou participação(carona) em Pregão de Outros Órgãos;ADESAO A REG DE PRECOS (EXT);Homologada;SECRETARIA MUNICIPAL DA SAÚDE;8600;2022-05-03;;2022003827;2022;2022-05-03;;;;;107589.70;107589.70;CONTRATAÇÃO DE SERVIÇO DE DESCONTAMINAÇÃO MICROBIOLÓGICA E DESINFECÇÃO DE SUPERFÍCIES.;;0;;;0;1,H,C;0;31496;16;5;;2129;False
licitacoes;<b>Processo </b>2022009615/2022;Adesão à ata de registro de preço ou participação(carona) em Pregão de Outros Órgãos;ADESAO A REG DE PRECOS (EXT);Homologada;SECRETARIA MUNICIPAL DE GOVERNO E RELAÇÕES INSTITUCIONAIS;7900;2022-05-02;;2022009615;2022;2022-05-02;;;;;63175.00;63175.00;CONTRATAÇÃO DE EMPRESA ESPECIALIZADA EM FORNECIMENTO DE ARRANJOS DE FLORES NATURAIS.;;0;;;0;1,H,C;0;31489;16;5;;2129;False
licitacoes;<b>Processo </b>2022003827/2022;Adesão à ata de registro de preço ou participação(carona) em Pregão de Outros Órgãos;ADESAO A REG DE PRECOS (EXT);Homologada;PROCURADORIA GERAL DO MUNICÍPIO DE PALMAS;2300;2022-04-29;;2022003827;2022;2022-04-29;;;;;24310.00;24310.00;CONTRATAÇÃO DO SERVIÇOS DE DESCONTAMINAÇÃO MICROBIOLÓGICA E DESINFECÇÃO DE SUPERFÍCIES.;;0;;;0;1,H,C;0;31484;16;5;;2129;False
licitacoes;<b>Processo </b>2022003827/2022;Adesão à ata de registro de preço ou participação(carona) em Pregão de Outros Órgãos;ADESAO A REG DE PRECOS (EXT);Homologada;SECRETARIA MUNICIPAL DA SAÚDE;8600;2022-04-27;;2022003827;2022;2022-04-27;;;;;209330.43;209330.42;CONTRATAÇÃO DO SERVIÇO DE DESCONTAMINAÇÃO MICROBIOLÓGICA E DESINFECÇÃO DE SUPERFÍCIES.;;0;;;0;1,H,C;0;31469;16;5;;2129;False
licitacoes;<b>Processo </b>2022003827/2022;Adesão à ata de registro de preço ou participação(carona) em Pregão de Outros Órgãos;ADESAO A REG DE PRECOS (EXT);Homologada;FUNDAÇÃO MUNICIPAL DA JUVENTUDE DE PALMAS;8900;2022-04-27;;2022003827;2022;2022-04-27;;;;;130900.00;130900.00;CONTRATAÇÃO DO SERVIÇO DE DESCONTAMINAÇÃO MICROBIOLÓGICA E DESINFECÇÃO DE SUPERFÍCIES.;;0;;;0;1,H,C;0;31470;16;5;;2129;False
licitacoes;<b>Processo </b>2022003827/2022;Adesão à ata de registro de preço ou participação(carona) em Pregão de Outros Órgãos;ADESAO A REG DE PRECOS (EXT);Homologada;SECRETARIA MUNICIPAL DE ASSUNTOS FUNDIÁRIOS;9000;2022-04-27;;2022003827;2022;2022-04-27;;;;;16304.17;16304.16;CONTRATAÇÃO DO SERVIÇO DE DESCONTAMINAÇÃO MICROBIOLÓGICA E DESINFECÇÃO DE SUPERFÍCIES.;;0;;;0;1,H,C;0;31471;16;5;;2129;False
licitacoes;<b>Processo </b>2022003827/2022;Adesão à ata de registro de preço ou participação(carona) em Pregão de Outros Órgãos;ADESAO A REG DE PRECOS (EXT);Homologada;AGENCIA DE REGULACAO, CONTROLE E FISCALIZACAO DE SERVICOS PUBLICOS DE PALMAS;9100;2022-04-27;;2022003827;2022;2022-04-27;;;;;29920.00;29920.00;CONTRATAÇÃO DO SERVIÇO DE DESCONTAMINAÇÃO MICROBIOLÓGICA E DESINFECÇÃO DE SUPERFÍCIES.;;0;;;0;1,H,C;0;31472;16;5;;2129;False
licitacoes;<b>Processo </b>2022003827/2022;Adesão à ata de registro de preço ou participação(carona) em Pregão de Outros Órgãos;ADESAO A REG DE PRECOS (EXT);Homologada;SECRETARIA MUNICIPAL DA HABITAÇÃO;9200;2022-04-27;;2022003827;2022;2022-04-27;;;;;18459.14;18459.14;CONTRATAÇÃO DO SERVIÇO DE DESCONTAMINAÇÃO MICROBIOLÓGICA E DESINFECÇÃO DE SUPERFÍCIES.;;0;;;0;1,H,C;0;31473;16;5;;2129;False
licitacoes;<b>Processo </b>2022003827/2022;Adesão à ata de registro de preço ou participação(carona) em Pregão de Outros Órgãos;ADESAO A REG DE PRECOS (EXT);Homologada;CASA CIVIL DO MUNICÍPIO DE PALMAS;9300;2022-04-27;;2022003827;2022;2022-04-27;;;;;18540.01;18540.01;CONTRATAÇÃO DO SERVIÇO DE DESCONTAMINAÇÃO MICROBIOLÓGICA E DESINFECÇÃO DE SUPERFÍCIES.;;0;;;0;1,H,C;0;31474;16;5;;2129;False
licitacoes;<b>Processo </b>2022003827/2022;Adesão à ata de registro de preço ou participação(carona) em Pregão de Outros Órgãos;ADESAO A REG DE PRECOS (EXT);Homologada;CASA CIVIL DO MUNICÍPIO DE PALMAS;9300;2022-04-27;;2022003827;2022;2022-04-27;;;;;137472.01;137472.01;CONTRATAÇÃO DO SERVIÇO DE DESCONTAMINAÇÃO MICROBIOLÓGICA E DESINFECÇÃO DE SUPERFÍCIES.;;0;;;0;1,H,C;0;31475;16;5;;2129;False
licitacoes;<b>Processo </b>2022003827/2022;Adesão à ata de registro de preço ou participação(carona) em Pregão de Outros Órgãos;ADESAO A REG DE PRECOS (EXT);Homologada;SECRETARIA MUNICIPAL DE DESENVOLVIMENTO URBANO E SERVIÇOS REGIONAIS;9400;2022-04-27;;2022003827;2022;2022-04-27;;;;;29920.00;29920.00;CONTRATAÇÃO DO SERVIÇO DE DESCONTAMINAÇÃO MICROBIOLÓGICA E DESINFECÇÃO DE SUPERFÍCIES.;;0;;;0;1,H,C;0;31476;16;5;;2129;False
licitacoes;<b>Processo </b>2022003827/2022;Adesão à ata de registro de preço ou participação(carona) em Pregão de Outros Órgãos;ADESAO A REG DE PRECOS (EXT);Homologada;AGÊNCIA DE TECNOLOGIA DA INFORMAÇÃO DO  MUNICÍPIO  DE  PALMAS;9600;2022-04-27;;2022003827;2022;2022-04-27;;;;;15408.80;15408.80;CONTRATAÇÃO DO SERVIÇO DE DESCONTAMINAÇÃO MICROBIOLÓGICA E DESINFECÇÃO DE SUPERFÍCIES.;;0;;;0;1,H,C;0;31477;16;5;;2129;False
licitacoes;<b>Processo </b>2022003827/2022;Adesão à ata de registro de preço ou participação(carona) em Pregão de Outros Órgãos;ADESAO A REG DE PRECOS (EXT);Homologada;SECRETARIA MUNICIPAL DE SEGURANCA E MOBILIDADE URBANA;1200;2022-04-26;;2022003827;2022;2022-04-26;;;;;19036.60;19036.60;CONTRATAÇÃO DE SERVIÇO DE DESCONTAMINAÇÃO MICROBIOLÓGICA E DESINFECÇÃO DE SUPERFÍCIES.;;0;;;0;1,H,C;0;31431;16;5;;2129;False
licitacoes;<b>Processo </b>2022003827/2022;Adesão à ata de registro de preço ou participação(carona) em Pregão de Outros Órgãos;ADESAO A REG DE PRECOS (EXT);Homologada;SECRETARIA MUNICIPAL DE SEGURANCA E MOBILIDADE URBANA;1200;2022-04-26;;2022003827;2022;2022-04-26;;;;;31790.00;31790.00;CONTRATAÇÃO DE SERVIÇO DE DESCONTAMINAÇÃO MICROBIOLÓGICA E DESINFECÇÃO DE SUPERFÍCIES.;;0;;;0;1,H,C;0;31433;16;5;;2129;False
licitacoes;<b>Processo </b>2022003827/2022;Adesão à ata de registro de preço ou participação(carona) em Pregão de Outros Órgãos;ADESAO A REG DE PRECOS (EXT);Homologada;SECRETARIA MUNICIPAL DE SEGURANCA E MOBILIDADE URBANA;1200;2022-04-26;;2022003827;2022;2022-04-26;;;;;33660.00;33660.00;CONTRATAÇÃO DE SERVIÇO DE DESCONTAMINAÇÃO MICROBIOLÓGICA E DESINFECÇÃO DE SUPERFÍCIES.;;0;;;0;1,H,C;0;31434;16;5;;2129;False
licitacoes;<b>Processo </b>2022003827/2022;Adesão à ata de registro de preço ou participação(carona) em Pregão de Outros Órgãos;ADESAO A REG DE PRECOS (EXT);Homologada;SECRETARIA MUNICIPAL DE SEGURANCA E MOBILIDADE URBANA;1200;2022-04-26;;2022003827;2022;2022-04-26;;;;;34969.00;34969.00;CONTRATAÇÃO DE SERVIÇO DE DESCONTAMINAÇÃO MICROBIOLÓGICA E DESINFECÇÃO DE SUPERFÍCIES.;;0;;;0;1,H,C;0;31435;16;5;;2129;False
licitacoes;<b>Processo </b>2022003827/2022;Adesão à ata de registro de preço ou participação(carona) em Pregão de Outros Órgãos;ADESAO A REG DE PRECOS (EXT);Homologada;CONTROLADORIA-GERAL DO MUNICÍPIO;9908;2022-04-26;;2022003827;2022;2022-04-26;;;;;29396.40;29396.40;CONTRATAÇÃO DE SERVIÇO DE DESCONTAMINAÇÃO MICROBIOLÓGICA E DESINFECÇÃO DE SUPERFÍCIES.;;0;;;0;1,H,C;0;31436;16;5;;2129;False
licitacoes;<b>Processo </b>2022003827/2022;Adesão à ata de registro de preço ou participação(carona) em Pregão de Outros Órgãos;ADESAO A REG DE PRECOS (EXT);Homologada;AGÊNCIA MUNICIPAL DE TURISMO;1400;2022-04-26;;2022003827;2022;2022-04-26;;;;;164560.00;164560.00;CONTRATAÇÃO DE SERVIÇO DE DESCONTAMINAÇÃO MICROBIOLÓGICA E DESINFECÇÃO DE SUPERFÍCIES.;;0;;;0;1,H,C;0;31438;16;5;;2129;False
licitacoes;<b>Processo </b>2022003827/2022;Adesão à ata de registro de preço ou participação(carona) em Pregão de Outros Órgãos;ADESAO A REG DE PRECOS (EXT);Homologada;FUNDAÇÃO MUNICIPAL DE ESPORTES E LAZER DE PALMAS;1600;2022-04-26;;2022003827;2022;2022-04-26;;;;;290825.78;290825.77;CONTRATAÇÃO DE SERVIÇO DE DESCONTAMINAÇÃO MICROBIOLÓGICA E DESINFECÇÃO DE SUPERFÍCIES.;;0;;;0;1,H,C;0;31439;16;5;;2129;False
licitacoes;<b>Processo </b>2022003827/2022;Adesão à ata de registro de preço ou participação(carona) em Pregão de Outros Órgãos;ADESAO A REG DE PRECOS (EXT);Homologada;FUNDAÇÃO MUNICIPAL DE ESPORTES E LAZER DE PALMAS;1600;2022-04-26;;2022003827;2022;2022-04-26;;;;;10847.51;10847.50;CONTRATAÇÃO DE SERVIÇO DE DESCONTAMINAÇÃO MICROBIOLÓGICA E DESINFECÇÃO DE SUPERFÍCIES.;;0;;;0;1,H,C;0;31440;16;5;;2129;False
licitacoes;<b>Processo </b>2022003827/2022;Adesão à ata de registro de preço ou participação(carona) em Pregão de Outros Órgãos;ADESAO A REG DE PRECOS (EXT);Homologada;SECRETARIA DO GABINETE DO PREFEITO;9909;2022-04-26;;2022003827;2022;2022-04-26;;;;;28665.30;28665.30;CONTRATAÇÃO DE SERVIÇO DE DESCONTAMINAÇÃO MICROBIOLÓGICA E DESINFECÇÃO DE SUPERFÍCIES.;;0;;;0;1,H,C;0;31441;16;5;;2129;False
licitacoes;<b>Processo </b>2022003827/2022;Adesão à ata de registro de preço ou participação(carona) em Pregão de Outros Órgãos;ADESAO A REG DE PRECOS (EXT);Homologada;SECRETARIA MUNICIPAL DE PLANEJAMENTO E DESENVOLVIMENTO HUMANO;2500;2022-04-26;;2022003827;2022;2022-04-26;;;;;56548.05;56548.05;CONTRATAÇÃO DE SERVIÇO DE DESCONTAMINAÇÃO MICROBIOLÓGICA E DESINFECÇÃO DE SUPERFÍCIES.;;0;;;0;1,H,C;0;31443;16;5;;2129;False
licitacoes;<b>Processo </b>2022003827/2022;Adesão à ata de registro de preço ou participação(carona) em Pregão de Outros Órgãos;ADESAO A REG DE PRECOS (EXT);Homologada;SECRETARIA MUNICIPAL DE PLANEJAMENTO E DESENVOLVIMENTO HUMANO;2500;2022-04-26;;2022003827;2022;2022-04-26;;;;;26181.50;26181.49;CONTRATAÇÃO DE SERVIÇO DE DESCONTAMINAÇÃO MICROBIOLÓGICA E DESINFECÇÃO DE SUPERFÍCIES.;;0;;;0;1,H,C;0;31444;16;5;;2129;False
licitacoes;<b>Processo </b>2022003827/2022;Adesão à ata de registro de preço ou participação(carona) em Pregão de Outros Órgãos;ADESAO A REG DE PRECOS (EXT);Homologada;SECRETARIA MUNICIPAL DE DESENVOLVIMENTO ECONÔMICO E EMPREGO;2600;2022-04-26;;2022003827;2022;2022-04-26;;;;;412021.96;412021.96;CONTRATAÇÃO DE SERVIÇO DE DESCONTAMINAÇÃO MICROBIOLÓGICA E DESINFECÇÃO DE SUPERFÍCIES.;;0;;;0;1,H,C;0;31445;16;5;;2129;False
licitacoes;<b>Processo </b>2022003827/2022;Adesão à ata de registro de preço ou participação(carona) em Pregão de Outros Órgãos;ADESAO A REG DE PRECOS (EXT);Homologada;SECRETARIA MUNICIPAL DA FAZENDA E TRANSFORMAÇÃO DIGITAL;2700;2022-04-26;;2022003827;2022;2022-04-26;;;;;56170.95;56171.06;CONTRATAÇÃO DE SERVIÇO DE DESCONTAMINAÇÃO MICROBIOLÓGICA E DESINFECÇÃO DE SUPERFÍCIES.;;0;;;0;1,H,C;0;31446;16;5;;2129;False
licitacoes;<b>Processo </b>2022003827/2022;Adesão à ata de registro de preço ou participação(carona) em Pregão de Outros Órgãos;ADESAO A REG DE PRECOS (EXT);Homologada;SECRETARIA MUNICIPAL DE DESENVOLVIMENTO RURAL;3300;2022-04-26;;2022003827;2022;2022-04-26;;;;;10934.26;10934.26;CONTRATAÇÃO DE SERVIÇO DE DESCONTAMINAÇÃO MICROBIOLÓGICA E DESINFECÇÃO DE SUPERFÍCIES.;;0;;;0;1,H,C;0;31447;16;5;;2129;False
licitacoes;<b>Processo </b>2022003827/2022;Adesão à ata de registro de preço ou participação(carona) em Pregão de Outros Órgãos;ADESAO A REG DE PRECOS (EXT);Homologada;SECRETARIA MUNICIPAL DE INFRAESTRUTURA E SERVIÇOS PÚBLICOS;3500;2022-04-26;;2022003827;2022;2022-04-26;;;;;5234.88;5234.87;CONTRATAÇÃO DE SERVIÇO DE DESCONTAMINAÇÃO MICROBIOLÓGICA E DESINFECÇÃO DE SUPERFÍCIES.;;0;;;0;1,H,C;0;31448;16;5;;2129;False
licitacoes;<b>Processo </b>2022003827/2022;Adesão à ata de registro de preço ou participação(carona) em Pregão de Outros Órgãos;ADESAO A REG DE PRECOS (EXT);Homologada;SECRETARIA MUNICIPAL DE INFRAESTRUTURA E SERVIÇOS PÚBLICOS;3500;2022-04-26;;2022003827;2022;2022-04-26;;;;;11709.19;11709.19;CONTRATAÇÃO DE SERVIÇO DE DESCONTAMINAÇÃO MICROBIOLÓGICA E DESINFECÇÃO DE SUPERFÍCIES.;;0;;;0;1,H,C;0;31450;16;5;;2129;False
licitacoes;<b>Processo </b>2022003827/2022;Adesão à ata de registro de preço ou participação(carona) em Pregão de Outros Órgãos;ADESAO A REG DE PRECOS (EXT);Homologada;SECRETARIA MUNICIPAL DE INFRAESTRUTURA E SERVIÇOS PÚBLICOS;3500;2022-04-26;;2022003827;2022;2022-04-26;;;;;60020.64;60020.64;CONTRATAÇÃO DE SERVIÇO DE DESCONTAMINAÇÃO MICROBIOLÓGICA E DESINFECÇÃO DE SUPERFÍCIES.;;0;;;0;1,H,C;0;31452;16;5;;2129;False
licitacoes;<b>Processo </b>2022003827/2022;Adesão à ata de registro de preço ou participação(carona) em Pregão de Outros Órgãos;ADESAO A REG DE PRECOS (EXT);Homologada;SECRETARIA MUNICIPAL DE DESENVOLVIMENTO SOCIAL;3700;2022-04-26;;2022003827;2022;2022-04-26;;;;;10391.22;10391.22;CONTRATAÇÃO DE SERVIÇO DE DESCONTAMINAÇÃO MICROBIOLÓGICA E DESINFECÇÃO DE SUPERFÍCIES.;;0;;;0;1,H,C;0;31453;16;5;;2129;False
licitacoes;<b>Processo </b>2022003827/2022;Adesão à ata de registro de preço ou participação(carona) em Pregão de Outros Órgãos;ADESAO A REG DE PRECOS (EXT);Homologada;SECRETARIA MUNICIPAL DE DESENVOLVIMENTO SOCIAL;3700;2022-04-26;;2022003827;2022;2022-04-26;;;;;47510.72;47510.72;CONTRATAÇÃO DE SERVIÇO DE DESCONTAMINAÇÃO MICROBIOLÓGICA E DESINFECÇÃO DE SUPERFÍCIES.;;0;;;0;1,H,C;0;31454;16;5;;2129;False
licitacoes;<b>Processo </b>2022003827/2022;Adesão à ata de registro de preço ou participação(carona) em Pregão de Outros Órgãos;ADESAO A REG DE PRECOS (EXT);Homologada;SECRETARIA MUNICIPAL DE DESENVOLVIMENTO SOCIAL;3700;2022-04-26;;2022003827;2022;2022-04-26;;;;;43122.20;43122.20;CONTRATAÇÃO DE SERVIÇO DE DESCONTAMINAÇÃO MICROBIOLÓGICA E DESINFECÇÃO DE SUPERFÍCIES.;;0;;;0;1,H,C;0;31455;16;5;;2129;False
licitacoes;<b>Processo </b>2022003827/2022;Adesão à ata de registro de preço ou participação(carona) em Pregão de Outros Órgãos;ADESAO A REG DE PRECOS (EXT);Homologada;SECRETARIA MUNICIPAL DE DESENVOLVIMENTO SOCIAL;3700;2022-04-26;;2022003827;2022;2022-04-26;;;;;12845.03;12845.03;CONTRATAÇÃO DE SERVIÇO DE DESCONTAMINAÇÃO MICROBIOLÓGICA E DESINFECÇÃO DE SUPERFÍCIES.;;0;;;0;1,H,C;0;31456;16;5;;2129;False
licitacoes;<b>Processo </b>2022003827/2022;Adesão à ata de registro de preço ou participação(carona) em Pregão de Outros Órgãos;ADESAO A REG DE PRECOS (EXT);Homologada;INSTITUTO MUNICIPAL DE PLANEJAMENTO URBANO DE PALMAS;5200;2022-04-26;;2022003827;2022;2022-04-26;;;;;15483.49;15483.60;CONTRATAÇÃO DE SERVIÇO DE DESCONTAMINAÇÃO MICROBIOLÓGICA E DESINFECÇÃO DE SUPERFÍCIES.;;0;;;0;1,H,C;0;31457;16;5;;2129;False
licitacoes;<b>Processo </b>2022003827/2022;Adesão à ata de registro de preço ou participação(carona) em Pregão de Outros Órgãos;ADESAO A REG DE PRECOS (EXT);Homologada;SECRETARIA MUNICIPAL DE COMUNICAÇÃO;5600;2022-04-26;;2022003827;2022;2022-04-26;;;;;24145.81;24145.81;CONTRATAÇÃO DE SERVIÇO DE DESCONTAMINAÇÃO MICROBIOLÓGICA E DESINFECÇÃO DE SUPERFÍCIES.;;0;;;0;1,H,C;0;31458;16;5;;2129;False
licitacoes;<b>Processo </b>2022003827/2022;Adesão à ata de registro de preço ou participação(carona) em Pregão de Outros Órgãos;ADESAO A REG DE PRECOS (EXT);Homologada;FUNDO MUNICIPAL DE ASSISTÊNCIA SOCIAL;5800;2022-04-26;;2022003827;2022;2022-04-26;;;;;115454.55;115454.54;CONTRATAÇÃO DE SERVIÇO DE DESCONTAMINAÇÃO MICROBIOLÓGICA E DESINFECÇÃO DE SUPERFÍCIES.;;0;;;0;1,H,C;0;31459;16;5;;2129;False
licitacoes;<b>Processo </b>2022003827/2022;Adesão à ata de registro de preço ou participação(carona) em Pregão de Outros Órgãos;ADESAO A REG DE PRECOS (EXT);Homologada;FUNDAÇÃO CULTURAL DE PALMAS;7100;2022-04-26;;2022003827;2022;2022-04-26;;;;;76267.58;76267.58;CONTRATAÇÃO DE SERVIÇO DE DESCONTAMINAÇÃO MICROBIOLÓGICA E DESINFECÇÃO DE SUPERFÍCIES.;;0;;;0;1,H,C;0;31460;16;5;;2129;False
licitacoes;<b>Processo </b>2022003827/2022;Adesão à ata de registro de preço ou participação(carona) em Pregão de Outros Órgãos;ADESAO A REG DE PRECOS (EXT);Homologada;FUNDAÇÃO CULTURAL DE PALMAS;7100;2022-04-26;;2022003827;2022;2022-04-26;;;;;302773.21;302773.20;CONTRATAÇÃO DE SERVIÇO DE DESCONTAMINAÇÃO MICROBIOLÓGICA E DESINFECÇÃO DE SUPERFÍCIES.;;0;;;0;1,H,C;0;31461;16;5;;2129;False
licitacoes;<b>Processo </b>2022003827/2022;Adesão à ata de registro de preço ou participação(carona) em Pregão de Outros Órgãos;ADESAO A REG DE PRECOS (EXT);Homologada;SECRETARIA EXTRAORDINÁRIA DE ASSUNTOS ESTRATÉGICOS, CAPTAÇÃO DE RECURSOS E ENERGIAS SUSTENTÁVEIS;7700;2022-04-26;;2022003827;2022;2022-04-26;;;;;3838.75;3838.74;CONTRATAÇÃO DE SERVIÇO DE DESCONTAMINAÇÃO MICROBIOLÓGICA E DESINFECÇÃO DE SUPERFÍCIES.;;0;;;0;1,H,C;0;31462;16;5;;2129;False
licitacoes;<b>Processo </b>2022003827/2022;Adesão à ata de registro de preço ou participação(carona) em Pregão de Outros Órgãos;ADESAO A REG DE PRECOS (EXT);Homologada;FUNDAÇÃO DE MEIO AMBIENTE DE PALMAS;7800;2022-04-26;;2022003827;2022;2022-04-26;;;;;71296.38;71296.37;CONTRATAÇÃO DE SERVIÇO DE DESCONTAMINAÇÃO MICROBIOLÓGICA E DESINFECÇÃO DE SUPERFÍCIES.;;0;;;0;1,H,C;0;31463;16;5;;2129;False
licitacoes;<b>Processo </b>2022003827/2022;Adesão à ata de registro de preço ou participação(carona) em Pregão de Outros Órgãos;ADESAO A REG DE PRECOS (EXT);Homologada;SECRETARIA MUNICIPAL DE GOVERNO E RELAÇÕES INSTITUCIONAIS;7900;2022-04-26;;2022003827;2022;2022-04-26;;;;;16807.93;16807.93;CONTRATAÇÃO DE SERVIÇO DE DESCONTAMINAÇÃO MICROBIOLÓGICA E DESINFECÇÃO DE SUPERFÍCIES.;;0;;;0;1,H,C;0;31464;16;5;;2129;False
licitacoes;<b>Processo </b>2022003827/2022;Adesão à ata de registro de preço ou participação(carona) em Pregão de Outros Órgãos;ADESAO A REG DE PRECOS (EXT);Homologada;INSTITUTO 20 DE MAIO DE ENSINO, CIÊNCIA E TECNOLOGIA DO MUNICÍPIO DE PALMAS;8500;2022-04-26;;2022003827;2022;2022-04-26;;;;;71296.38;71296.37;CONTRATAÇÃO DE SERVIÇO DE DESCONTAMINAÇÃO MICROBIOLÓGICA E DESINFECÇÃO DE SUPERFÍCIES.;;0;;;0;1,H,C;0;31465;16;5;;2129;False
licitacoes;<b>Processo </b>2022003827/2022;Adesão à ata de registro de preço ou participação(carona) em Pregão de Outros Órgãos;ADESAO A REG DE PRECOS (EXT);Homologada;SECRETARIA MUNICIPAL DA SAÚDE;8600;2022-04-26;;2022003827;2022;2022-04-26;;;;;477789.50;477789.49;CONTRATAÇÃO DE SERVIÇO DE DESCONTAMINAÇÃO MICROBIOLÓGICA E DESINFECÇÃO DE SUPERFÍCIES.;;0;;;0;1,H,C;0;31466;16;5;;2129;False
licitacoes;<b>Processo </b>2022003827/2022;Adesão à ata de registro de preço ou participação(carona) em Pregão de Outros Órgãos;ADESAO A REG DE PRECOS (EXT);Homologada;SECRETARIA MUNICIPAL DA SAÚDE;8600;2022-04-26;;2022003827;2022;2022-04-26;;;;;561177.29;561177.28;CONTRATAÇÃO DE SERVIÇO DE DESCONTAMINAÇÃO MICROBIOLÓGICA E DESINFECÇÃO DE SUPERFÍCIES.;;0;;;0;1,H,C;0;31467;16;5;;2129;False
licitacoes;<b>Processo </b>2022003827/2022;Adesão à ata de registro de preço ou participação(carona) em Pregão de Outros Órgãos;ADESAO A REG DE PRECOS (EXT);Homologada;SECRETARIA MUNICIPAL DA SAÚDE;8600;2022-04-26;;2022003827;2022;2022-04-26;;;;;107589.70;107589.70;CONTRATAÇÃO DE SERVIÇO DE DESCONTAMINAÇÃO MICROBIOLÓGICA E DESINFECÇÃO DE SUPERFÍCIES.;;0;;;0;1,H,C;0;31468;16;5;;2129;False
licitacoes;<b>Processo </b>2022009657/2022;Adesão à ata de registro de preço ou participação(carona) em Pregão de Outros Órgãos;ADESAO A REG DE PRECOS (EXT);Homologada;CASA CIVIL DO MUNICÍPIO DE PALMAS;9300;2022-04-20;;2022009657;2022;2022-04-20;;;;;62504.80;62504.80;AQUISIÇÃO DE MATERIAL DE LIMPEZA, COPA, E COZINHA.;;0;;;0;1,H,C;0;31418;16;5;;2129;False
licitacoes;<b>Processo </b>2022010817/2022;Adesão à ata de registro de preço ou participação(carona) em Pregão de Outros Órgãos;ADESAO A REG DE PREÇOS  (INT);Homologada;INSTITUTO DE PREVIDÊNCIA SOCIAL DO MUNICÍPIO DE PALMAS;6100;2022-04-12;;2022010817;2022;2022-04-12;;;;;151174.13;151174.13;PRESTAÇÃO DE SERVIÇO DE MANUTENÇÃO DE AR CONDICIONADOS.;;0;;;0;1,H,C;0;31387;16;5;;2129;False
licitacoes;000/2022;Pregão Eletrônico;PREGÃO ELETRÔNICO RP;Homologada;SECRETARIA MUNICIPAL DA EDUCAÇÃO;2900;2022-04-12;0;2022000419;2022;2022-04-12;;;;;28889.75;28889.75;"PROCEDIMENTO LICITATÓRIO NA MODALIDADE CHAMADA PUBLICA Nº 01/2022 
OBJETO:AQUISIÇÃO DE GÊNEROS ALIMENTÍCIOS .";;0;;;0;2,A,1,H;0;33625;13;5;;2129;False
licitacoes;<b>Processo </b>2022020631/2022;Adesão à ata de registro de preço ou participação(carona) em Pregão de Outros Órgãos;ADESAO A REG DE PREÇOS  (INT);Homologada;SECRETARIA MUNICIPAL DA HABITAÇÃO;9200;2022-04-11;;2022020631;2022;2022-04-11;;;;;918.70;918.70;ADESÃO A ATA DE REGISTRO DE PREÇOS, SERVIÇO DE CHAVEIRO;;0;;;0;1,H,C;0;31385;16;5;;2129;False
licitacoes;<b>Processo </b>2022000404/2022;Pregão Eletrônico;PREGÃO ELETRÔNICO RP;Homologada;SECRETARIA MUNICIPAL DA EDUCAÇÃO;2900;2022-04-06;;2022000404;2022;2022-04-06;;;;;41242.90;41242.90;AQUISIÇÃO DE GÊNEROS ALIMENTÍCIOS;;0;;;0;2,A,1,H;0;33792;13;5;;2129;False
licitacoes;<b>Processo </b>2022004413/2022;Adesão à ata de registro de preço ou participação(carona) em Pregão de Outros Órgãos;ADESAO A REG DE PREÇOS  (INT);Homologada;FUNDAÇÃO ESCOLA DE SAÚDE PÚBLICA DE PALMAS;9500;2022-04-01;;2022004413;2022;2022-04-01;;;;;30600.00;30600.00;FORNECIMENTO DE LANCHE INDIVIDUAL E COFFEE BREAK.;;0;;;0;1,H,C;0;31367;16;5;;2129;False
licitacoes;<b>Processo </b>2021021041/2022;Pregão Eletrônico;PREGAO ELETRONICO;Homologada;SECRETARIA MUNICIPAL DA EDUCAÇÃO;2900;2022-04-01;;2021021041;2022;2022-05-31;2022-04-13 00:00:00;;;;713739.72;713739.72;CONTRATAÇÃO DE EMPRESA PARA AQUISIÇÃO DE INSTRUMENTOS MUSICAIS, CONFORME TERMOS DE COMPROMISSOS Nº 202003191-5 E 202101406-5 ? FNDE, PARA A UNIDADES EDUCACIONAIS.;;0;;;0;2,A;0;31369;13;5;;2129;False
licitacoes;<b>Processo </b>2022000408/2022;Pregão Eletrônico;PREGÃO ELETRÔNICO RP;Homologada;SECRETARIA MUNICIPAL DA EDUCAÇÃO;2900;2022-03-31;;2022000408;2022;2022-03-31;;;;;61928.20;61928.20;CONTRATAÇÃO PARA AQUISIÇÃO DE GÊNEROS ALIMENTÍCIOS  - PNAE, PARA ATENDER A DEMANDA DA ACCEI - CMEI CHAPEUZINHO VERMELHO, NO EXERCÍCIO DE 2022. PROCEDIMENTO ORIGINÁRIO DO PREGÃO ELETRÔNICO/SRP N° 01/2022 - POLO ACE ETI PADRE JOSIMO MORAES TAVARES.;;0;;;0;2,A,1,H;0;33527;13;5;;2129;False
licitacoes;<b>Processo </b>2022000432/2022;Pregão Eletrônico;PREGÃO ELETRÔNICO RP;Homologada;SECRETARIA MUNICIPAL DA EDUCAÇÃO;2900;2022-03-31;;2022000432;2022;2022-04-03;;;;;59262.59;59262.59;AQUISIÇÃO DE GÊNEROS ALIMENTÍCIOS;;0;;;0;2,A,1,H;0;33592;13;5;;2129;False
licitacoes;<b>Processo </b>2022000431/2022;Pregão Eletrônico;PREGÃO ELETRÔNICO RP;Homologada;SECRETARIA MUNICIPAL DA EDUCAÇÃO;2900;2022-03-31;;2022000431;2022;2022-03-31;;;;;88398.50;88398.50;AQUISIÇÃO DE GENEROS ALIMENTICIOS;;0;;;0;2,A,1,H;0;33751;13;5;;2129;False
licitacoes;000/2022;Pregão Eletrônico;PREGÃO ELETRÔNICO RP;Homologada;SECRETARIA MUNICIPAL DA EDUCAÇÃO;2900;2022-03-30;0;2022000318;2022;;;;;;74180.90;29622.18;"CONTRATAÇÃO PARA AQUISIÇÃO DE GÊNEROS ALIMENTÍCIOS - PNAE, PARA ATENDER A DEMANDA DA ESCOLA MUNICIPAL MONTEIRO LOBATO, NO EXERCICIO DE 2022.
PROCEDIMENTO ORIGINÁRIO DO PREGÃO ELETRONICO SRP N° 022/2022 - POLO 1 - REGIÃO CENTRAL (ETI ALMIRANTE TAMANDARÉ)";;0;;;0;2,A,1,H;0;33528;13;5;;2129;False
licitacoes;<b>Processo </b>2022000265/2022;Pregão Eletrônico;PREGÃO ELETRÔNICO RP;Homologada;SECRETARIA MUNICIPAL DA EDUCAÇÃO;2900;2022-03-29;;2022000265;2022;2022-03-29;;;;;2753183.38;629633.38;CONTRATAÇÃO PARA AQUISIÇÃO DE GÊNEROS ALIMENTÍCIOS - PNAE, PARA ATENDER A DEMANDA DA ETI CAROLINE CAMPELO, NO EXERCÍCIO DE 2022. PROCEDIMENTO ORIGINÁRIO DO PREGÃO ELETRÊNICO SRP N° 001/2022. POLO 4 - ACE ETI CAROLINE CAMPELO CRUZ DA SILVA.;;0;;;0;2,A,1,H;0;33642;13;5;;2129;False
licitacoes;<b>Processo </b>2022000426/2022;Pregão Eletrônico;PREGÃO ELETRÔNICO RP;Homologada;SECRETARIA MUNICIPAL DA EDUCAÇÃO;2900;2022-03-29;;2022000426;2022;2022-03-29;;;;;44017.36;44017.36;CONTRATAÇÃO PARA AQUISIÇÃO DE GÊNEROS ALIMENTÍCIOS;;0;;;0;2,A,1,H;0;33709;13;5;;2129;False
licitacoes;<b>Processo </b>2022000312/2022;Pregão Eletrônico;PREGÃO ELETRÔNICO RP;Homologada;SECRETARIA MUNICIPAL DA EDUCAÇÃO;2900;2022-03-29;;2022000312;2022;2022-03-29;;;;;81474.55;81474.55;AQUISIÇÃO DE GENEROS ALIMENTICIO;;0;;;0;2,A,1,H;0;33713;13;5;;2129;False
licitacoes;<b>Processo </b>2022000299/2022;Pregão Eletrônico;PREGÃO ELETRÔNICO RP;Homologada;SECRETARIA MUNICIPAL DA EDUCAÇÃO;2900;2022-02-27;;2022000299;2022;2023-02-27;;;;;167118.00;167118.00;AGRICULTURA FAMILIAR - MERENDA ESCOLAR;;0;;;0;2,A,1,H;0;33639;13;5;;2129;False
licitacoes;<b>Processo </b>2021058179/2022;Adesão à ata de registro de preço ou participação(carona) em Pregão de Outros Órgãos;ADESAO A REG DE PRECOS (EXT);Homologada;INSTITUTO DE PREVIDÊNCIA SOCIAL DO MUNICÍPIO DE PALMAS;6100;2022-02-23;;2021058179;2022;2022-02-23;;;;;103766.79;87775.27;AQUISIÇÃO E INSTALAÇÃO DE CONDICIONADORES DE AR.;;0;;;0;1,H,C;0;31046;16;5;;2129;False
licitacoes;<b>Processo </b>2021078886/2022;Adesão à ata de registro de preço ou participação(carona) em Pregão de Outros Órgãos;ADESAO A REG DE PRECOS (EXT);Homologada;SECRETARIA MUNICIPAL DE DESENVOLVIMENTO ECONÔMICO E EMPREGO;2600;2022-02-23;;2021078886;2022;2022-02-23;;;;;94290.46;82844.00;AQUISIÇÃO DE MÓVEIS.;;0;;;0;1,H,C;0;31059;16;5;;2129;False
licitacoes;<b>Processo </b>2022000426/2022;Pregão Eletrônico;PREGÃO ELETRÔNICO RP;Homologada;SECRETARIA MUNICIPAL DA EDUCAÇÃO;2900;2022-02-22;;2022000426;2022;2022-02-22;;;;;27964.85;27964.85;AQUISIÇÃO DE GENEROS ALIMENTICIOS;;0;;;0;2,A,1,H;0;33678;13;5;;2129;False
licitacoes;<b>Processo </b>2020035459/2022;Adesão à ata de registro de preço ou participação(carona) em Pregão de Outros Órgãos;ADESAO A REG DE PRECOS (EXT);Homologada;SECRETARIA MUNICIPAL DA SAÚDE;8600;2022-02-21;;2020035459;2022;2022-02-21;;;;;12000.00;12000.00;"PRESTAÇÃO DE SERVIÇOS DE TELEFONIA  MÓVEL 
REFERÊNCIA: VALOR ESTIMADO REFERENTE JANEIRO A ABRIL DE 2022
SEMUS";;0;;;0;1,H,C;0;31008;16;5;;2129;False
licitacoes;<b>Processo </b>2021042332/2022;Adesão à ata de registro de preço ou participação(carona) em Pregão de Outros Órgãos;ADESAO A REG DE PRECOS (EXT);Homologada;AGÊNCIA DE TECNOLOGIA DA INFORMAÇÃO DO  MUNICÍPIO  DE  PALMAS;9600;2022-02-15;;2021042332;2022;2022-02-15;;;;;186300.00;186300.00;AQUISIÇÃO DE COMPUTADORES.;;0;;;0;1,H,C;0;30858;16;5;;2129;False
licitacoes;<b>Processo </b>2021045453/2022;Adesão à ata de registro de preço ou participação(carona) em Pregão de Outros Órgãos;ADESAO A REG DE PRECOS (EXT);Homologada;SECRETARIA MUNICIPAL DA EDUCAÇÃO;2900;2022-02-11;;2021045453;2022;2022-02-11;;;;;19736.80;19736.80;TREINAMENTO DE CAPACITAÇÃO;;0;;;0;1,H,C;0;30798;16;5;;2129;False
licitacoes;<b>Processo </b>2022000432/2022;Pregão Eletrônico;PREGÃO ELETRÔNICO RP;Homologada;SECRETARIA MUNICIPAL DA EDUCAÇÃO;2900;2022-02-08;;2022000432;2022;2022-02-08;;;;;30353.53;30353.53;PROCEDIMENTO LICITATÓRIO NA MODALIDADE DISPENSA DE LICITAÇÃO N° 002/2022. OBJETO: AQUISIÇÃO DE GÊNEROS ALIMENTÍCIOS;;0;;;0;2,A,1,H;0;33566;13;5;;2129;False
licitacoes;<b>Processo </b>2022000297/2022;Pregão Eletrônico;PREGÃO ELETRÔNICO RP;Homologada;SECRETARIA MUNICIPAL DA EDUCAÇÃO;2900;2022-01-31;;2022000297;2022;2022-01-31;;;;;96233.26;96233.26;"PROCEDIMENTO ADMINISTRATIVO - CONTRATAÇÃO DIRETA (DISPENSA EM RAZÃO DO VALOR) N° 002/2022.
OBJETO: AQUISIÇÃO DE GÊNEROS ALIMENTÍCIOS.";;0;;;0;2,A,1,H;0;33791;13;5;;2129;False
licitacoes;<b>Processo </b>2022000265/2022;Pregão Eletrônico;PREGÃO ELETRÔNICO RP;Homologada;SECRETARIA MUNICIPAL DA EDUCAÇÃO;2900;2022-01-01;;2022000265;2022;;;;;;0.00;0.00;"CONTRATAÇÃO PARA AQUISIÇÃO DE GÊNEROS ALIMENTÍCIOS-PNAE
PARA ATENDER A DEMANDA DA ESCOLA MUNICIPAL DE TEMPO INTEGRAL
CAROLNE CAMPELO CRUZ DA SILVA NO EXERCÍCIO DE 2022-ATA DE REGISTRO DE PREÇO.";;0;;;0;2,A,1,H,B;0;33578;13;5;;2129;False
licitacoes;<b>Processo </b>2022000265/2022;Pregão Eletrônico;PREGÃO ELETRÔNICO RP;Homologada;SECRETARIA MUNICIPAL DA EDUCAÇÃO;2900;2022-01-01;;2022000265;2022;2022-08-29;;;;;108214.50;108214.50;"CONTRATAÇÃO PARA AQUISIÇÃO DE GÊNEROS ALIMENTÍCIOS-PNAE
PARA ATENDER A DEMANDA DA ESCOLA MUNICIPAL DE TEMPO INTEGRAL
CAROLINE CAMPELO CRUZ DA SILVA NO EXERCÍCIO DE 2022-ATA DE 
REGISTRO DE PREÇO.";;0;;;0;2,A,1,H;0;33596;13;5;;2129;False
licitacoes;000/2022;Pregão Eletrônico;PREGÃO ELETRÔNICO RP;Homologada;SECRETARIA MUNICIPAL DA EDUCAÇÃO;2900;2022-01-01;0;2022000413;2022;2022-01-01;;;;;23906.50;23906.50;"PROCEDIMENTO LICITATÓRIO NA NORMALIDADE
DISPENSA DE LICITAÇÃO N° 005/2022. GÊNEROS
ALIMENTÍCIOS.";;0;;;0;2,A,1,H;0;33626;13;5;;2129;False
licitacoes;<b>Processo </b>2022000414/2022;Pregão Eletrônico;PREGÃO ELETRÔNICO RP;Homologada;SECRETARIA MUNICIPAL DA EDUCAÇÃO;2900;2022-01-01;;2022000414;2022;2022-07-26;;;;;24425.80;24425.80;"PROCEDIMENTO LICITATÓRIO NA MODALIDADE
DISPENSA DE LICITAÇÃO N° 005/2022. GÊNEROS
ALIMENTÍCIOS.";;0;;;0;2,A,1,H;0;33701;13;5;;2129;False
licitacoes;<b>Processo </b>2022000414/2022;Pregão Eletrônico;PREGÃO ELETRÔNICO RP;Homologada;SECRETARIA MUNICIPAL DA EDUCAÇÃO;2900;2022-01-01;;2022000414;2022;;;;;;0.00;0.00;"PROCEDIMENTO LICITATÓRIO NA MODALIDADE
DISPENSA DE LICITAÇÃO N° 005/2022. GÊNEROS
ALIMENTÍCIOS.";;0;;;0;2,A,1,H,B;0;33750;13;5;;2129;False
licitacoes;<b>Processo </b>2022000426/2022;Pregão Eletrônico;PREGÃO ELETRÔNICO RP;Homologada;SECRETARIA MUNICIPAL DA EDUCAÇÃO;2900;2022-01-01;;2022000426;2022;2022-11-11;;;;;1958.00;1958.00;"CONTRATO PARA AQUISIÇÃO DE GÊNEROS ALIMENTÍCIOS -PNAE
PARA ATENDER A DEMANDA DA ACCEI CMEI MIUDINHOS ,NO EXERCÍCIOS DE 2022
-PREGÃO ELETRÔNICO/SRP";;0;;;0;2,A,1,H;0;33785;13;5;;2129;False
licitacoes;<b>Processo </b>2022000414/2022;Pregão Eletrônico;PREGÃO ELETRÔNICO RP;Homologada;SECRETARIA MUNICIPAL DA EDUCAÇÃO;2900;2022-01-01;;2022000414;2022;2022-01-20;;;;;18701.61;18701.61;"PROCEDIMENTO LICITATÓRIO NA MODALIDADE
DISPENSA DE LICITAÇÃO N° 003/2022. 
MERENDA ESCOLAR.";;0;;;0;2,A,1,H;0;33786;13;5;;2129;False
licitacoes;<b>Processo </b>2022000414/2022;Pregão Eletrônico;PREGÃO ELETRÔNICO RP;Homologada;SECRETARIA MUNICIPAL DA EDUCAÇÃO;2900;2022-01-01;;2022000414;2022;2022-10-17;;;;;13733.80;13658.80;"CONTRATAÇÃO PARA AQUISIÇÃO DE GÊNEROS ALIMENTICIOS-PNAE,
PARA ATENDER A DEMANDA DA ACCEI CMAEI CONTOS DE FADA, NO EXERCICIO DE
2022-PREGÃO ELETRONICO/SRP N°022/2022 -ATA DE REGISTRO DE PREÇOS N° 002/2022. POLO 2-
ETI PADRE JOSIMO TAVARES.";;0;;;0;2,A,1,H;0;33794;13;5;;2129;False
licitacoes;<b>Processo </b>2022000305/2022;Pregão Eletrônico;PREGÃO ELETRÔNICO RP;Homologada;SECRETARIA MUNICIPAL DA EDUCAÇÃO;2900;2022-01-01;;2022000305;2022;2022-05-26;;;;;37438.13;37438.13;AQUISIÇÃO GÊNEROS ALIMENTÍCIOS;;0;;;0;2,A,1,H;0;33795;13;5;;2129;False
licitacoes;<b>Processo </b>2022000411/2022;Pregão Eletrônico;PREGÃO ELETRÔNICO RP;Homologada;SECRETARIA MUNICIPAL DA EDUCAÇÃO;2900;2022-01-01;;2022000411;2022;2022-01-01;;;;;30311.20;30311.20;"PROCEDIMENTO LICITATORIO NA MODALIDADE
CHAMADA PUBLICA N°001/2022.
GÊNERO ALIMENTICIO";;0;;;0;2,A,1,H;0;34014;13;5;;2129;False
licitacoes;<b>Processo </b>2022000411/2022;Pregão Eletrônico;PREGÃO ELETRÔNICO RP;Homologada;SECRETARIA MUNICIPAL DA EDUCAÇÃO;2900;2022-01-01;;2022000411;2022;2022-08-15;;;;;37429.70;37429.70;"PROCEDIMENTO LICITATORIO NA MODALIDADE
DISPENSA DE LICITAÇÃO 005/2022
OBJETO: AQUISIÇÃO DE GÊNEROS ALIMENTICIOS";;0;;;0;2,A,1,H;0;34073;13;5;;2129;False
licitacoes;086/2021;Pregão Eletrônico;;Homologada;SECRETARIA MUNICIPAL DE DESENVOLVIMENTO SOCIAL;3700;2021-12-20;86;2021028266;2021;2022-05-11;2021-12-30 00:00:00;;;;69930.80;;CONTRATAÇÃO DE EMPRESA ESPECIALIZADA EM CONFECÇÃO DE MATERIAL GRÁFICO E DIVULGAÇÃO, BEM COMO CONFECÇÃO DE CAMISETAS, BONÉS, CANECAS E OUTROS;;0;;;0;0;0;30576;13;5;;2129;False
licitacoes;085/2021;Pregão Eletrônico;;Homologada;SECRETARIA MUNICIPAL DE SEGURANCA E MOBILIDADE URBANA;1200;2021-12-16;85;2021031682;2021;2022-03-28;2021-12-28 00:00:00;;;;39013.23;;A CONTRATAÇÃO DE EMPRESA PARA AQUISIÇÃO DE INSTRUMENTOS MUSICAIS PARA O PROGRAMA SOCIOCULTURAL DE SEGURANÇA PREVENTIVA DA GUARDA METROPOLITANA DE PALMAS.;;0;;;0;0;0;30561;13;5;;2129;False
licitacoes;084/2021;Pregão Eletrônico;;Homologada;SECRETARIA MUNICIPAL DE SEGURANCA E MOBILIDADE URBANA;1200;2021-12-17;84;2021003401;2021;2022-10-17;2022-01-04 00:00:00;;;;17689999.98;;FUTURA CONTRATAÇÃO DE EMPRESA ESPECIALIZADA PARA FORNECIMENTO, IMPLANTAÇÃO, ATUALIZAÇÃO, OPERACIONALIZAÇÃO E MANUTENÇÃO DE EQUIPAMENTOS DE SINALIZAÇÃO SEMAFÓRICA DA REDE DE CONTROLE DE TRÁFEGO DO MUNICÍPIO DE PALMAS-TO, NAS CONDIÇÕES, QUANTITATIVOS E ESPECIFICAÇÕES ESTABELECIDAS NO EDITAL E SEUS ANEXOS.;;0;;;0;0;0;30565;13;5;;2129;False
licitacoes;083/2021;Pregão Eletrônico;;Homologada;FUNDAÇÃO CULTURAL DE PALMAS;7100;2021-12-14;83;2021040490;2021;2022-02-24;2021-12-27 00:00:00;;;;98170.90;;AQUISIÇÃO DE MATERIAIS DE ÁUDIO VISUAL;;0;;;0;0;0;30555;13;5;;2129;False
licitacoes;082/2021;Pregão Eletrônico;;Homologada;SECRETARIA MUNICIPAL DE INFRAESTRUTURA E SERVIÇOS PÚBLICOS;3500;2021-12-06;82;2021063505;2021;2022-01-19;2021-12-16 00:00:00;;;;43560000.00;;REGISTRO DE PREÇOS PARA AQUISIÇÃO DE CBUQ-CONCRETO BETUMINOSO USINADO A QUENTE;;0;;;0;0;0;30505;13;5;;2129;False
licitacoes;081/2021;Pregão Eletrônico;;Homologada;SECRETARIA MUNICIPAL DA FAZENDA E TRANSFORMAÇÃO DIGITAL;2700;2021-11-25;81;2021042479;2021;2022-02-14;2021-12-09 00:00:00;;;;225915.20;;AQUISIÇÃO DE ÁGUA E GELO PARA ATENDER A PREFEITURA DE PALMAS-TO;;0;;;0;0;0;30468;13;5;;2129;False
licitacoes;080/2021;Pregão Eletrônico;;Homologada;SECRETARIA MUNICIPAL DA SAÚDE;8600;2021-11-25;80;2021055344;2021;2022-02-16;2021-12-08 00:00:00;;;;134960.40;;AQUISIÇÃO DE MEDICAMENTOS PARA ATENDER A GERÊNCIA DA UNIDADE DE VIGILÂNCIA E CONTROLE DE ZOONOSES;;0;;;0;0;0;30467;13;5;;2129;False
licitacoes;079/2021;Pregão Eletrônico;PREGÃO ELETRÔNICO RP;Aberta;SECRETARIA MUNICIPAL DA FAZENDA E TRANSFORMAÇÃO DIGITAL;2700;2022-10-11;79;2021041293;2021;;2022-10-24 00:00:00;;;;0.00;0.00;FUTURA CONTRATAÇÃO DE EMPRESA ESPECIALIZADA NA PRESTAÇÃO DE SERVIÇOS DE OUTSOURCING DE IMPRESSÃO DEPARTAMENTAL, COM FORNECIMENTO DE MULTIFUNCIONAIS, SCANNER, PLOTTER E IMPRESSORAS, INCLUINDO PAPEL, TONERS, PEÇAS, INSUMOS E ASSISTÊNCIA TÉCNICA, PARA ATENDER AS DEMANDAS DO MUNICÍPIO DE PALMAS, NAS CONDIÇÕES, QUANTITATIVOS E ESPECIFICAÇÕES ESTABELECIDAS NO EDITAL E SEUS ANEXOS.;;0;;;0;2,E;0;30472;13;1;;2129;False
licitacoes;078/2021;Pregão Eletrônico;PREGÃO ELETRÔNICO RP;Homologada;SECRETARIA MUNICIPAL DA FAZENDA E TRANSFORMAÇÃO DIGITAL;2700;2022-01-14;78;2021032396;2021;2022-03-09;2022-01-27 00:00:00;;;;1190082.10;1190082.10;A FUTURA CONTRATAÇÃO DOS SERVIÇOS DE CHAVEIRO COM FORNECIMENTO DE MATERIAIS.;;0;;;0;0;0;30455;13;5;;2129;False
licitacoes;078/2021;Pregão Eletrônico;PREGAO ELETRONICO;Homologada;FUNDAÇÃO CULTURAL DE PALMAS;7100;2022-01-14;78;202216780;2021;2022-04-12;;;;;8697.94;8697.94;PRESTAÇÃO DE SERVIÇOS DE CHAVEIRO COM FORNECIMENTO DE MATERIAIS.;;0;;;0;2,A;0;31394;13;5;;2129;False
licitacoes;077/2021;Pregão Eletrônico;;Homologada;SECRETARIA MUNICIPAL DA EDUCAÇÃO;2900;2021-11-19;77;2021050643;2021;2021-12-28;2021-12-02 00:00:00;;;;1870790.79;;AQUISIÇÃO DE BENS E EQUIPAMENTOS DE INFORMÁTICA PARA ATENDIMENTO DOS SETORES DA SECRETARIA MUNICIPAL DA EDUCAÇÃO DE PALMAS -TO, CONFORME QUANTIDADES, ESPECIFICAÇÕES TÉCNICAS E CONDIÇÕES, ESTABELECIDAS NO EDITAL E SEUS ANEXOS.;;0;;;0;0;0;30403;13;5;;2129;False
licitacoes;076/2021;Pregão Eletrônico;;Homologada;FUNDO MUNICIPAL DE ASSISTÊNCIA SOCIAL;5800;2021-11-18;76;2021049073;2021;2022-02-16;2021-12-02 00:00:00;;;;3127200.00;;CONTRATAÇÃO DE EMPRESA ESPECIALIZADA NO FORNECIMENTO PARCELADO DE CESTAS BÁSICAS, PARA ATENDER A DEMANDA DA ASSISTENCIA SOCIAL.;;0;;;0;0;0;30395;13;5;;2129;False
licitacoes;075/2021;Pregão Eletrônico;;Homologada;SECRETARIA MUNICIPAL DA SAÚDE;8600;2021-11-17;75;2021051516;2021;2022-03-08;2021-11-30 00:00:00;;;;227076.04;;FUTURA AQUISIÇÃO DE INSUMOS (FITAS E TIRAS REAGENTES, AGULHAS E LANCETAS) PARA ATENDER DEMANDAS JUDICIAS;;0;;;0;0;0;30392;13;5;;2129;False
licitacoes;074/2021;Pregão Eletrônico;;Homologada;SECRETARIA MUNICIPAL DA SAÚDE;8600;2021-11-18;74;2021052657;2021;2022-02-16;2021-12-02 00:00:00;;;;152066.00;;AQUISIÇÃO DE FÓRMULA/DIETA ALIMENTAR PARA ATENDER PACIENTES DE DEMANDA JUDICIAL CONTÍNUA.;;0;;;0;0;0;30399;13;5;;2129;False
licitacoes;073/2021;Pregão Eletrônico;PREGÃO ELETRÔNICO RP;Homologada;FUNDO MUNICIPAL DE ASSISTÊNCIA SOCIAL;5800;2022-02-10;73;2020061041;2021;2022-05-24;2022-02-22 00:00:00;;;;300248.00;155400.00;FUTURA, EVENTUAL E PARCELADA AQUISIÇÃO DE KIT NATALIDADE, COMPOSTO COM OS ITENS, CONFORME QUADRO DETALHADO DESCRITO NO ANEXO I ? ESPECIFICAÇÕES DO OBJETO DO EDITAL, PARA ATENDER AS FAMÍLIAS EM SITUAÇÃO DE VULNERABILIDADE SOCIAL DESTA MUNICIPALIDADE;;0;;;0;0;0;30378;13;5;;2129;False
licitacoes;072/2021;Pregão Eletrônico;;Homologada;SECRETARIA MUNICIPAL DA EDUCAÇÃO;2900;2021-10-28;72;2021037230;2021;2021-12-20;2021-11-11 00:00:00;;;;234500.01;;AQUISIÇÃO E INSTALAÇÃO DE APARELHOS DE AR CONDICIONADO 18.000 BTUS.;;0;;;0;0;0;30261;13;5;;2129;False
licitacoes;071/2021;Pregão Eletrônico;;Homologada;SECRETARIA MUNICIPAL DE DESENVOLVIMENTO SOCIAL;3700;2021-10-20;71;2021044917;2021;2021-11-25;2021-11-03 00:00:00;;;;28000.00;;CONTRATAÇÃO DE EMPRESA ESPECIALIZADA NA MANUTENÇÃO, CONSERVAÇÃO E LIMPEZA DA PISCINA DO PARQUE DO IDOSO.;;0;;;0;0;0;30163;13;5;;2129;False
licitacoes;070/2021;Pregão Eletrônico;;Aberta;SECRETARIA MUNICIPAL DE INFRAESTRUTURA E SERVIÇOS PÚBLICOS;3500;2021-10-14;70;2021040950;2021;;2021-10-27 00:00:00;;;;31584.00;;FUTURA AQUISIÇÃO DE ESTACAS DE EUCALIPTO TRATADO.;;0;;;0;0;0;30114;13;1;;2129;False
licitacoes;069/2021;Pregão Eletrônico;;Aberta;SECRETARIA MUNICIPAL DE SEGURANCA E MOBILIDADE URBANA;1200;2021-10-07;69;2021032649;2021;;2021-10-22 00:00:00;;;;;;FUTURA AQUISIÇÃO DE MATERIAIS E SERVIÇOS PARA SINALIZAÇÃO VIÁRIA HORIZONTAL E VERTICAL.;;0;;;0;0;0;30104;13;1;;2129;False
licitacoes;068/2021;Pregão Eletrônico;;Homologada;SECRETARIA MUNICIPAL DE INFRAESTRUTURA E SERVIÇOS PÚBLICOS;3500;2021-10-06;68;2021040953;2021;2022-03-10;2021-10-21 00:00:00;;;;302400.00;;AQUISIÇÃO DE ADUBOS, FERTILIZANTES E OUTROS, PARA ATENDER A EXPANSÃO DE PAISAGISMO EM NOVAS ÁREAS E AVENIDAS, ASSIM COMO A REVITALIZAÇÃO DOS CANTEIROS CENTRAIS, ROTATÓRIAS, PRAÇAS, PARQUES, PRAIAS E CEMITÉRIOS PÚBLICOS DENTRO DO PERÍMETRO URBANO DO MUNÍCIPIO DE PALMAS/TO.;;0;;;0;0;0;30102;13;5;;2129;False
licitacoes;067/2021;Pregão Eletrônico;;Homologada;SECRETARIA MUNICIPAL DE INFRAESTRUTURA E SERVIÇOS PÚBLICOS;3500;2021-10-29;67;2021045434;2021;2021-12-23;2021-11-11 00:00:00;;;;1096356.00;;FUTURA AQUISIÇÃO DE CONCRETO USINADO PARA CONSTRUÇÃO E REPARO DE PASSEIOS E OUTROS SERVIÇOS AFINS, PARA ATENDER AS DEMANDAS DA SECRETARIA MUNICIPAL DE INFRAESTRUTURA E SERVIÇOS PÚBLICOS;;0;;;0;0;0;30101;13;5;;2129;False
licitacoes;066/2021;Pregão Eletrônico;;Homologada;SECRETARIA MUNICIPAL DE INFRAESTRUTURA E SERVIÇOS PÚBLICOS;3500;2021-10-01;66;2021030217;2021;2022-03-08;2021-10-15 00:00:00;;;;48000.00;;CONTRATAÇÃO DE SERVIÇOS DE CONSULTORIA PARA A ADEQUAÇÃO E REVISÃO DO PLANO MUNICIPAL DE RESÍDUOS SÓLIDOS (PMRS), NAS CONDIÇÕES, QUANTITATIVOS E ESPECIFICAÇÕES ESTABELECIDAS NO EDITAL E SEUS ANEXOS.;;0;;;0;0;0;30094;13;5;;2129;False
licitacoes;065/2021;Pregão Eletrônico;;Homologada;SECRETARIA MUNICIPAL DA SAÚDE;8600;2021-09-30;65;2021040739;2021;2021-11-26;2021-10-08 00:00:00;;;;203315.75;;AQUISIÇÃO DE EQUIPAMENTOS MÉDICO HOSPITALARES UTILIZADOS PARA ATENDIMENTO DOS PACIENTES QUE UTILIZAM O ATENDIMENTO DAS UNIDADES DE SAÚDE, NO QUE TANGE À PANDEMIA DE COVID-19, PARA ATENDER ÀS NECESSIDADES DA SECRETARIA MUNICIPAL DE SAÚDE,;;0;;;0;0;0;30087;13;5;;2129;False
licitacoes;064/2021;Pregão Eletrônico;;Homologada;SECRETARIA MUNICIPAL DE INFRAESTRUTURA E SERVIÇOS PÚBLICOS;3500;2021-09-29;64;2021029136;2021;2021-11-22;2021-10-18 00:00:00;;;;504577.00;;"AQUISIÇÃO DE SEMENTES E MUDAS DE FLORES TIPO "" PLUGS""";;0;;;0;0;0;30090;13;5;;2129;False
licitacoes;063/2021;Pregão Eletrônico;;Homologada;SECRETARIA MUNICIPAL DE DESENVOLVIMENTO RURAL;3300;2021-09-27;63;2021029475;2021;2021-11-08;2021-10-13 00:00:00;;;;43442.98;;AQUISIÇÃO DE HORMÔNIOS DE PROTOCOLOS PARA UTILIZAÇÃO NAS BIOTECNOLOGIAS DE INSEMINAÇÃO ARTIFICIAL EM TEMPO FIXO (IATF) E OUTROS INSUMOS PARA REALIZAR O MELHORAMENTO GENÉTICO DO REBANHO LEITEIRO DE PALMAS.;;0;;;0;0;0;30073;13;5;;2129;False
licitacoes;062/2021;Pregão Eletrônico;;Homologada;SECRETARIA MUNICIPAL DE INFRAESTRUTURA E SERVIÇOS PÚBLICOS;3500;2021-09-24;62;2021031967;2021;2022-04-28;2021-10-14 00:00:00;;;;2309708.90;;REGISTRO DE PREÇOS PARA AQUISIÇÃO DE MATERIAIS ELÉTRICOS;;0;;;0;0;0;30072;13;5;;2129;False
licitacoes;061/2021;Pregão Eletrônico;;Homologada;FUNDO MUNICIPAL DE ASSISTÊNCIA SOCIAL;5800;2021-09-24;61;2021024794;2021;2021-11-30;2021-10-13 00:00:00;;;;531722.65;;AQUISIÇÃO DE GÊNEROS ALIMENTICIOS PERECÍVEIS E NÃO PERECÍVEIS PAR AATENDER AS DEMANDAS DOS EQUIPAMENTOS DAS DIRETORIAS BÁSICA E ESPECIALIZADA;;0;;;0;0;0;30068;13;5;;2129;False
licitacoes;060/2021;Pregão Eletrônico;;Homologada;SECRETARIA MUNICIPAL DA SAÚDE;8600;2021-09-13;60;2021043338;2021;2022-03-08;2021-09-23 00:00:00;;;;1221125.30;;FUTURA AQUISIÇÃO DE MATERIAL DE CONSUMO E PERMANENTE PARA ATENDER AO SERVIÇO DE ATENDIMENTO MÓVEL URGÊNCIA - SAMU, NAS CONDIÇÕES, QUANTITATIVOS E ESPECIFICAÇÕES ESTABELECIDAS NO EDITAL E SEUS ANEXOS;;0;;;0;0;0;29985;13;5;;2129;False
licitacoes;059/2021;Pregão Eletrônico;;Homologada;SECRETARIA MUNICIPAL DA EDUCAÇÃO;2900;2021-09-10;59;2021009986;2021;2021-11-09;2021-09-23 00:00:00;;;;108344.50;;CONTRATAÇÃO DE EMPRESA PARA FORNECIMENTO DE PASSAGENS AÉREAS EM ÂMBITO NACIONAL E INTERNACIONAL, COMPREENDENDO A RESERVA, EMISSÃO, REMARCAÇÃO, ENDOSSO E ENTREGA DE BILHETES (MANUAL OU ELETRÔNICO), MARCAÇÃO DE ASSENTOS, BEM COMO A EMISSÃO DE SEGURO DE ASSISTÊNCIA EM VIAGEM INTERNACIONAL E DEMAIS SERVIÇOS CORRELATOS PARA ATENDER TODAS AS DEMANDAS DESTA SECRETARIA MUNICIPAL DA EDUCAÇÃO.;;0;;;0;0;0;29977;13;5;;2129;False
licitacoes;058/2021;Pregão Eletrônico;;Homologada;SECRETARIA MUNICIPAL DA SAÚDE;8600;2021-08-31;58;2021037312;2021;2021-12-15;2021-09-15 00:00:00;;;;411318.38;;AQUISIÇÃO DE MATERIAIS E INSUMOS DE LABORATÓRIO, PARA ATENDER A DEMANDA DA DIRETORIA DE VIGILÂNCIA EM SAÚDE ? GERÊNCIA DA UNIDADE DE VIGILÂNCIA E CONTROLE DE ZOONOSES (CCZ) E DA DIRETORIA DE MÉDIA E ALTA COMPLEXIDADE ? LABORATÓRIO DE ANATOMIA PATOLÓGICA E CITOPATOLOGIA E LABORATÓRIO MUNICIPAL DE PALMAS ? SEÇÃO DE MICROSCOPIA;;0;;;0;0;0;29938;13;5;;2129;False
licitacoes;057/2021;Pregão Eletrônico;;Homologada;SECRETARIA MUNICIPAL DE INFRAESTRUTURA E SERVIÇOS PÚBLICOS;3500;2021-08-31;57;2021035085;2021;2021-12-08;2021-09-14 00:00:00;;;;62210.28;;AQUISIÇÃO DE DEFENSIVOS AGRÍCOLAS;;0;;;0;0;0;29934;13;5;;2129;False
licitacoes;055/2021;Pregão Eletrônico;;Homologada;SECRETARIA MUNICIPAL DA SAÚDE;8600;2021-08-27;55;2021033218;2021;2021-11-05;2021-09-13 00:00:00;;;;431060.50;;AQUISIÇÃO DE INSUMOS PARA ATENDER O LABORATÓRIO DA REDE MUNICIPAL DE SAÚDE.;;0;;;0;0;0;29924;13;5;;2129;False
licitacoes;054/2021;Pregão Eletrônico;;Homologada;SECRETARIA MUNICIPAL DA FAZENDA E TRANSFORMAÇÃO DIGITAL;2700;2021-08-26;54;2021022398;2021;2021-10-08;2021-09-13 00:00:00;;;;899137.60;;CONTRATAÇÃO DE EMPRESA ESPECIALIZADA NO FORNECIMENTO DE REFEIÇÕES TIPO LANCHE INDIVIDUAL, ALMOÇO/JANTA TIPO BUFFET E SERVIÇO DE COFFEE BREAK.;;0;;;0;0;0;29923;13;5;;2129;False
licitacoes;053/2021;Pregão Eletrônico;;Homologada;SECRETARIA MUNICIPAL DA SAÚDE;8600;2021-08-24;53;2021015942;2021;2021-11-25;2021-09-03 00:00:00;;;;3344466.00;;AQUISIÇÃO DE MEDICAMENTOS REMUNE II A FIM DE ATENDER A REDE MUNICIPAL DE SAÚDE;;0;;;0;0;0;29905;13;5;;2129;False
licitacoes;052/2021;Pregão Eletrônico;;Homologada;SECRETARIA MUNICIPAL DA SAÚDE;8600;2021-09-28;52;2021034837;2021;2021-11-19;2021-10-06 00:00:00;;;;688230.00;;FUTURA AQUISIÇÃO DE TESTE RÁPIDO PARA DETECÇÃO DE ANTICORPOS IGM E IGG POR IMUNOCROMATOGRAFIA E TESTES ANTÍGENO SWAB (COVID-19).;;0;;;0;0;0;29893;13;5;;2129;False
licitacoes;051/2021;Pregão Eletrônico;;Homologada;SECRETARIA MUNICIPAL DE INFRAESTRUTURA E SERVIÇOS PÚBLICOS;3500;2021-08-20;51;2021037479;2021;2022-08-15;2021-09-01 00:00:00;;;;62694.00;;REGISTRO DE PREÇOS PARA AQUISIÇÃO DE SACOS DE LIXO;;0;;;0;0;0;29882;13;5;;2129;False
licitacoes;050/2021;Pregão Eletrônico;;Homologada;FUNDAÇÃO MUNICIPAL DA JUVENTUDE DE PALMAS;8900;2021-08-27;50;2021034801;2021;2021-11-12;2021-09-10 00:00:00;;;;335990.00;;A CONTRATAÇÃO DE EMPRESA ESPECIALIZADA PARA PRESTAÇÃO DE SERVIÇO NA ÁREA DA EDUCAÇÃO, PARA EXECUTAR AULAS PREPARATÓRIAS PARA VESTIBULAR PARA EXECUÇÃO DO PROJETO VEM ENEM 2021;;0;;;0;0;0;29850;13;5;;2129;False
licitacoes;049/2021;Pregão Eletrônico;;Homologada;SECRETARIA MUNICIPAL DE DESENVOLVIMENTO ECONÔMICO E EMPREGO;2600;2021-08-16;49;2020028541;2021;2021-09-28;2021-08-27 00:00:00;;;;11933.00;;AQUISIÇÃO DE ETIQUETADORAS PRECIFICADORAS, CAIXAS PLÁSTICAS E BALANÇA ELETROMECÂNICA DIGITAL;;0;;;0;0;0;29857;13;5;;2129;False
licitacoes;048/2021;Pregão Eletrônico;;Homologada;SECRETARIA MUNICIPAL DE INFRAESTRUTURA E SERVIÇOS PÚBLICOS;3500;2021-08-11;48;2021035064;2021;2021-09-23;2021-08-24 00:00:00;;;;663040.80;;AQUISIÇÃO DE EQUIPAMENTOS DE GINÁSTICA PARA ACADEMIA AO AR LIVRE/ACADEMIA DA TERCEIRA IDADE - ATI.;;0;;;0;0;0;29829;13;5;;2129;False
licitacoes;047/2021;Pregão Eletrônico;;Homologada;SECRETARIA MUNICIPAL DE INFRAESTRUTURA E SERVIÇOS PÚBLICOS;3500;2021-08-09;47;2021030872;2021;2021-09-20;2021-08-23 00:00:00;;;;118880.00;;REGISTRO DE PREÇOS PARA AQUISIÇÃO DE BANDEIRAS;;0;;;0;0;0;29825;13;5;;2129;False
licitacoes;046/2021;Pregão Eletrônico;;Homologada;SECRETARIA MUNICIPAL DA SAÚDE;8600;2021-08-06;46;2021015943;2021;2022-02-03;2021-08-18 00:00:00;;;;1608147.00;;FUTURA AQUISIÇÃO DE MEDICAMENTOS REMUNE I, A FIM DE ATENDER A REDE MUNICIPAL DE SAÚDE.;;0;;;0;0;0;29819;13;5;;2129;False
licitacoes;045/2021;Pregão Eletrônico;;Homologada;SECRETARIA MUNICIPAL DA SAÚDE;8600;2021-08-03;45;2021015939;2021;2021-12-30;2021-08-16 00:00:00;;;;4970572.60;;FUTURA AQUISIÇÃO DE MEDICAMENTOS REMUME/INJETÁVEIS CONTROLADOS, PARA ATENDER A REDE MUNICIPAL DE SAÚDE.;;0;;;0;0;0;29796;13;5;;2129;False
licitacoes;044/2021;Pregão Eletrônico;;Homologada;SECRETARIA MUNICIPAL DA SAÚDE;8600;2021-07-23;44;2020046518;2021;2021-08-25;2021-08-04 00:00:00;;;;87250.00;;FUTURA CONTRATAÇÃO DE EMPRESA PARA APRESENTAÇÃO DE ESQUETES TEATRAIS, PEÇAS DE TEATRO, EXECUÇÃO DE ESPETÁCULO, TAIS COMO: FIGURINOS, CENÁRIOS, ADEREÇOS, FANTOCHES, ENFATIZANDO A TEMÁTICA TRÂNSITO, TENDO EM VISTA A REALIZAÇÃO DAS AÇÕES DO PROGRAMA VIDA NO TRÂNSITO DA SUPERINTENDÊNCIA DE ATENÇÃO PRIMÁRIA E VIGILÂNCIA EM SAÚDE;;0;;;0;0;0;29725;13;5;;2129;False
licitacoes;043/2021;Pregão Eletrônico;;Homologada;SECRETARIA MUNICIPAL DE DESENVOLVIMENTO ECONÔMICO E EMPREGO;2600;2021-07-19;43;2021024185;2021;2021-09-03;2021-08-02 00:00:00;;;;18666.65;;AQUISIÇÃO DE MAROMBA E BASE GIRATÓRIA  PARA ATENDER O EMPREENDIMENTO CUMBUCA, ASSISTIDO PELO PROJETO DESENVOLVE PALMAS.;;0;;;0;0;0;29681;13;5;;2129;False
licitacoes;042/2021;Pregão Eletrônico;;Homologada;SECRETARIA MUNICIPAL DE INFRAESTRUTURA E SERVIÇOS PÚBLICOS;3500;2021-07-16;42;2021025661;2021;2022-03-24;2021-07-29 00:00:00;;;;342079.50;;AQUISIÇÃO DE PREGO, MADEIRITE, SARRAFO, VIGA DE ANGELIM, CAIBRO, TÁBUA, MANTA GEOTÊXTIL E TUBO PVC FLEXÍVEL, ARAME, BARRA ROSCADA, PORCA E ARRUELA, PARA ATENDER AS DEMANDA DA SECRETARIA MUNICIPAL DE INFRAESTRUTURA E SERVIÇOS PÚBLICOS, CONFORME CONDIÇÕES, QUANTIDADES E EXIGÊNCIAS ESTABELECIDAS NESTE EDITAL E SEUS ANEXOS.;;0;;;0;0;0;29667;13;5;;2129;False
licitacoes;041/2021;Pregão Eletrônico;;Aberta;SECRETARIA MUNICIPAL DE COMUNICAÇÃO;5600;2021-07-15;41;2020065596;2021;;2021-07-27 00:00:00;;;;;;CONTRATAÇÃO DE EMPRESA ESPECIALIZADA PARA PRESTAÇÃO DE SERVIÇO DE CLIPPING TELEVISIVO DE MATÉRIAS JORNALÍSTICAS.;;0;;;0;0;0;29638;13;1;;2129;False
licitacoes;041/2021;Pregão Eletrônico;;Homologada;SECRETARIA MUNICIPAL DE COMUNICAÇÃO;5600;2021-07-15;41;2020065596;2021;2021-10-26;2021-07-27 00:00:00;;;;164320.00;;SERVIÇOS DE COMUNICAÇÃO;;0;;;0;0;0;30207;13;5;;2129;False
licitacoes;040/2021;Pregão Eletrônico;;Homologada;SECRETARIA MUNICIPAL DA SAÚDE;8600;2021-09-24;40;2021016678;2021;2021-11-03;2021-10-08 00:00:00;;;;32239.92;;"A LOCAÇÃO DE 01 (UMA) EMPILHADEIRA COM GARFO, ELÉTRICA PARA ATENDER ÀS NECESSIDADES DO CENTRO DE LOGÍSTICA DA
SECRETÁRIA.";;0;;;0;0;0;29611;13;5;;2129;False
licitacoes;039/2021;Pregão Eletrônico;;Homologada;SECRETARIA MUNICIPAL DA SAÚDE;8600;2021-07-08;39;2021013446;2021;2021-10-14;2021-07-22 00:00:00;;;;3267601.60;;FUTURA AQUISIÇÃO DE MATERIAIS ODONTOLÓGICOS;;0;;;0;0;0;29595;13;5;;2129;False
licitacoes;038/2021;Pregão Eletrônico;;Homologada;SECRETARIA MUNICIPAL DA SAÚDE;8600;2021-07-08;38;2021001733;2021;2021-08-18;2021-07-21 00:00:00;;;;38510.00;;CONTRATAÇÃO DE EMPRESA PARA FORNECIMENTO DE GÁS DE COZINHA DE 13 KG E VASILHAME, PARA ATENDER A SECRETARIA MUNICIPAL DE SAÚDE;;0;;;0;0;0;29596;13;5;;2129;False
licitacoes;037/2021;Pregão Eletrônico;;Homologada;SECRETARIA MUNICIPAL DE DESENVOLVIMENTO ECONÔMICO E EMPREGO;2600;2021-07-08;37;2020029765;2021;2021-10-07;2021-07-22 00:00:00;;;;20800.00;;"CONTRATAÇÃO DE EMPRESA ESPECIALIZADA NO FORNECIMENTO DE PRENSA TÉRMICA MOD.SS-38ª ÁREA DE OPERAÇÃO; 38X38 CM POTÊNCIA 3.2KW TERMÓSTATO DIGITAL TEMPORIZADOR ANALÓGICO VOLTAGEM 220V. PARA O EMPREENDIMENTO DE ARTESANATO E CONFECÇÕES DE VESTUÁRIO ASSISTIDOS PELO PROJETO DESENVOLVE PALMAS.";;0;;;0;0;0;29589;13;5;;2129;False
licitacoes;036/2021;Pregão Eletrônico;;Aberta;SECRETARIA MUNICIPAL DA SAÚDE;8600;2021-07-07;36;2021027626;2021;;2021-07-20 00:00:00;;;;3646615.55;;AQUISIÇÃO DE EQUIPAMENTO E MATERIAL MÉDICO HOSPITALAR PARA ATENDER A REDE MUNICIPAL DE SAÚDE;;0;;;0;0;0;29585;13;1;;2129;False
licitacoes;035/2021;Pregão Eletrônico;;Homologada;SECRETARIA MUNICIPAL DE INFRAESTRUTURA E SERVIÇOS PÚBLICOS;3500;2021-07-08;35;2021001880;2021;2021-08-25;2021-07-20 00:00:00;;;;943800.00;;AQUISIÇÃO DE ARTEFATOS E BLOCOS CERÂMICOS, PARA ATENDER AS DEMANDAS DAS SUPERINTENDÊNCIAS DE OBRAS VIÁRIAS.;;0;;;0;0;0;29471;13;5;;2129;False
licitacoes;034/2021;Pregão Eletrônico;;Homologada;SECRETARIA MUNICIPAL DE SEGURANCA E MOBILIDADE URBANA;1200;2021-07-06;34;2021010367;2021;2021-08-30;2021-07-21 00:00:00;;;;300000.00;;LOCAÇÃO DE 15.000 UNIDADES DE DISCIPLINADORES DE FILA,PARA ATENDER AS DEMANDAS DA SUPERINTÊNDENCIA DE TRÂSITO E TRANSPORTES DE TRÂNSITO E TRANSPORTES, NA CIDADE DE PALMAS/TO;;0;;;0;0;0;29584;13;5;;2129;False
licitacoes;033/2021;Pregão Eletrônico;;Homologada;SECRETARIA MUNICIPAL DA SAÚDE;8600;2021-07-06;33;2021025042;2021;2021-08-19;2021-07-19 00:00:00;;;;19735.08;;RECARGA DE BOTIJÃO DE GÁS COM CAPACIDADE PARA 45 KG, PARA A UNIDADE DE ALIMENTAÇÃO E NUTRIÇÃO DA DIRETORIA DE MÉDIA E ALTA COMPLEXIDADE.;;0;;;0;0;0;29579;13;5;;2129;False
licitacoes;032/2021;Pregão Eletrônico;;Homologada;SECRETARIA MUNICIPAL DE INFRAESTRUTURA E SERVIÇOS PÚBLICOS;3500;2021-07-02;32;2021020534;2021;2022-03-07;2021-07-15 00:00:00;;;;473835.38;;AQUISIÇÃO DE FERRAMENTAS (CARRINHO DE MÃO, PNEU E CÂMARA DE AR, PÁ DE BICO, CABO, PICARETA, BROXA CEPA, COLHER PEDREIRO, MARRETA, TALHADEIRA, PONTEIRO, LINHA PARA PEDREIRO, TRENA, ALAVANCA, MARTELO, SERROTE, PRUMO, CAVADEIRA, TORQUES, FACÃO, ESCADA, CONE, CORDA, MANGUEIRA, BALDE, LIMA, EXTENSÃO, MASSEIRA, LUVA, ROLO, GARFO, EXTENSOR, PINCEL E FITILHO).;;0;;;0;0;0;29564;13;5;;2129;False
licitacoes;031/2021;Pregão Eletrônico;;Homologada;SECRETARIA MUNICIPAL DA SAÚDE;8600;2021-07-01;31;2021007760;2021;2022-03-29;2021-07-15 00:00:00;;;;1134656.70;;CONTRATAÇÃO DE EMPRESA PARA O FORNECIMENTO DE INSULINAS PARA ATENDER PACIENTES USUÁRIOS DO SÚS;;0;;;0;0;0;29560;13;5;;2129;False
licitacoes;030/2021;Pregão Eletrônico;;Homologada;SECRETARIA MUNICIPAL DE DESENVOLVIMENTO ECONÔMICO E EMPREGO;2600;2021-06-29;30;2021022247;2021;2021-10-01;2021-07-15 00:00:00;;;;724729.70;;CONTRATAÇÃO DE EMPRESA ESPECIALIZADA EM LOCAÇÃO DE ESTRUTURAS DE TENDAS, STAND, TABLADO, DISCIPLINADORES E OUTROS;;0;;;0;0;0;29538;13;5;;2129;False
licitacoes;029/2021;Pregão Eletrônico;;Homologada;SECRETARIA MUNICIPAL DE SEGURANCA E MOBILIDADE URBANA;1200;2021-06-29;29;2021011972;2021;2021-09-09;2021-07-14 00:00:00;;;;257541.84;;AQUISIÇÃO DE PISTOLAS CALIBRE 9X19MM PARA REAPARELHAMENTO DA GUARDA METROPOLITANA DE PALMAS;;0;;;0;0;0;29537;13;5;;2129;False
licitacoes;028/2021;Pregão Eletrônico;;Homologada;SECRETARIA MUNICIPAL DE SEGURANCA E MOBILIDADE URBANA;1200;2021-06-29;28;2021026310;2021;2021-08-18;2021-07-13 00:00:00;;;;218196.22;;AQUISIÇÃO DE PISTOLAS CALIBRE 9X19MM E CARABINA .40 PARA REAPARELHAMENTO DA GUARDA METROPOLITANA DE PALMAS;;0;;;0;0;0;29536;13;5;;2129;False
licitacoes;027/2021;Pregão Eletrônico;;Homologada;SECRETARIA MUNICIPAL DA SAÚDE;8600;2021-06-28;27;2021020812;2021;2021-08-12;2021-07-08 00:00:00;;;;358864.40;;FUTURA AQUISIÇÃO DE INSUMOS PARA BOMBA INFUSORA DE INSULINA, PARA ATENDIMENTO A DEMANDA JUDICIAL;;0;;;0;0;0;29529;13;5;;2129;False
licitacoes;025/2021;Pregão Eletrônico;;Aberta;SECRETARIA MUNICIPAL DE INFRAESTRUTURA E SERVIÇOS PÚBLICOS;3500;2021-06-11;25;2021021210;2021;;2021-06-24 00:00:00;;;;;;AQUISIÇÃO DE TAQUEÔMETRO ELETRÔNICO (ESTAÇÃO TOTAL) E DEMAIS ACESSÓRIOS.;;0;;;0;0;0;29428;13;1;;2129;False
licitacoes;024/2021;Pregão Eletrônico;;Homologada;SECRETARIA MUNICIPAL DA SAÚDE;8600;2021-06-01;24;2020042575;2021;2021-08-16;2021-06-16 00:00:00;;;;166906.80;;CONTRATAÇÃO DE EMPRESA ESPECIALIZADA NA PRESTAÇÃO DE SERVIÇOS DE MANUTENÇÃO DE SISTEMA DIGITAL DE RADIOCOMUNICAÇÃO E LICENCIAMENTO EM TODOS OS EQUIPAMENTOS CONFORME PORTARIA NR. 674 ANATEL.;;0;;;0;0;0;29367;13;5;;2129;False
licitacoes;023/2021;Pregão Eletrônico;;Homologada;SECRETARIA MUNICIPAL DE INFRAESTRUTURA E SERVIÇOS PÚBLICOS;3500;2021-06-01;23;2021010582;2021;2021-07-13;2021-06-15 00:00:00;;;;1236500.00;;AQUISIÇÃO DE PÓ DE BRITA, PEDRISCO E PEDRA DE MÃO OU PEDRA RACHÃO PARA ARRIMO/FUNDAÇÃO.;;0;;;0;0;0;29359;13;5;;2129;False
licitacoes;022/2021;Pregão Eletrônico;;Homologada;SECRETARIA MUNICIPAL DA EDUCAÇÃO;2900;2021-05-31;22;2020047103;2021;2021-07-29;2021-06-14 00:00:00;;;;67419.00;;AQUISIÇÃO DE JOGOS PEDAGÓGICOS;;0;;;0;0;0;29357;13;5;;2129;False
licitacoes;021/2021;Pregão Eletrônico;;Homologada;SECRETARIA MUNICIPAL DE INFRAESTRUTURA E SERVIÇOS PÚBLICOS;3500;2021-05-26;21;2021008448;2021;2021-07-26;2021-06-10 00:00:00;;;;1700675.80;;REGISTRO DE PREÇOS PARA AQUISIÇÃO DE CANTONEIRA, FERRO MECÂNICO TUBO METALON, VERGALHÃO DE AÇO E ARAME RECOZIDO;;0;;;0;0;0;29331;13;5;;2129;False
licitacoes;020/2021;Pregão Eletrônico;;Homologada;SECRETARIA MUNICIPAL DA SAÚDE;8600;2021-05-26;20;2021009216;2021;2021-07-05;2021-06-09 00:00:00;;;;1305000.00;;AQUISIÇÃO DE MATERIAIS (TIRAS PARA GLICEMIA CAPILAR), PARA ATENDER AS NECESSIDADES DAS UNIDADES DE SAÚDE DA FAMÍLIA, CENTROS DE REFERÊNCIAS, PRONTOS ATENDIMENTOS E SAMU.;;0;;;0;0;0;29323;13;5;;2129;False
licitacoes;019/2021;Pregão Eletrônico;;Homologada;SECRETARIA MUNICIPAL DE INFRAESTRUTURA E SERVIÇOS PÚBLICOS;3500;2021-05-24;19;2020057702;2021;2021-08-09;2021-06-04 00:00:00;;;;1920861.00;;CONTRATAÇÃO DE EMPRESA ESPECIALIZADA NO FORNECIMENTO DE MATERIAL DE CONCRETO, PARA ATENDER AS DEMANDAS DE EXECUÇÃO DE RAMAIS DE BOCA DE LOBO, EXECUÇÃO DE RAMAIS DE MICRO E MACRO DRENAGEM, MANUTENÇÃO DE EQUIPAMENTOS DE DRENAGEM JÁ EXISTENTES NA CIDADE, COMO A TROCA DE GRELHAS E CAVALETES JUNTO A SECRETARIA MUNICIPAL DE INFRA ESTRUTURA E SERVIÇOS PÚBLICOS ? SEISP.;;0;;;0;0;0;29315;13;5;;2129;False
licitacoes;018/2021;Pregão Eletrônico;;Homologada;SECRETARIA MUNICIPAL DA SAÚDE;8600;2021-05-17;18;2021013311;2021;2021-07-08;2021-05-28 00:00:00;;;;1345989.15;;AQUISIÇÃO DE FRALDAS DESCARTÁVEIS PARA ATENDER A REDE MUNICIPAL DE SAÚDE.;;0;;;0;0;0;29292;13;5;;2129;False
licitacoes;017/2021;Pregão Eletrônico;;Homologada;SECRETARIA MUNICIPAL DE INFRAESTRUTURA E SERVIÇOS PÚBLICOS;3500;2021-05-13;17;2021016161;2021;2021-07-13;2021-05-28 00:00:00;;;;75484.00;;AQUISIÇÃO DE UNIFORMES PARA ATENDER OS FUNCIONÁRIOS DA SUPERINTENDÊNCIA DE ILUMINAÇÃO PÚBLICA.;;0;;;0;0;0;29279;13;5;;2129;False
licitacoes;016/2021;Pregão Eletrônico;;Aberta;SECRETARIA MUNICIPAL DA FAZENDA E TRANSFORMAÇÃO DIGITAL;2700;2021-12-10;16;2020026569;2021;;2021-12-21 00:00:00;;;;2967882.60;;REGISTRO DE PREÇOS VISANDO A FUTURA CONTRATAÇÃO DE EMPRESA ESPECIALIZADA NA PRESTAÇÃO DE SERVIÇO TELEFONIA FIXA ACESSO DIGITAL, PARA ATENDER AS DEMANDAS DE COMUNICAÇÃO DAS ENTIDADES E ÓRGÃO DO MUNICÍPIO DE PALMAS.;;0;;;0;0;0;29272;13;1;;2129;False
licitacoes;015/2021;Pregão Eletrônico;;Aberta;SECRETARIA MUNICIPAL DA SAÚDE;8600;2021-05-03;15;2020051866;2021;;2021-05-18 00:00:00;;;;0.00;;PRESTAÇÃO DE SERVIÇOS DE GERENCIAMENTO DE MANUTENÇÃO (PREVENTIVA E CORRETIVA)  COM FORNECIMENTO DE PEÇAS, OPERADA POR MEIO DE SISTEMA VIA WEB PRÓPRIO DA CONTRATADA.;;0;;;0;0;0;29239;13;1;;2129;False
licitacoes;014/2021;Pregão Eletrônico;;Homologada;SECRETARIA MUNICIPAL DA SAÚDE;8600;2021-04-15;14;2020052319;2021;2021-06-18;2021-04-28 00:00:00;;;;4203981.00;;AQUISIÇÃO DE GENEROS ALIMENTICIOS;;0;;;0;0;0;29112;13;5;;2129;False
licitacoes;013/2021;Pregão Eletrônico;;Homologada;SECRETARIA MUNICIPAL DE INFRAESTRUTURA E SERVIÇOS PÚBLICOS;3500;2021-05-03;13;2020052614;2021;2021-06-16;2021-05-13 00:00:00;;;;614403.50;;FUTURA CONTRATAÇÃO DE EMPRESA ESPECIALIZADA NO FORNECIMENTO DE EQUIPAMENTOS DE PROTEÇÃO INDIVIDUAL E COLETIVO (EPI'S E EPC'S) E FERRAMENTAS PARA AS EQUIPES DE MANUTENÇÃO DESTA MUNICIPALIDADE.;;0;;;0;0;0;29238;13;5;;2129;False
licitacoes;012/2021;Pregão Eletrônico;;Homologada;SECRETARIA MUNICIPAL DE INFRAESTRUTURA E SERVIÇOS PÚBLICOS;3500;2021-04-27;12;2020048842;2021;2021-06-14;2021-05-07 00:00:00;;;;338723.00;;AQUISIÇÃO DE CIMENTO PORTLAND (CP) TIPO: CP II-F, COMPOSTO COM FILER, NBR 11.578-SACO 50KG.;;0;;;0;0;0;29187;13;5;;2129;False
licitacoes;011/2021;Pregão Eletrônico;;Homologada;SECRETARIA MUNICIPAL DA SAÚDE;8600;2021-04-23;11;2020045073;2021;2021-11-17;2021-05-07 00:00:00;;;;1652285.65;;CONTRATAÇÃO DE EMPRESA ESPECIALIZADA EM SERVIÇOS GRÁFICOS, PARA ATENDER A REDE MUNICIPAL DE SAÚDE.;;0;;;0;0;0;29168;13;5;;2129;False
licitacoes;010/2021;Pregão Eletrônico;;Homologada;FUNDO MUNICIPAL DE ASSISTÊNCIA SOCIAL;5800;2021-02-17;10;2020054873;2021;2021-04-13;2021-03-03 00:00:00;;;;2208000.00;;CONTRATAÇÃO DE EMPRESA ESPECIALIZADA NO FORNECIMENTO DE CESTAS BÁSICAS, COMPOSTA DE GÊNEROS ALIMENTÍCIOS NÃO PERECÍVEL.;;0;;;0;0;0;28448;13;5;;2129;False
licitacoes;009/2021;Tomada de Preço para Compras e Serviços;;Homologada;FUNDAÇÃO MUNICIPAL DE ESPORTES E LAZER DE PALMAS;1600;2021-11-22;9;2021058896;2021;2022-06-10;2021-12-09 00:00:00;;;;1227178.11;;REFORMA DAS QUADRAS POLIESPORTIVAS NO MUNICÍPIO DE PALMAS -TO;;0;;;0;0;0;30420;3;5;;2129;False
licitacoes;009/2021;Pregão Eletrônico;;Homologada;SECRETARIA MUNICIPAL DE INFRAESTRUTURA E SERVIÇOS PÚBLICOS;3500;2021-02-15;9;2020052430;2021;2021-04-22;2021-03-01 00:00:00;;;;5495.00;;AQUISIÇÃO DE AVENTAL IMPERMEÁVEL TIPO MACACÃO DE SEGURANÇA PARA OS SERVIDORES DOS CEMITÉRIOS DO MUNICÍPIO DE PALMAS - TO;;0;;;0;0;0;28431;13;5;;2129;False
licitacoes;008/2021;Tomada de Preço para Compras e Serviços;;Homologada;SECRETARIA MUNICIPAL DE INFRAESTRUTURA E SERVIÇOS PÚBLICOS;3500;2021-10-22;8;2021031938;2021;2022-03-04;2021-11-08 00:00:00;;;;649999.92;;O OBJETO DESTA TOMADA DE PREÇOS É A EXECUÇÃO E RECUPERAÇÃO DE GUIAS SEM SARJETA, INCLUINDO FORNECIMENTO DE MATERIAL, MÃO-DE-OBRA, TRANSPORTE DE MATERIAL E EQUIPAMENTO, E FORNECIMENTO DE MEIO-FIO PRÉ-MOLDADO, NO MUNICÍPIO DE PALMAS/TO;;0;;;0;0;0;30093;3;5;;2129;False
licitacoes;008/2021;Pregão Eletrônico;;Homologada;SECRETARIA MUNICIPAL DA SAÚDE;8600;2021-02-22;8;2020051297;2021;2021-05-11;2021-03-09 00:00:00;;;;391440.00;;CONTRATAÇÃO DE EMPRESA ESPECIALIZADA PARA  FORNECIMENTO DE EQUIPAMENTOS ODONTOLÓGICOS, PARA ATENDER A REDE MUNICIPAL DE SAÚDE BUCAL, CUJAS ESPECIFICAÇÕES E QUANTITATIVOS ESTÃO ESTABELECIDOS NO EDITAL E SEUS ANEXOS;;0;;;0;0;0;28424;13;5;;2129;False
licitacoes;007/2021;Tomada de Preço para Compras e Serviços;;Homologada;SECRETARIA MUNICIPAL DE INFRAESTRUTURA E SERVIÇOS PÚBLICOS;3500;2021-09-24;7;2021050931;2021;2021-12-17;2021-10-15 00:00:00;;;;477712.00;;EXECUÇÃO DE TERRAPLANAGEM, PAVIMENTAÇÃO ASFÁLTICA DA AV. NS 04 (1 PISTA ENTRE A ENTRADA DA ARSE 142 E AV. LO-33, INCLUINDO A ALÇA) E ( 1 PISTA ENTRE A ENTRADA DA AV. LO-31 E A ENTRADA DA ARSE 142) NO MUNICÍPIO DE PALMAS ? TO;;0;;;0;0;0;30060;3;5;;2129;False
licitacoes;007/2021;Pregão Eletrônico;;Homologada;SECRETARIA MUNICIPAL DE INFRAESTRUTURA E SERVIÇOS PÚBLICOS;3500;2021-02-09;7;2020034581;2021;2021-07-01;2021-02-23 00:00:00;;;;276088.43;;CONTRATAÇÃO DE EMPRESA ESPECIALIZADA PARA FORNECIMENTO DE UNIFORMES CONTENDO CAMISETA DE MALHA COM CAPUZ, CALÇA EM BRIM COM FAIXAS REFLETIVAS, JALECO COM FAIXAS REFLETIVAS E CAMISETA DE MALHA COM MANGA CURTA,.;;0;;;0;0;0;28421;13;5;;2129;False
licitacoes;006/2021;Tomada de Preço para Compras e Serviços;;Aberta;AGÊNCIA MUNICIPAL DE TURISMO;1400;2021-09-22;6;2021050111;2021;;2021-10-13 00:00:00;;;;2879000.00;;CONSTRUÇÃO DO CENTRO DE CULTURA E ARTE DE TAQUARUÇU EM PALMAS ? TO;;0;;;0;0;0;30035;3;1;;2129;False
licitacoes;006/2021;Pregão Eletrônico;;Homologada;SECRETARIA MUNICIPAL DE INFRAESTRUTURA E SERVIÇOS PÚBLICOS;3500;2021-02-19;6;2020045859;2021;2021-05-11;2021-03-03 00:00:00;;;;192000.00;;FUTURA CONTRATAÇÃO DE EMPRESA ESPECIALIZADA PARA FORNECIMENTO DE ALIMENTAÇÃO TIPO MARMITEX.;;0;;;0;0;0;28413;13;5;;2129;False
licitacoes;005/2021;Pregão Eletrônico;;Homologada;SECRETARIA MUNICIPAL DA EDUCAÇÃO;2900;2021-02-18;5;2020034491;2021;2021-07-23;2021-03-04 00:00:00;;;;18163839.19;;CONTRATAÇÃO DE EMPRESA ESPECIALIZADA PARA PRESTAÇÃO DE SERVIÇOS DE TRANSPORTE ESCOLAR DOS ALUNOS DA ZONA RURAL, DO ENSINO INFANTIL E ENSINO FUNDAMENTAL REGULARMENTE MATRICULADOS NA REDE DE ENSINO DO MUNICÍPIO DE PALMAS ? TO, BEM COMO PARA TRANSPORTE DOS SERVIDORES, POR QUILÔMETROS RODADOS;;0;;;0;0;0;28410;13;5;;2129;False
licitacoes;004/2021;Concorrência para Compras e Serviços;;Aberta;SECRETARIA MUNICIPAL DE INFRAESTRUTURA E SERVIÇOS PÚBLICOS;3500;2021-08-10;4;2021038664;2021;;2021-09-13 00:00:00;;;;0.00;;CONTRATAÇÃO DE EMPRESA ESPECIALIZADA EM EXECUÇÃO DE OBRAS DE TERRAPLANAGEM, PAVIMENTAÇÃO ASFÁLTICA, DRENAGEM PLUVIAL, CALÇADA DE ACESSIBILIDADE, CICLOVIA E SINALIZAÇÃO VIÁRIA DA QUADRA 409 SUL, AV. NS-07 E AV. NS-9 ENTRE AV. LO-11 E AV. LO-09 EAV.NS-09 ENTRE AV.LO 11 E AV. LO -13 - PLANO DIRETOR SUL.;;0;;;0;0;0;29826;5;1;;2129;False
licitacoes;004/2021;Tomada de Preço para Compras e Serviços;;Homologada;SECRETARIA MUNICIPAL DE INFRAESTRUTURA E SERVIÇOS PÚBLICOS;3500;2021-07-08;4;2020061366;2021;2022-05-10;2021-07-28 00:00:00;;;;809154.40;;O OBJETO DESTA TOMADA DE PREÇOS É A CONSTRUÇÃO DA PRAÇA NA QUADRA ARSO 131 (1303 SUL), PALMAS ? TO, CONFORME TERMOS DESTE INSTRUMENTO E DEMAIS ELEMENTOS INSTRUTORES ANEXOS.;;0;;;0;0;0;29594;3;5;;2129;False
licitacoes;004/2021;Pregão Eletrônico;;Homologada;SECRETARIA MUNICIPAL DE SEGURANCA E MOBILIDADE URBANA;1200;2021-02-09;4;2020039968;2021;2021-05-19;2021-02-22 00:00:00;;;;51686437.50;;CONTRATAÇÃO DE EMPRESA OU CONSÓRCIO DE EMPRESAS ESPECIALIZADAS PARA PRESTAÇÃO DE SERVIÇOS CONTÍNUOS INCLUINDO O FORNECIMENTO, INSTALAÇÃO, MANUTENÇÃO, MODERNIZAÇÃO E OPERAÇÃO DE TODOS OS MÓDULOS E EQUIPAMENTOS ELETRÔNICOS, SOFTWARE E HARDWARE DE CONTROLE DE TRÁFEGO, MONITORAMENTO E FISCALIZAÇÃO DE TRÂNSITO, RELATÓRIOS DE REGISTRO DE FLUXO DE VEÍCULOS E DADOS ESTATÍSTICOS NAS VIAS E RODOVIAS SOB A CIRCUNSCRIÇÃO DE PALMAS, BEM COMO O PROCESSAMENTO, ARMAZENAMENTO E A GESTÃO DAS INFRAÇÕES DE TRÂNSITO E DOS PROCESSOS ADMINISTRATIVOS DELAS DECORRENTES COMPREENDENDO A TRANSMISSÃO ELETRÔNICA DE ARQUIVOS (WEB E MOBILE), NO FORNECIMENTO DE ACESSO A SOLUÇÃO CENTRALIZADA, INTEGRADA E INFORMATIZADA;;0;;;0;0;0;28409;13;5;;2129;False
licitacoes;003/2021;Tomada de Preço para Compras e Serviços;;Homologada;SECRETARIA MUNICIPAL DE INFRAESTRUTURA E SERVIÇOS PÚBLICOS;3500;2021-10-18;3;2020010618;2021;2022-03-17;2021-11-10 00:00:00;;;;285000.00;;CONTRATAÇÃO DE EMPRESA ESPECIALIZADA PARA EXECUÇÃO DE GABIÕES;;0;;;0;0;0;29179;3;5;;2129;False
licitacoes;003/2021;Concorrência para Compras e Serviços;;Aberta;SECRETARIA MUNICIPAL DE INFRAESTRUTURA E SERVIÇOS PÚBLICOS;3500;2021-02-24;3;2020023961;2021;;2021-06-10 00:00:00;;;;;;CONTRATAÇÃO DE SERVIÇOS TÉCNICOS PARA ELABORAÇÃO DA REVISÃO DO PLANO MUNICIPAL DE DRENAGEM URBANA DE PALMAS -TO;;0;;;0;0;0;28545;5;1;;2129;False
licitacoes;003/2021;Pregão Eletrônico;;Homologada;SECRETARIA MUNICIPAL DE DESENVOLVIMENTO ECONÔMICO E EMPREGO;2600;2021-01-21;3;2020025817;2021;2021-05-03;2021-02-02 00:00:00;;;;40040.00;;REALIZAÇÃO DE  7 OFICINAS DA FORMAÇÃO SOBRE MELHORAMENTO DE PRODUTO PARA CADA SEGUIMENTO DE EMPREENDIMENTO.;;0;;;0;0;0;28408;13;5;;2129;False
licitacoes;002/2021;Registro de Preço;;Homologada;SECRETARIA MUNICIPAL DE INFRAESTRUTURA E SERVIÇOS PÚBLICOS;3500;2021-10-28;2;2021065567;2021;2021-11-24;2021-11-10 00:00:00;;;;1709400.00;;CONTRATAÇÃO DE EMPRESA ESPECIALIZADA EM PRESTAÇÃO DE SERVIÇOS DE ORNAMENTAÇÃO NATALINA, CONTEMPLANDO DISPONIBILIZAÇÃO, INSTALAÇÃO E RETIRADA DE TODOS OS ADEREÇOS NESTA MUNICIPALIDADE, BEM COMO AJUSTES E MANUTENÇÕES E ADEQUAÇÕES QUE SE FIZEREM NECESSÁRIOS A EXECUÇÃO E IMPLANTAÇÃO DO PROJETO ANEXO AOS AUTOS;;0;;;0;0;0;30277;90;5;;2129;False
licitacoes;002/2021;Tomada de Preço para Compras e Serviços;;Homologada;SECRETARIA MUNICIPAL DE INFRAESTRUTURA E SERVIÇOS PÚBLICOS;3500;2021-07-15;2;2020052213;2021;2022-05-10;2021-07-30 00:00:00;;;;445326.16;;CONSTRUÇÃO DE PRAÇA NA QUADRA ARSO 61 (603 SUL), NO MUNICÍPIO DE PALMAS/TO;;0;;;0;0;0;28693;3;5;;2129;False
licitacoes;002/2021;Pregão Eletrônico;;Homologada;SECRETARIA MUNICIPAL DA FAZENDA E TRANSFORMAÇÃO DIGITAL;2700;2021-01-13;2;2020045900;2021;2021-06-24;2021-01-26 00:00:00;;;;47856.60;;CONTRATAÇÃO DE EMPRESA ESPECIALIZADA EM SERVIÇOS DE CHAVEIRO COM FORNECIMENTO DE MATERIAIS, PARA ATENDER AS NECESSIDADES DAS UNIDADES GESTORAS, PARTÍCIPES DO CERTAME, PREFEITURA MUNICIPAL DE PALMAS, SECRETARIA MUNICIPAL DE FINANÇAS (DEMANDANTE).;;0;;;0;0;0;28393;13;5;;2129;False
licitacoes;001/2021;Registro de Preço;;Homologada;SECRETARIA MUNICIPAL DE INFRAESTRUTURA E SERVIÇOS PÚBLICOS;3500;2021-10-22;1;2021057868;2021;2021-11-16;2021-11-04 00:00:00;;;;3352585.14;;AQUISIÇÃO DE MATERIAIS PARA ILUMINAÇÃO NATALINA;;0;;;0;0;0;30199;90;5;;2129;False
licitacoes;001/2021;Tomada de Preço para Compras e Serviços;;Homologada;SECRETARIA MUNICIPAL DE INFRAESTRUTURA E SERVIÇOS PÚBLICOS;3500;2021-08-14;1;2020048076;2021;2022-05-10;2021-09-02 00:00:00;;;;919725.88;;EMPRESA ESPECIALIZADA PARA CONSTRUÇÃO DA PRAÇA SITUADA NA QUADRA ARNE 61 (504 NORTE), PALMAS/TO;;0;;;0;0;0;28420;3;5;;2129;False
licitacoes;001/2021;Concorrência para Compras e Serviços;;Homologada;SECRETARIA MUNICIPAL DE INFRAESTRUTURA E SERVIÇOS PÚBLICOS;3500;2021-04-23;1;2020047714;2021;2021-08-06;2021-05-28 00:00:00;;;;3167623.34;;EXECUÇÃO DE DRENAGEM PLUVIAL, BUEIRO CELULAR PRÉ- MOLDADO, TERRAPLANAGEM, PAVIMENTAÇÃO ASFÁLTICA, SINALIZAÇÃO VIÁRIA E CALÇADAS NA AV. NS-03, ENTRE AV. LO-06 E AV. LO-08;;0;;;0;0;0;28416;5;5;;2129;False
licitacoes;001/2021;Pregão Eletrônico;;Homologada;SECRETARIA MUNICIPAL DA SAÚDE;8600;2021-01-18;1;2020040677;2021;2021-03-01;2021-02-01 00:00:00;;;;394560.00;;CONTRATAÇÃO DE EMPRESA ESPECIALIZADA PARA A PRESTAÇÃO DE LOCAÇÃO DE USINAS CONCENTRADORAS DE OXIGENIO MEDICINAL, A SEREM INSTALADAS NAS UNIDADES DE PRONTO ATENDIMENTO NORTE E PRONTO ATENDIMENTO SUL.;;0;;;0;0;0;28378;13;5;;2129;False
licitacoes;122/2020;Pregão Eletrônico;;Homologada;SECRETARIA MUNICIPAL DA SAÚDE;8600;2020-12-15;122;2020035177;2020;2021-07-07;2021-01-08 00:00:00;;;;70155.86;;CONTRATAÇÃO DE EMPRESA PARA FORNECIMENTO DE EQUIPAMENTOS DE PROTEÇÃO INDIVIDUAL, A FIM DE ATENDER AS NECESSIDADES DOS AGENTES COMUNITÁRIOS DE SAÚDE ? ACS, AGENTES DE COMBATES AS ENDEMIAS, FISCAIS DA VIGILÂNCIA SANITÁRIO, SERVIDORES DA VIGILÂNCIA AMBIENTAL, SAÚDE DO TRABALHADOR E CONSULTÓRIO DE RUA BEM COMO PARA OS PROGRAMAS DAS ÁREAS TÉCNICAS DA SECRETARIA MUNICIPAL DE SAÚDE DE PALMAS TOCANTINS (DEMANDANTE), SERVIDORES LOTADOS NO CENTRO DE LOGÍSTICA DA SEMUS.;;0;;;0;0;0;28234;13;5;;2129;False
licitacoes;122/2020;Pregão Eletrônico;;Homologada;SECRETARIA MUNICIPAL DA SAÚDE;8600;2020-12-15;122;2020035177;2020;2021-07-07;2021-01-08 00:00:00;;;;289200.17;;CONTRATAÇÃO DE EMPRESA PARA FORNECIMENTO DE EQUIPAMENTOS DE PROTEÇÃO INDIVIDUAL, A FIM DE ATENDER AS NECESSIDADES DOS AGENTES COMUNITÁRIOS DE SAÚDE ? ACS, AGENTES DE COMBATES AS ENDEMIAS, FISCAIS DA VIGILÂNCIA SANITÁRIO, SERVIDORES DA VIGILÂNCIA AMBIENTAL, SAÚDE DO TRABALHADOR E CONSULTÓRIO DE RUA BEM COMO PARA OS PROGRAMAS DAS ÁREAS TÉCNICAS DA SECRETARIA MUNICIPAL DE SAÚDE DE PALMAS TOCANTINS (DEMANDANTE), SERVIDORES LOTADOS NO CENTRO DE LOGÍSTICA DA SEMUS.;;0;;;0;0;0;29583;13;5;;2129;False
licitacoes;121/2020;Pregão Eletrônico;;Homologada;SECRETARIA MUNICIPAL DA SAÚDE;8600;2020-12-15;121;2020038810;2020;2021-02-05;2021-01-04 00:00:00;;;;3135184.70;;AQUISIÇÃO DE MATERIAIS DE LIMPEZA E HIGIENIZAÇÃO, ENTRE OUTROS, PARA USO DA SECRETARIA MUNICIPAL DE SAÚDE (DEMANDANTE) E DE TODAS AS SUAS DEPENDÊNCIAS, POR UM PERÍODO DE 12 (DOZE) MESES.;;0;;;0;0;0;28233;13;5;;2129;False
licitacoes;120/2020;Pregão Eletrônico;;Homologada;SECRETARIA MUNICIPAL DA SAÚDE;8600;2020-12-15;120;2020026592;2020;2021-02-02;2020-12-30 00:00:00;;;;138769.05;;AQUISIÇÃO DE UTENSÍLIOS E EQUIPAMENTOS DE COPA E COZINHA PARA ATENDER A UNIDADE DE ALIMENTAÇÃO E NUTRIÇÃO DA SECRETARIA MUNICIPAL DE SAÚDE.;;0;;;0;0;0;28232;13;5;;2129;False
licitacoes;119/2020;Pregão Eletrônico;;Homologada;SECRETARIA MUNICIPAL DE INFRAESTRUTURA E SERVIÇOS PÚBLICOS;3500;2021-01-21;119;2020037078;2020;2021-04-28;2021-02-04 00:00:00;;;;4806600.00;;REGISTRO DE PREÇOS PARA FUTURO FORNECIMENTO DE RL-1C, RR-2C, CM-30  E RL-1C E ? MODIFICADO COM POLIMERO;;0;;;0;0;0;28217;13;5;;2129;False
licitacoes;118/2020;Pregão Eletrônico;;Homologada;SECRETARIA MUNICIPAL DE INFRAESTRUTURA E SERVIÇOS PÚBLICOS;3500;2020-12-09;118;2020036813;2020;2021-02-04;2020-12-21 00:00:00;;;;35660.00;;AQUISIÇÃO DE EXTRUSORA DE MEIO-FIO.;;0;;;0;0;0;28210;13;5;;2129;False
licitacoes;117/2020;Pregão Eletrônico;;Homologada;FUNDO MUNICIPAL DE  ILUMINAÇÃO PÚBLICA;6300;2020-12-09;117;2020036830;2020;2021-01-26;2020-12-22 00:00:00;;;;149833.79;;AQUISIÇÃO DE FERRAMENTAS E EQUIPAMENTOS DE PROTEÇÃO INDIVIDUAL - EPI?S / EQUIPAMENTOS DE PROTEÇÃO COMUNS - EPC?S PARA A SEGURANÇA DOS SERVIDORES PÚBLICOS DA ILUMINAÇÃO PÚBLICA;;0;;;0;0;0;28211;13;5;;2129;False
licitacoes;116/2020;Pregão Eletrônico;;Homologada;SECRETARIA MUNICIPAL DE INFRAESTRUTURA E SERVIÇOS PÚBLICOS;3500;2020-12-08;116;2020051462;2020;2021-01-25;2020-12-18 00:00:00;;;;133355.00;;"AQUISIÇÃO DE TUBOS PVC OCRE 8"" PARA A CONSTRUÇÃO DA 6ª CÉLULA DO ATERRO SANITÁRIO DE PALMAS";;0;;;0;0;0;28201;13;5;;2129;False
licitacoes;115/2020;Pregão Eletrônico;;Homologada;SECRETARIA MUNICIPAL DA SAÚDE;8600;2020-12-02;115;2020033977;2020;2021-01-20;2020-12-16 00:00:00;;;;180516.00;;AQUISIÇÃO DE FÓRMULA INFANTIL TIPO 1 E 2, NECESSÁRIA PARA ATENDER CRIANÇAS DO NÚCLEO HENFIL.;;0;;;0;0;0;28177;13;5;;2129;False
licitacoes;114/2020;Pregão Eletrônico;;Homologada;SECRETARIA MUNICIPAL DA SAÚDE;8600;2020-12-03;114;2020026936;2020;2021-02-04;2020-12-15 00:00:00;;;;214637.70;;CONTRATAÇÃO DE EMPRESA ESPECIALIZADA NO FORNECIMENTO DE EPI´S ? EQUIPAMENTO DE PROTEÇÃO INDIVIDUAL PARA OS AGENTES DE COMBATES AS ENDEMIAS QUE ATUAM NA UNIDADE DE VIGILÂNCIA  E CONTROLE DE ZOONOSES DA SECRETARIA MUNICIPAL DE SAÚDE;;0;;;0;0;0;28176;13;5;;2129;False
licitacoes;113/2020;Pregão Eletrônico;;Aberta;FUNDO MUNICIPAL DE ASSISTÊNCIA SOCIAL;5800;2020-12-18;113;2020025883;2020;;2021-01-07 00:00:00;;;;;;CONTRATAÇÃO DE EMPRESA PARA FORNECIMENTO DE BUFFET TIPO COFFEE BREAK, BUFFET TIPO ALMOÇO/JANTAR A SEREM UTILIZADOS NA MANUTENÇÃO DAS ATIVIDADES DA SECRETARIA, CADASTRO ÚNICO E BOLSA FAMÍLIA, CENTRO DE REFERÊNCIA ESPECIALIZADO DE ASSISTÊNCIA SOCIAL ? CREAS, SERVIÇO DE CONVIVÊNCIA E FORTALECIMENTO DE VÍNCULO ? SCFV E NO CENTRO DE REFERÊNCIA DE ASSISTÊNCIA SOCIAL ? CRAS;;0;;;0;0;0;28149;13;1;;2129;False
licitacoes;112/2020;Pregão Eletrônico;;Aberta;SECRETARIA MUNICIPAL DE SEGURANCA E MOBILIDADE URBANA;1200;2020-11-26;112;2020023712;2020;;2020-12-09 00:00:00;;;;;;FUTURA AQUISIÇÃO DE RÁDIO COMUNICADOR DIGITAL;;0;;;0;0;0;28129;13;1;;2129;False
licitacoes;111/2020;Pregão Eletrônico;;Homologada;SECRETARIA MUNICIPAL DE DESENVOLVIMENTO ECONÔMICO E EMPREGO;2600;2020-11-25;111;2020029544;2020;2021-03-23;2020-12-08 00:00:00;;;;19800.00;;A CONTRATAÇÃO DE EMPRESA ESPECIALIZADA EM SERVIÇOS DE PESQUISAS COM MENSURAÇÃO DE RESULTADOS PARA ATENDER A META 3, ETAPA 2, ITEM 1 DO PROJETO DESENVOLVE PALMAS, A NÍVEL DE SATISFAÇÃO E IMPACTO SOCIAL DO PROJETO.;;0;;;0;0;0;28120;13;5;;2129;False
licitacoes;110/2020;Pregão Eletrônico;;Homologada;SECRETARIA MUNICIPAL DA SAÚDE;8600;2020-12-15;110;2020041640;2020;2021-08-24;2020-12-29 00:00:00;;;;2570862.60;;FUTURA AQUISIÇÃO DE MATERIAIS, PARA ATENDER OS 34 CENTROS DE SAÚDE DA COMUNIDADE, TOTALIZANDO 85 EQUIPES DE SAÚDE DA FAMÍLIA, 07 CENTROS DE REFERÊNCIA ESPECIALIZADOS, 02 UNIDADES DE PRONTO ATENDIMENTOS E 01 SAMU;;0;;;0;0;0;28094;13;5;;2129;False
licitacoes;109/2020;Pregão Eletrônico;;Aberta;AGÊNCIA DE TECNOLOGIA DA INFORMAÇÃO DO  MUNICÍPIO  DE  PALMAS;9600;2020-12-28;109;2020026456;2020;;2021-01-11 00:00:00;;;;0.00;;CONTRATAÇÃO DE EMPRESA ESPECIALIZADA EM FORNECIMENTO DE SOLUÇÃO DE TRANSFORMAÇÃO DIGITAL, GESTÃO DA INFORMAÇÃO, ELABORAÇÃO DE NORMATIVAS E COM FORNECIMENTO DE SOFTWARE PARA GERENCIAMENTO DE NOVOS E ATUAIS PROCESSOS DA PREFEITURA MUNICIPAL DE PALMAS;;0;;;0;0;0;28313;13;1;;2129;False
licitacoes;108/2020;Pregão Eletrônico;;Homologada;SECRETARIA MUNICIPAL DA SAÚDE;8600;2020-11-30;108;2020038659;2020;2021-03-01;2020-12-08 00:00:00;;;;86859.50;;A FUTURA AQUISIÇÃO DE MATERIAL PARA FAZER ISOLAMENTO NO ATENDIMENTO ODONTOLÓGICO, PARA O ENFRENTAMENTO DA COVID 19.;;0;;;0;0;0;28115;13;5;;2129;False
licitacoes;107/2020;Pregão Eletrônico;;Aberta;SECRETARIA MUNICIPAL DE INFRAESTRUTURA E SERVIÇOS PÚBLICOS;3500;2021-02-23;107;2020044289;2020;;2021-03-11 00:00:00;;;;6815850.00;;"FORNECIMENTO DE MASSA ASFÁLTICA CBUQ- CONCRETO BETUMINOSO USINADO A QUENTE, DOSADO COM CAP 50/70, FAIXA ""C"" DNIT.";;0;;;0;0;0;28080;13;1;;2129;False
licitacoes;106/2020;Pregão Eletrônico;;Homologada;SECRETARIA MUNICIPAL DE INFRAESTRUTURA E SERVIÇOS PÚBLICOS;3500;2020-11-18;106;2020036814;2020;2021-03-16;2020-11-30 00:00:00;;;;41113.00;;AQUISIÇÃO DE BANDEIRAS OFICIAIS A SEREM UTILIZADAS NAS REPARTIÇÕES PÚBLICAS;;0;;;0;0;0;28076;13;5;;2129;False
licitacoes;105/2020;Pregão Eletrônico;;Homologada;SECRETARIA MUNICIPAL DE DESENVOLVIMENTO RURAL;3300;2020-11-13;105;2020037869;2020;2021-03-04;2020-11-25 00:00:00;;;;367514.50;;AQUISIÇÃO DE MATERIAIS DE CONSTRUÇÃO, ELÉTRICO E HIDRÁULICO PARA MANUTENÇÃO DAS AÇOES DA SEDER.;;0;;;0;0;0;28063;13;5;;2129;False
licitacoes;104/2020;Pregão Eletrônico;;Homologada;INSTITUTO DE PREVIDÊNCIA SOCIAL DO MUNICÍPIO DE PALMAS;6100;2021-10-07;104;2020025928;2020;2022-02-25;2021-10-22 00:00:00;;;;70000.00;;CONTRATAÇÃO DE EMPRESA ESPECIALIZADA NA PRESTAÇÃO DE SERVIÇO DE LINK DE INTERNET;;0;;;0;0;0;28021;13;5;;2129;False
licitacoes;103/2020;Pregão Eletrônico;;Homologada;SECRETARIA MUNICIPAL DA SAÚDE;8600;2020-10-29;103;2020022349;2020;2020-12-17;2020-11-16 00:00:00;;;;216933.62;;AQUISIÇÃO DE MATERIAIS DE PAPELARIA E BRINQUEDOS PARA ATENDER A REDE DO MUNICÍPIO;;0;;;0;0;0;28007;13;5;;2129;False
licitacoes;102/2020;Pregão Eletrônico;;Homologada;SECRETARIA MUNICIPAL DE DESENVOLVIMENTO ECONÔMICO E EMPREGO;2600;2020-10-27;102;2019104270;2020;2021-03-25;2020-11-10 00:00:00;;;;27590.20;;A CONTRATAÇÃO DE EMPRESA ESPECIALIZADA PARA E REALIZAÇÃO DE SERVIÇOS DE APOIO E FOMENTO A TRÊS FEIRAS DE ECONOMIA SOLIDÁRIA, CONTEMPLANDO 25 EMPREENDIMENTOS EM PALMAS, CONFORME CONDIÇÕES, QUANTITATIVOS E ESPECIFICAÇÕES ESTABELECIDAS NESTE EDITAL E SEUS ANEXOS;;0;;;0;0;0;27973;13;5;;2129;False
licitacoes;101/2020;Pregão Eletrônico;;Homologada;SECRETARIA MUNICIPAL DA SAÚDE;8600;2020-10-26;101;2020028688;2020;2020-12-08;2020-11-09 00:00:00;;;;232836.25;;AQUISIÇÃO DE MEDICAMENTOS E RATICIDA PARA ATENDER A GERÊNCIA DA UNIDADE DE VIGILÂNCIA E CONTROLE DE ZOONOSES DA SECRETARIA MUNICIPAL DE SAÚDE DE PALMAS ? TO.;;0;;;0;0;0;27966;13;5;;2129;False
licitacoes;100/2020;Pregão Eletrônico;;Homologada;SECRETARIA MUNICIPAL DA SAÚDE;8600;2020-10-14;100;2020036184;2020;2020-12-07;2020-10-28 00:00:00;;;;113246.90;;AQUISIÇÃO DE FÓRMULA/DIETA ALIMENTAR PARA ATENDER OS PACIENTES DE DEMANDA JUDICIAL CONTÍNUA PARA O PERÍODO DE 12 MESES;;0;;;0;0;0;27840;13;5;;2129;False
licitacoes;098/2020;Pregão Eletrônico;;Homologada;SECRETARIA MUNICIPAL DE INFRAESTRUTURA E SERVIÇOS PÚBLICOS;3500;2020-10-13;98;2020021382;2020;2020-12-02;2020-10-26 00:00:00;;;;185100.00;;FUTURA CONFECÇÃO E FORNECIMENTO DE PLACAS DE OBRA EM CHAPA DE AÇO GALVANIZADO E CAVALETE EM PERFIL DE METALON, CONFORME CONDIÇÕES, QUANTIDADES E EXIGÊNCIAS ESTABELECIDAS NO EDITAL E SEUS ANEXOS;;0;;;0;0;0;27824;13;5;;2129;False
licitacoes;097/2020;Pregão Eletrônico;;Homologada;SECRETARIA MUNICIPAL DE DESENVOLVIMENTO RURAL;3300;2020-10-09;97;2020035260;2020;2020-11-18;2020-10-23 00:00:00;;;;60254.55;;AQUISIÇÃO DE INSUMOS AGRÍCOLAS PARA IMPLANTAÇÃO DAS HORTAS COMUNITÁRIAS DA 605 NORTE, 607 NORTE E DA T 33 TAQUARI,;;0;;;0;0;0;27813;13;5;;2129;False
licitacoes;096/2020;Pregão Eletrônico;;Homologada;SECRETARIA MUNICIPAL DE DESENVOLVIMENTO ECONÔMICO E EMPREGO;2600;2020-11-20;96;2020025337;2020;2021-03-25;2020-12-03 00:00:00;;;;50536.00;;AQUISIÇÃO DE TANQUE DE REDE PARA CRIAÇÃO DE ALEVINOS;;0;;;0;0;0;27798;13;5;;2129;False
licitacoes;095/2020;Pregão Eletrônico;;Homologada;FUNDO MUNICIPAL DE ASSISTÊNCIA SOCIAL;5800;2020-09-30;95;2020033516;2020;2020-11-16;2020-10-06 00:00:00;;;;307880.85;;CONTRATAÇÃO DE EMPRESA ESPECIALIZADA NO FORNECIMENTO DE EPI'S, MATERIAL DE LIMPEZA E EQUIPAMENTOS PARA O ENFRENTAMENTO DA COVID 19;;0;;;0;0;0;27757;13;5;;2129;False
licitacoes;094/2020;Pregão Eletrônico;;Homologada;SECRETARIA MUNICIPAL DE SEGURANCA E MOBILIDADE URBANA;1200;2020-09-25;94;2020014527;2020;2020-12-23;2020-10-09 00:00:00;;;;58576.80;;AQUISIÇÃO DE CÂMERAS PARA O SISTEMA DE VÍDEO MONITORAMENTO DO CENTRO INTEGRADO DE COMANDA E CONTROLE (CICC) DA SECRETARIA MUNICIPAL DE SEGURANÇA E MOBILIDADE URBANA (SESMU) PARA ATENDIMENTO DE VIGILÂNCIA ELETRÔNICA DO PARQUE DOS POVOS INDÍGENAS E PARQUE CESAMAR;;0;;;0;0;0;27736;13;5;;2129;False
licitacoes;093/2020;Pregão Eletrônico;;Aberta;SECRETARIA MUNICIPAL DA EDUCAÇÃO;2900;2021-01-27;93;2020002066;2020;;2021-02-09 00:00:00;;;;;;REGISTRO DE PREÇO VISANDO A FUTURA CONTRATAÇÃO DE EMPRESA ESPECIALIZADA NA PRESTAÇÃO DE SERVIÇOS EM IMPRESSÃO DEPARTAMENTAL COM FRANQUIA, ABRANGENDO O FORNECIMENTO DE MULTIFUNCIONAIS E  SCANNERS QUE POSSIBILITEM EMBARCAR SOLUÇÕES E DISPOSITIVOS DE CAPTURA, INCLUINDO PAPEL, TONERS, PEÇAS E INSUMOS, VIABILIZAÇÃO DE SOFTWARE DE CONTABILIZAÇÃO DE IMPRESSÕES, GERENCIAMENTO DOS USUÁRIOS, LOGÍSTICA, MANUTENÇÃO DOS EQUIPAMENTOS, PARA ATENDER AS DEMANDAS DA PREFEITURA MUNICIPAL DE PALMAS;;0;;;0;0;0;27737;13;1;;2129;False
licitacoes;092/2020;Pregão Eletrônico;;Homologada;SECRETARIA MUNICIPAL DA SAÚDE;8600;2021-01-28;92;2020029160;2020;2021-04-01;2021-02-11 00:00:00;;;;601830.00;;CONTRATAÇÃO DE EMPRESA ESPECIALIZADA EM CONFECÇÃO DE PRÓTESES DENTÁRIAS QUE ATENDERÃO OS PACIENTES USUÁRIOS DO SUS DO MUNICÍPIO DE PALMAS.;;0;;;0;0;0;27729;13;5;;2129;False
licitacoes;091/2020;Pregão Eletrônico;;Homologada;SECRETARIA MUNICIPAL DE INFRAESTRUTURA E SERVIÇOS PÚBLICOS;3500;2020-09-21;91;2020036454;2020;2020-10-30;2020-10-01 00:00:00;;;;395633.83;;AQUISIÇÃO DE MATERIAIS COMPLEMENTARES PARA CONSTRUÇÃO DA 6ª CÉLULA DO ATERRO SANITÁRIO DE PALMAS, CONFORME CONDIÇÕES, QUANTIDADES E EXIGÊNCIAS ESTABELECIDAS NESTE TERMO E SEUS ANEXOS.;;0;;;0;0;0;27708;13;5;;2129;False
licitacoes;090/2020;Pregão Eletrônico;;Homologada;SECRETARIA MUNICIPAL DE DESENVOLVIMENTO ECONÔMICO E EMPREGO;2600;2020-10-22;90;2020029843;2020;2020-12-09;2020-11-04 00:00:00;;;;140635.50;;AQUISIÇÃO DE EQUIPAMENTOS PARA CERÂMICA ( TORNO ELÉTRICO PARA CERÂMICA, MAROMBA PARA PRODUÇÃO DE MASSA DE CERÂMICA,BASE GIRATÓRIA PARA ARGILA,BASE PARA TORNO PARA CERÂMICA PARA ATENDER O EMPREENDIMENTO DE ECONOMIA SOLIDÁRIA ?CUMBUCA?,ASSISTIDO E BENEFICIADO PELO ?PROJETO DESENVOLVE PALMAS?,;;0;;;0;0;0;27706;13;5;;2129;False
licitacoes;089/2020;Pregão Eletrônico;;Homologada;SECRETARIA MUNICIPAL DA SAÚDE;8600;2020-09-21;89;2019099642;2020;2021-03-16;2020-10-01 00:00:00;;;;95269.96;;CONTRATAÇÃO DE EMPRESA ESPECIALIZADA NA PRESTAÇÃO DE SERVIÇOS DE MANUTENÇÃO PREVENTIVA E CORRETIVA, COM REPOSIÇÃO DE PEÇAS ORIGINAIS EM EQUIPAMENTOS MÉDICOS HOSPITALARES, POR UM PERÍODO DE 12 (DOZE) MESES DE FORMA CONTINUADA;;0;;;0;0;0;27715;13;5;;2129;False
licitacoes;088/2020;Pregão Eletrônico;;Homologada;SECRETARIA MUNICIPAL DE DESENVOLVIMENTO URBANO E SERVIÇOS REGIONAIS;9400;2020-09-14;88;2020007783;2020;2020-10-27;2020-09-29 00:00:00;;;;29602.42;;CONTRATAÇÃO DE EMPRESA ESPECIALIZADA NA CONFECÇÃO DE MATERIAIS GRÁFICOS PARA ATENDIMENTO DE DEMANDAS DO DEPARTAMENTO DE FISCALIZAÇÃO DE OBRAS E POSTURAS PERTENCENTE A SECRETARIA MUNICIPAL DE DESENVOLVIMENTO URBANO, REGULARIZAÇÃO FUNDIÁRIA E SERVIÇOS REGIONAIS.;;0;;;0;0;0;27672;13;5;;2129;False
licitacoes;087/2020;Pregão Eletrônico;;Homologada;SECRETARIA MUNICIPAL DA SAÚDE;8600;2020-09-14;87;2020024069;2020;2020-12-15;2020-09-28 00:00:00;;;;9963621.81;;FUTURA CONTRATAÇÃO DE EMPRESA ESPECIALIZADA NO FORNECIMENTO MATERIAIS DE ENFERMAGEM, PARA ATENDER AS NECESSIDADES DA REDE MUNICIPAL DE SAÚDE DE PALMAS, CONFORME CONDIÇÕES, QUANTIDADES E EXIGÊNCIAS ESTABELECIDAS NO EDITAL E SEUS ANEXOS;;0;;;0;0;0;27663;13;5;;2129;False
licitacoes;086/2020;Pregão Eletrônico;;Homologada;SECRETARIA MUNICIPAL DE DESENVOLVIMENTO ECONÔMICO E EMPREGO;2600;2020-11-30;86;2020010593;2020;2021-03-26;2020-12-14 00:00:00;;;;28287.24;;A AQUISIÇÃO DE MATERIAIS PARA PRODUÇÃO DE PEÇAS EM CERÂMICA, NAS CONDIÇÕES, QUANTITATIVOS E ESPECIFICAÇÕES ESTABELECIDAS NO EDITAL E SEUS ANEXOS.;;0;;;0;0;0;27659;13;5;;2129;False
licitacoes;085/2020;Pregão Eletrônico;;Homologada;SECRETARIA MUNICIPAL DA SAÚDE;8600;2020-12-04;85;2020025647;2020;2021-01-19;2020-09-25 00:00:00;;;;378420.40;;AQUISIÇÃO DE MATERIAIS DE PAPELARIA E BRINQUEDOS PARA ATENDER A REDE DO MUNICÍPIO.;;0;;;0;0;0;27697;13;5;;2129;False
licitacoes;084/2020;Pregão Eletrônico;;Homologada;SECRETARIA MUNICIPAL DA EDUCAÇÃO;2900;2020-09-29;84;2020025147;2020;2020-12-11;2020-10-14 00:00:00;;;;251408.00;;CONTRATAÇÃO DE EMPRESA ESPECIALIZADA PARA AQUISIÇÃO E INSTALAÇÃO DE APARELHOS DE AR-CONDICIONADO, PARA ATENDER A NOVA SEDE DA SECRETARIA MUNICIPAL DA EDUCAÇÃO.;;0;;;0;0;0;27646;13;5;;2129;False
licitacoes;083/2020;Pregão Eletrônico;;Homologada;SECRETARIA MUNICIPAL DA SAÚDE;8600;2020-09-11;83;2020021457;2020;2021-01-25;2020-09-25 00:00:00;;;;111840.00;;A AQUISIÇÃO DE MATERIAIS DE INFORMÁTICA (APARELHOS TELEFÔNICOS), SOB O SISTEMA DE REGISTRO DE PREÇOS, NAS CONDIÇÕES, QUANTITATIVOS E ESPECIFICAÇÕES ESTABELECIDAS NO EDITAL E SEUS ANEXOS.;;0;;;0;0;0;27658;13;5;;2129;False
licitacoes;082/2020;Pregão Eletrônico;;Homologada;SECRETARIA MUNICIPAL DE DESENVOLVIMENTO RURAL;3300;2020-09-04;82;2020029569;2020;2020-10-30;2020-09-23 00:00:00;;;;3603531.20;;FUTURA AQUISIÇÃO DE INSUMOS, ADUBOS E OUTROS MATERIAIS PARA ATENDER AS AÇÕES DA PASTA;;0;;;0;0;0;27616;13;5;;2129;False
licitacoes;081/2020;Pregão Eletrônico;;Homologada;SECRETARIA MUNICIPAL DA SAÚDE;8600;2020-09-03;81;2020033141;2020;2020-11-26;2020-09-22 00:00:00;;;;9438973.50;;AQUISIÇÃO DE MATERIAIS , PARA ATENDER OS 34 CENTROS DE SAÚDE DA COMUNIDADE TOTALIZANDO 85 EQUIPES DE SAÚDE DA FAMÍLIA 07 CENTROS DE REFERENCIAS;;0;;;0;0;0;27617;13;5;;2129;False
licitacoes;080/2020;Pregão Eletrônico;;Homologada;INSTITUTO DE PREVIDÊNCIA SOCIAL DO MUNICÍPIO DE PALMAS;6100;2020-09-03;80;2020003428;2020;2021-06-11;2020-09-17 00:00:00;;;;256340.00;;AQUISIÇÃO DE EQUIPAMENTOS DE INFORMÁTICA;;0;;;0;0;0;27599;13;5;;2129;False
licitacoes;079/2020;Pregão Eletrônico;;Homologada;SECRETARIA MUNICIPAL DE SEGURANCA E MOBILIDADE URBANA;1200;2020-09-03;79;2020033417;2020;2020-11-05;2020-09-17 00:00:00;;;;36255.72;;A AQUISIÇÃO DE TENDAS INFLÁVEIS, BALÕES TIPO ROOF TOP INFLÁVEIS, LAÇOS INFLÁVEIS E TÚNEL INFLÁVEL PARA ATENDIMENTO DAS DEMANDAS DA GERENCIA DE EDUCAÇÃO PARA O TRÂNSITO, CONFORME CONDIÇÕES E EXIGÊNCIAS ESTABELECIDAS NESTE EDITAL E SEUS ANEXOS;;0;;;0;0;0;27600;13;5;;2129;False
licitacoes;078/2020;Pregão Eletrônico;;Homologada;FUNDO MUNICIPAL DE ASSISTÊNCIA SOCIAL;5800;2020-08-27;78;2020028464;2020;2020-11-13;2020-09-10 00:00:00;;;;381197.13;;CONTRATAÇÃO DE EMPRESA ESPECIALIZADA EM SERVIÇOS FUNERÁRIOS PARA ATENDIMENTO ÀS FAMILIAS DE BAIXA RENDA, CUJAS ESPECIFICAÇÕES E QUANTITATIVOS ESTÃO ESTABELECIDOS NO EDITAL E SEUS ANEXOS.;;0;;;0;0;0;27564;13;5;;2129;False
licitacoes;077/2020;Pregão Eletrônico;;Homologada;FUNDO MUNICIPAL DE ASSISTÊNCIA SOCIAL;5800;2020-08-27;77;2020025579;2020;2020-10-23;2020-09-15 00:00:00;;;;100000.00;;CONTRATAÇÃO DE EMPRESA ESPECIALIZADA NA PRESTAÇÃO DE SERVIÇOS DE EMISSÃO DE PASSAGENS RODOVIÁRIAS NACIONAIS, COMPREENDENDO OS SERVIÇOS DE EMISSÃO, REMARCAÇÃO E CANCELAMENTO DE PASSAGENS TERRESTRES INTERMUNICIPAIS, INTERESTADUAIS E NACIONAL;;0;;;0;0;0;27570;13;5;;2129;False
licitacoes;075/2020;Pregão Eletrônico;;Aberta;SECRETARIA MUNICIPAL DE INFRAESTRUTURA E SERVIÇOS PÚBLICOS;3500;2020-08-24;75;2020029622;2020;;2020-09-10 00:00:00;;;;1378387.50;;CONTRATAÇÃO DE EMPRESA ESPECIALIZADA PARA FUTURA AQUISIÇÃO DE PLAYGROUNDS COM ACESSIBILIDADE E SEM ACESSIBILIDADE.;;0;;;0;0;0;27517;13;1;;2129;False
licitacoes;074/2020;Pregão Eletrônico;;Homologada;SECRETARIA MUNICIPAL DA SAÚDE;8600;2020-08-21;74;2020024095;2020;2020-11-10;2020-09-02 00:00:00;;;;13234842.00;;AQUISIÇÃO DE MATERIAIS DE ENFERMAGEM PARA ATENDER A REDE MUNICIPAL DE SAÚDE;;0;;;0;0;0;27526;13;5;;2129;False
licitacoes;073/2020;Pregão Eletrônico;;Homologada;SECRETARIA MUNICIPAL DE DESENVOLVIMENTO ECONÔMICO E EMPREGO;2600;2020-08-19;73;2020010600;2020;2020-11-17;2020-09-03 00:00:00;;;;109925.00;;CONTRATAÇÃO DE EMPRESAS ESPECIALIZADAS NA PRESTAÇÃO DE SERVIÇOS EM MINISTRAR CURSOS DE CAPACITAÇÃO E OFICINAS, OBJETIVANDO ATENDER AS NECESSIDADES E METAS DE EXECUÇÃO 02 (DOIS) E 04 (QUATRO) DO PLANO DE TRABALHO DESENVOLVE PALMAS: PROMOVENDO O DESENVOLVIMENTO SOCIOCOMUNITÁRIO DE PALMAS.;;0;;;0;0;0;27494;13;5;;2129;False
licitacoes;072/2020;Pregão Eletrônico;;Aberta;SECRETARIA MUNICIPAL DA EDUCAÇÃO;2900;2020-10-22;72;2020019367;2020;;2020-12-29 00:00:00;;;;10681305.60;;SERVIÇO DE NATUREZA CONTINUADA DE VIGILÂNCIA ARMADA/DESARMADA, CONFORME NECESSIDADE DA ADMINISTRAÇÃO MUNICIPAL;;0;;;0;0;0;27493;13;1;;2129;False
licitacoes;071/2020;Pregão Eletrônico;;Homologada;SECRETARIA MUNICIPAL DE DESENVOLVIMENTO RURAL;3300;2020-08-17;71;2020026813;2020;2020-10-22;2020-08-27 00:00:00;;;;86489.40;;CONTRATAÇÃO DE EMPRESA PARA FORNECIMENTO DE INSUMOS  (SÊMEN DE RAÇAS LEITEIRAS, HÔRMONIOS) E OUTROS PARA A PROMOÇÃO DO MELHORAMENTO GENÉTICO DE REBANHOS LEITEIROS DO MUNICÍPIO DE PALMAS ? TO COMO AÇÃO DO PROJETO LEITE DE PALMAS;;0;;;0;0;0;27471;13;5;;2129;False
licitacoes;070/2020;Pregão Eletrônico;;Homologada;FUNDO MUNICIPAL DE HABITAÇÃO DE INTERESSE SOCIAL;6500;2020-08-13;70;2020021641;2020;2020-10-16;2020-08-26 00:00:00;;;;46470.00;;CONTRATAÇÃO DE EMPRESA ESPECIALIZADA NA PRESTAÇÃO DE SERVIÇOS PARA REUNIÕES, PALESTRAS, ESTUDO DE DIAGNÓSTICO E SEMINÁRIO COM FORNECIMENTOS DE MATERIAL DIDÁTICO, LANCHE, INSTRUTOR E QUALQUER OUTRO PRODUTO NECESSÁRIO PARA BOM DESEMPENHO DAS AÇÕES DO EMPREENDIMENTO RESIDENCIAL LEBLON CONFORME O PROJETO DE TRABALHO SOCIAL - PTS APROVADO PELA CAIXA ECONÔMICA FEDERAL, NAS CONDIÇÕES E ESPECIFICAÇÕES ESTABELECIDAS NO EDITAL E SEUS ANEXOS;;0;;;0;0;0;27460;13;5;;2129;False
licitacoes;069/2020;Pregão Eletrônico;;Homologada;SECRETARIA MUNICIPAL DA SAÚDE;8600;2020-10-07;69;2020022385;2020;2020-12-30;2020-10-20 00:00:00;;;;59668.68;;CONTRATAÇÃO DE EMPRESA ESPECIALIZADA NA PRESTAÇÃO DE SERVIÇO TELEFÔNICO FIXO COMUTADO - STFC, PARA ATENDER A SECRETARIA MUNICIPAL DE SAÚDE, CUJAS ESPECIFICAÇÕES E QUANTITATIVOS ESTÃO ESTABELECIDOS NO EDITAL E SEUS ANEXOS.;;0;;;0;0;0;27439;13;5;;2129;False
licitacoes;068/2020;Pregão Eletrônico;;Homologada;SECRETARIA MUNICIPAL DA FAZENDA E TRANSFORMAÇÃO DIGITAL;2700;2020-08-06;68;82232020;2020;2020-10-13;2020-08-18 00:00:00;;;;201383.90;;CONTRATAÇÃO DE EMPRESA ESPECIALIZADA EM FORNECIMENTO E CONFECÇÃO DE CARIMBOS PARA ATENDER AS NECESSIDADES DE TODAS UNIDADES GESTORAS DA PREFEITURA MUNICIPAL DE PALMAS CUJAS ESPECIFICAÇÕES E QUANTITATIVOS ESTÃO ESTABELECIDAS NO EDITAL E SEUS ANEXOS.;;0;;;0;0;0;27426;13;5;;2129;False
licitacoes;067/2020;Pregão Eletrônico;;Homologada;SECRETARIA MUNICIPAL DE INFRAESTRUTURA E SERVIÇOS PÚBLICOS;3500;2020-08-06;67;2020007842;2020;2020-11-04;2020-08-20 00:00:00;;;;4377296.93;;O REGISTRO DE PREÇOS, PARA ESCOLHA DA PROPOSTA MAIS VANTAJOSA PARA FUTURA AQUISIÇÃO DE MATERIAIS DE CONSTRUÇÃO E ELÉTRICOS PARA SUPRIREM AS DEMANDAS EM EQUIPAMENTOS PÚBLICOS NO MUNICÍPIO DE PALMAS/TO;;0;;;0;0;0;27434;13;5;;2129;False
licitacoes;066/2020;Pregão Eletrônico;;Homologada;FUNDO MUNICIPAL DE HABITAÇÃO DE INTERESSE SOCIAL;6500;2020-08-05;66;2020022857;2020;2020-10-29;2020-08-18 00:00:00;;;;99000.00;;CONTRATAÇÃO DE EMPRESA ESPECIALIZADA NA PRESTAÇÃO DE SERVIÇOS PARA PALESTRAS, CURSOS, OFICINA E SEMINÁRIO COM FORNECIMENTOS DE MATERIAL DIDÁTICO, LANCHE, INSTRUTOR E QUALQUER OUTRO PRODUTO NECESSÁRIO PARA BOM DESEMPENHO DAS AÇÕES DO EMPREENDIMENTO RESIDENCIAL BARRA DA TIJUCA CONFORME O PROJETO DE TRABALHO SOCIAL - PTS APROVADO PELA CAIXA ECONÔMICA FEDERAL - PALMAS/TO.;;0;;;0;0;0;27425;13;5;;2129;False
licitacoes;065/2020;Pregão Eletrônico;;Homologada;SECRETARIA MUNICIPAL DE INFRAESTRUTURA E SERVIÇOS PÚBLICOS;3500;2020-08-05;65;2020022675;2020;2020-10-08;2020-08-18 00:00:00;;;;839473.95;;FUTURA AQUISIÇÃO DE PEDRA BRITADA Nº 0, PEDRA BRITADA Nº 1, PEDRA DE MÃO OU PEDRA RACHÃO PARA ARRIMO/FUNDAÇÃO, CONFORME CONDIÇÕES E EXIGÊNCIAS ESTABELECIDAS NO EDITAL E SEUS ANEXOS;;0;;;0;0;0;27419;13;5;;2129;False
licitacoes;063/2020;Pregão Eletrônico;;Homologada;SECRETARIA MUNICIPAL DE DESENVOLVIMENTO ECONÔMICO E EMPREGO;2600;2020-07-29;63;2020019391;2020;2020-09-23;2020-08-28 00:00:00;;;;17322.96;;AQUISIÇÃO DE MÁQUINAS DE CORTE E COSTURA, OBJETIVANDO ATENDER AS NECESSIDADES DESCRITAS NO PLANO DE TRABALHO, META 1, ETAPA2, ITENS 11,12 E 43 ORIUNDO DA PROPOSTA SICONV Nº 783056/2013 CUJAS ESPECIFICAÇÕES E QUANTITATIVOS ESTÃO ESTABELECIDOS NESTE EDITAL E SEUS ANEXOS.;;0;;;0;0;0;27397;13;5;;2129;False
licitacoes;062/2020;Pregão Eletrônico;;Homologada;SECRETARIA MUNICIPAL DE DESENVOLVIMENTO ECONÔMICO E EMPREGO;2600;2020-07-22;62;2020019654;2020;2020-11-18;2020-08-04 00:00:00;;;;208577.04;;EQUIPAMENTOS DE INFORMÁTICA E SOFTWARE;;0;;;0;0;0;27326;13;5;;2129;False
licitacoes;061/2020;Pregão Eletrônico;;Homologada;SECRETARIA MUNICIPAL DE DESENVOLVIMENTO RURAL;3300;2020-07-17;61;2020024074;2020;2021-02-18;2020-07-30 00:00:00;;;;407095.00;;FUTURA AQUISIÇÃO DE MICROCOMPUTADORES, NOTEBOOKS E NOBREAKS, CONFORME CONDIÇÕES E EXIGÊNCIAS ESTABELECIDAS NO EDITAL E SEUS ANEXOS;;0;;;0;0;0;27291;13;5;;2129;False
licitacoes;060/2020;Pregão Eletrônico;;Homologada;SECRETARIA MUNICIPAL DE DESENVOLVIMENTO ECONÔMICO E EMPREGO;2600;2020-07-28;60;2020017491;2020;2020-11-06;2020-08-10 00:00:00;;;;123813.95;;A CONTRATAÇÃO DE EMPRESA ESPECIALIZADA PARA PRESTAÇÃO DE SERVIÇOS DE APLICAÇÃO DE MICRO REVESTIMENTO A FRIO, PARA A RECUPERAÇÃO DO ESTACIONAMENTO DA FEIRA DO JARDIM AURENY I, NO MUNICÍPIO DE PALMAS/TO, CONFORME CONDIÇÕES, QUANTIDADES E EXIGÊNCIAS ESTABELECIDAS NO EDITAL E SEUS ANEXOS;;0;;;0;0;0;27313;13;5;;2129;False
licitacoes;059/2020;Pregão Eletrônico;;Homologada;SECRETARIA MUNICIPAL DE DESENVOLVIMENTO ECONÔMICO E EMPREGO;2600;2020-08-19;59;2020017497;2020;2020-11-06;2020-08-31 00:00:00;;;;118688.72;;CONTRATAÇÃO DE EMPRESA ESPECIALIZADA PARA PRESTAÇÃO DE SERVIÇOS DE APLICAÇÃO DE MICRO REVESTIMENTO A FRIO, PARA A RECUPERAÇÃO DO ESTACIONAMENTO DA FEIRA DA QUADRA 307 NORTE, NO MUNICÍPIO DE PALMAS/TO, CONFORME CONDIÇÕES, QUANTIDADES E EXIGÊNCIAS ESTABELECIDAS NO EDITAL E SEUS ANEXOS;;0;;;0;0;0;27312;13;5;;2129;False
licitacoes;058/2020;Pregão Eletrônico;;Homologada;SECRETARIA MUNICIPAL DA FAZENDA E TRANSFORMAÇÃO DIGITAL;2700;2020-06-30;58;2020014305;2020;2020-10-09;2020-07-13 00:00:00;;;;540600.00;;CONTRATAÇÃO DE SERVIÇOS DE EMPRESA ESPECIALIZADA EM SERVIÇO DE COMUNICAÇÃO DE MULTIMÍDIA, PARA IMPLEMENTAÇÃO, OPERAÇÃO E MANUTENÇÃO DE UM CIRCUITO DE ACESSO, SÍNCRONO, DEDICADO À INTERNET, NA VELOCIDADE DE 600MBPS.;;0;;;0;0;0;27133;13;5;;2129;False
licitacoes;057/2020;Pregão Eletrônico;;Homologada;SECRETARIA MUNICIPAL DA SAÚDE;8600;2020-06-30;57;2020014300;2020;2020-09-22;2020-06-13 00:00:00;;;;130666.89;;AQUISIÇÃO DE INSUMOS PARA MANUTENÇÃO DO LABORATÓRIO DE ANÁLISE CLÍNICAS DA REDE MUNICIPAL DE SAÚDE DE PALMAS-TO.;;0;;;0;0;0;27112;13;5;;2129;False
licitacoes;056/2020;Pregão Eletrônico;;Homologada;FUNDO MUNICIPAL DE HABITAÇÃO DE INTERESSE SOCIAL;6500;2020-06-25;56;2020009812;2020;2020-09-02;2020-07-08 00:00:00;;;;52406.38;;CONTRATAÇÃO DE EMPRESA PARA A PRESTAÇÃO DE SERVIÇOS ESPECIALIZADA NA EXECUÇÃO GLOBAL DAS ATIVIDADES ESPECIFICADAS O PROJETO DE GESTÃO CONDOMINIAL E PATRIMONIAL DO EMPREENDIMENTO PALMAS VERTICAL RESIDENCIAL LAGO SUL II, LOCALIZADO NA AV. D, HM 02, APM 09, JARDIM AURENY III EM PALMAS ? TO, CONFORME CONDIÇÕES, QUANTIDADES E EXIGÊNCIAS ESTABELECIDAS NESTE EDITAL E SEUS ANEXOS;;0;;;0;0;0;27091;13;5;;2129;False
licitacoes;055/2020;Pregão Eletrônico;;Homologada;FUNDO MUNICIPAL DE HABITAÇÃO DE INTERESSE SOCIAL;6500;2020-07-06;55;2020010818;2020;2020-09-02;2020-07-17 00:00:00;;;;238500.00;;CONTRATAÇÃO DE EMPRESA ESPECIALIZADA NA PRESTAÇÃO DE SERVIÇOS DE EXECUÇÃO DE PROJETO DE TRABALHO SOCIAL ? PRELIMINAR (PTS ?P), REFERENTE A 2ª ETAPA DO PROGRAMA PPI-INTEGRADO EM FAVELAS, ASSENTAMENTOS PRECÁRIOS E HABITAÇÕES (UAS), PALMAS-TO, NAS CONDIÇÕES E QUANTITATIVOS E ESPECIFICAÇÕES ESTABELECIDAS NO EDITAL E SEUS ANEXOS;;0;;;0;0;0;27086;13;5;;2129;False
licitacoes;054/2020;Pregão Eletrônico;;Homologada;SECRETARIA MUNICIPAL DE COMUNICAÇÃO;5600;2020-06-24;54;2020013997;2020;2020-08-21;2020-07-07 00:00:00;;;;249538.00;;AQUISIÇÃO DE EQUIPAMENTOS DE INFORMÁTICA;;0;;;0;0;0;27078;13;5;;2129;False
licitacoes;053/2020;Pregão Eletrônico;;Homologada;FUNDO MUNICIPAL DE ASSISTÊNCIA SOCIAL;5800;2020-06-17;53;2020019275;2020;2020-07-17;2020-06-24 00:00:00;;;;68516.00;;AQUISIÇÃO DE KITS DE LIMPEZA E HIGIENE;;0;;;0;0;0;27040;13;5;;2129;False
licitacoes;052/2020;Pregão Eletrônico;;Homologada;SECRETARIA MUNICIPAL DA SAÚDE;8600;2020-08-12;52;2020016297;2020;2020-10-30;2020-08-24 00:00:00;;;;175735.60;;CONTRATAÇÃO DE EMPRESA PARA PRESTAÇÃO DE SERVIÇO DE COFFEE BREAK DESTINADOS AO ATENDIMENTO DAS NECESSIDADES DA SECRETARIA MUNICIPAL DE SAÚDE NAS CONDIÇÕES E QUANTITATIVOS E ESPECIFICAÇÕES ESTABELECIDAS NO EDITAL E SEUS ANEXOS.;;0;;;0;0;0;26931;13;5;;2129;False
licitacoes;051/2020;Pregão Eletrônico;;Homologada;SECRETARIA MUNICIPAL DA SAÚDE;8600;2020-06-05;51;2019107491;2020;2021-02-19;2020-06-22 00:00:00;;;;76479.15;;AQUISIÇÃO DE MATERIAIS ODONTOLÓGICOS;;0;;;0;0;0;26916;13;5;;2129;False
licitacoes;050/2020;Pregão Eletrônico;;Homologada;SECRETARIA MUNICIPAL DE INFRAESTRUTURA E SERVIÇOS PÚBLICOS;3500;2020-05-27;50;2019068748;2020;2020-08-10;2020-06-10 00:00:00;;;;155367.55;;CONTRATAÇÃO DE EMPRESA ESPECIALIZADA PARA ELABORAÇÃO DE PLANOS E PROJETOS EM ANDAMENTO AO TERMO DE COMPROMISSO Nº04/2017 COM VISTAS AO CUMPRIMENTO DAS EXIGÊNCIAS APRESENTADAS NO ÂMBITO DA RENOVAÇÃO MUNICIPAL DE OPERAÇÃO ? LMO DO ATERRO SANITÁRIO DE PALMAS -TO.;;0;;;0;0;0;26880;13;5;;2129;False
licitacoes;049/2020;Pregão Eletrônico;;Homologada;FUNDO MUNICIPAL DE ASSISTÊNCIA SOCIAL;5800;2020-05-26;49;2020017842;2020;2020-09-01;2020-06-09 00:00:00;;;;817328.90;;AQUISIÇÃO DE GÊNERO ALIMENTÍCIOS PARA ATENDER A DIRETORIA DE PROTEÇÃO BÁSICA, DIRETORIA DE PROTEÇÃO SOCIAL ESPECIAL, CONSELHOS TUTELARES E SUPERINTÊNDENCIA DE POLITICAS E CONTROLE SOCIAL DA SECRETARIA MUNICIPAL DE DESENVOLVIMENTO SOCIAL DE PALMAS;;0;;;0;0;0;26861;13;5;;2129;False
licitacoes;048/2020;Pregão Eletrônico;;Homologada;SECRETARIA MUNICIPAL DA FAZENDA E TRANSFORMAÇÃO DIGITAL;2700;2020-05-27;48;2020007150;2020;2020-07-28;2020-06-08 00:00:00;;;;831189.60;;FUTURA AQUISIÇÃO DE ÁGUA MINERAL, GELO E GÁS DE COZINHA, DESTINADOS A ATENDEREM AS NECESSIDADES DAS UNIDADES GESTORAS DO MUNICÍPIO DE PALMAS, CONFORME CONDIÇÕES E EXIGÊNCIAS ESTABELECIDAS NO EDITAL E SEUS ANEXOS.;;0;;;0;0;0;26862;13;5;;2129;False
licitacoes;047/2020;Pregão Eletrônico;;Homologada;SECRETARIA MUNICIPAL DE INFRAESTRUTURA E SERVIÇOS PÚBLICOS;3500;2020-05-27;47;2020016314;2020;2020-07-08;2020-06-08 00:00:00;;;;415710.00;;FUTURA AQUISIÇÃO DE CAL HIDRATADO CH1, CONFORME CONDIÇÕES, QUANTIDADES E EXIGÊNCIAS ESTABELECIDAS NO TERMO E SEUS ANEXOS;;0;;;0;0;0;26863;13;5;;2129;False
licitacoes;045/2020;Pregão Eletrônico;;Homologada;SECRETARIA MUNICIPAL DA SAÚDE;8600;2020-05-15;45;2020010889;2020;2021-04-23;2020-05-29 00:00:00;;;;576624.18;;ESCOLHA DA PROPOSTA MAIS VANTAJOSA PARA FUTURA AQUISIÇÃO DE MATERIAL DE CONSUMO E PERMANENTE (MATERIAIS DE FISIOTERAPIA), CUJAS ESPECIFICAÇÕES E QUANTITATIVOS ESTÃO ESTABELECIDOS NO EDITAL E SEUS ANEXOS.;;0;;;0;0;0;26791;13;5;;2129;False
licitacoes;044/2020;Pregão Eletrônico;;Homologada;SECRETARIA MUNICIPAL DE INFRAESTRUTURA E SERVIÇOS PÚBLICOS;3500;2020-05-13;44;2020013937;2020;2020-07-08;2020-05-29 00:00:00;;;;508500.00;;FUTURA AQUISIÇÃO DE BANCOS PARA JARDINS;;0;;;0;0;0;26775;13;5;;2129;False
licitacoes;043/2020;Pregão Eletrônico;;Aberta;FUNDO MUNICIPAL DO MEIO AMBIENTE;6700;2020-07-17;43;2020009828;2020;;2020-07-31 00:00:00;;;;137179.36;;CONTRATAÇÃO DE SERVIÇOS DE EMPRESA ESPECIALIZADA PARA REALIZAÇÃO DE ANÁLISES LABOTRATORIAIS DE PARÂMETROS FISICO-QUIMICOS E MICROBIOLÓGICOS PARA VERIFICAÇÃO DA QUALIDADE DA ÁGUA E DE AFLUENTES, CONFORME RESOLUÇÃO DO CONSELHO NACIONAL DE MEIO AMBIENTE - CONAMA Nº 357/2005 E 430/2011 CONFORME ESTABELECIDAS NO EDITAL E SEUS ANEXOS.;;0;;;0;0;0;26769;13;1;;2129;False
licitacoes;041/2020;Pregão Eletrônico;;Aberta;SECRETARIA MUNICIPAL DE INFRAESTRUTURA E SERVIÇOS PÚBLICOS;3500;2020-06-03;41;2019079997;2020;;2020-06-17 00:00:00;;;;;;SERVIÇO DE IMPERMEABILIZAÇÃO DE SUPERFÍCIE COM MANTA GEOMEMBRANA LISA TIPO PEAD, E=2MM DA 6ª CÉDULA DE AMPLIAÇÃO DO ATERRO SANITÁRIO DE PALMAS-TO.;;0;;;0;0;0;26753;13;1;;2129;False
licitacoes;040/2020;Pregão Eletrônico;;Homologada;FUNDO MUNICIPAL DO MEIO AMBIENTE;6700;2020-05-08;40;2020009823;2020;2020-08-18;2020-05-26 00:00:00;;;;34799.10;;CONTRATAÇÃO DE EMPRESA ESPECIALIZADA PARA REALIZAÇÃO DE ANÁLISES LABORATORIAIS PARA VERIFICAÇÃO DA QUALIDADE DA ÁGUA PARA BALNEABILIDADE DAS PRAIAS (PRATA, GRACIOSA, CAJU, ARNOS E BURITI);;0;;;0;0;0;26755;13;5;;2129;False
licitacoes;039/2020;Pregão Eletrônico;;Homologada;SECRETARIA MUNICIPAL DA SAÚDE;8600;2020-04-29;39;2020017762;2020;2020-06-23;2020-05-18 00:00:00;;;;19261.09;;AQUISIÇÃO DE RAÇÃO PARA CÃES E GATOS PARA ATENDER A GERÊNCIA DA UNIDADE DE VIGILÂNCIA E CONTROLE DE ZOONOSES DA SECRETARIA MUNICIPAL DE SAÚDE;;0;;;0;0;0;26700;13;5;;2129;False
licitacoes;037/2020;Pregão Eletrônico;;Homologada;FUNDO MUNICIPAL DE HABITAÇÃO DE INTERESSE SOCIAL;6500;2020-04-27;37;2019092856;2020;2020-06-23;2020-05-13 00:00:00;;;;38963.00;;CONTRATAÇÃO DE EMPRESA ESPECIALIZADA NA PRESTAÇÃO DE SERVIÇOS PARA REUNIÕES, PALESTRAS, ESTUDO DE DIAGNÓSTICO E SEMINÁRIO COM FORNECIMENTO DE MATERIAL DIDÁTICO, LANCHE, INSTRUTOR E QUALQUER OUTRO PRODUTO NECESSÁRIO PARA O BOM DESEMPENHO DAS AÇÕES DO EMPREENDIMENTO HABITACIONAL JARDIM VITÓRIA I, CONFORME PROJETO DE TRABALHO SOCIAL ? PRELIMINAR ? PTS-P, APROVADO PELA CAIXA ECONÔMICA FEDERAL;;0;;;0;0;0;26654;13;5;;2129;False
licitacoes;036/2020;Pregão Eletrônico;;Homologada;SECRETARIA MUNICIPAL DE INFRAESTRUTURA E SERVIÇOS PÚBLICOS;3500;2020-04-24;36;2020016300;2020;2020-11-09;2020-05-12 00:00:00;;;;1955000.00;;AQUISIÇÃO DE GRAMA ESMERALDA, CONFORME CONDIÇÕES, QUANTIDADES E EXIGÊNCIAS ESTABELECIDAS NO EDITAL;;0;;;0;0;0;26652;13;5;;2129;False
licitacoes;035/2020;Pregão Eletrônico;;Homologada;SECRETARIA MUNICIPAL DE INFRAESTRUTURA E SERVIÇOS PÚBLICOS;3500;2020-04-24;35;2020012076;2020;2020-06-09;2020-05-11 00:00:00;;;;1506723.80;;REGISTRO DE PREÇOS PARA AQUISIÇÃO DE AREIA PÓ DE SEIXO, SEIXO ROLADO E SEIXO BRITADO;;0;;;0;0;0;26651;13;5;;2129;False
licitacoes;034/2020;Pregão Eletrônico;;Homologada;SECRETARIA MUNICIPAL DE INFRAESTRUTURA E SERVIÇOS PÚBLICOS;3500;2020-04-24;34;2019079896;2020;2020-06-15;2020-05-11 00:00:00;;;;162000.00;;CONTRATAÇÃO DE EMPRESA ESPECIALIZADA EM MANUTENÇÃO PREVENTIVA E CORRETIVA DOA EQUIPAMENTOS DE RECEPÇÃO E TRANSMISSÃO DO SINAL DE TV, NOS DISTRITOS DE TAQUARUÇU E BURITIRANA, ASSIM COMO EQUIPAMENTOS ELETRÕNICOS DE RELÓGIO DAS FLORES, LOCALIZADO NA ROTATÓRIA DA AV. LO-09 C/NS-02;;0;;;0;0;0;26650;13;5;;2129;False
licitacoes;033/2020;Pregão Eletrônico;;Homologada;SECRETARIA MUNICIPAL DE INFRAESTRUTURA E SERVIÇOS PÚBLICOS;3500;2020-04-24;33;2020003197;2020;2020-08-27;2020-05-11 00:00:00;;;;104184.21;;A FUTURA CONTRATAÇÃO DE EMPRESA PARA FORNECIMENTO DE GABIÕES TIPO CAIXA E COLCHÃO RENO, MANTA DE GEOTÊXTIL, PARA CONCLUSÃO DA DESCARGA DA REDE DE ÁGIAS PLUVIAIS DA AVENIDA LO 31 E CONCLUSÃO DA OBRA DE DRENAGEM, DA QUADRA ARSE 132 ANTIGA (1306 SUL), CONFORME CONDIÇÕES, QUANTIDADES E EXIGÊNCIAS ESTABELECIDAS EM EDITAL E SEUS ANEXOS.;;0;;;0;0;0;26648;13;5;;2129;False
licitacoes;032/2020;Pregão Eletrônico;;Homologada;SECRETARIA MUNICIPAL DE INFRAESTRUTURA E SERVIÇOS PÚBLICOS;3500;2020-04-27;32;2020003535;2020;2020-06-15;2020-05-12 00:00:00;;;;1033056.00;;AQUISIÇÃO DE CONCRETO USINADO CLASSE DE RESISTÊNCIA C20 COM BRITA 0 (ZERO);;0;;;0;0;0;26655;13;5;;2129;False
licitacoes;031/2020;Pregão Eletrônico;;Homologada;SECRETARIA MUNICIPAL DE INFRAESTRUTURA E SERVIÇOS PÚBLICOS;3500;2020-04-17;31;2020009849;2020;2020-07-08;2020-05-07 00:00:00;;;;415125.09;;A FUTURA CONTRATAÇÃO DE EMPRESA PARA FORNECIMENTO  DE EQUIPAMENTOS ( COMPACTADOR VIBRATÓRIO, COMPACTADOR PERCUSSÃO TIPO SAPO, CORTADORA DE PISO, MOTOR PODA, PODADOR, SOPRADOR COSTAL, MOTOSSERRA E RÉGUA VIBRATÓRIA),  PARA USO DA EQUIPE DE FUNCIONÁRIOS SECRETARIA MUNICIPAL DE INFRAESTRUTURA E SERVIÇOS PÚBLICOS. CONFORME CONDIÇÕES, QUANTIDADES E EXIGÊNCIAS ESTABELECIDAS EM EDITAL E SEUS ANEXOS;;0;;;0;0;0;26619;13;5;;2129;False
licitacoes;030/2020;Pregão Eletrônico;;Homologada;FUNDO MUNICIPAL DE HABITAÇÃO DE INTERESSE SOCIAL;6500;2020-04-17;30;2020007291;2020;2020-06-17;2020-05-06 00:00:00;;;;83202.00;;CONTRATAÇÃO DE EMPRESA ESPECIALIZADA NA PRESTAÇÃO DE SERVIÇOS DE EXECUÇÃO DE PROJETO DE TRABALHO SOCIAL ? PRELIMINAR (PTS ?P) JUNTO AO EMPREENDIMENTO RESIDENCIAL JARDIM VITÓRIA II, PALMAS-TO, APROVADO PELA CAIXA ECONÔMICA FEDERAL, CONFORME CONDIÇÕES, QUANTIDADES E EXIGÊNCIAS ESTABELECIDAS NESTE EDITAL E SEUS ANEXOS;;0;;;0;0;0;26617;13;5;;2129;False
licitacoes;029/2020;Pregão Eletrônico;;Homologada;SECRETARIA MUNICIPAL DA SAÚDE;8600;2020-04-17;29;2020001905;2020;2020-07-22;2020-05-04 00:00:00;;;;656300.30;;AQUISIÇÃO DE INSTRUMENTAIS CIRÚRGICOS E PROTETORES DE MACAS, PARA ATENDIMENTO AOS SERVIÇOS DE SAÚDE PRESTADOS POR ESTE MUNICÍPIO CONFORME CONDIÇÕES, QUANTIDADES E EXIGÊNCIAS ESTABELECIDAS NO EDITAL E SEUS ANEXOS;;0;;;0;0;0;26613;13;5;;2129;False
licitacoes;028/2020;Pregão Eletrônico;;Homologada;SECRETARIA MUNICIPAL DA SAÚDE;8600;2020-04-15;28;2019107439;2020;2020-06-05;2020-04-30 00:00:00;;;;140374.66;;AQUISIÇÃO DE MATERIAIS E INSUMOS DE LABORATÓRIO;;0;;;0;0;0;26598;13;5;;2129;False
licitacoes;027/2020;Pregão Eletrônico;;Homologada;SECRETARIA MUNICIPAL DA SAÚDE;8600;2020-04-23;27;2019105372;2020;2021-02-22;2020-05-08 00:00:00;;;;1123760.29;;AQUISIÇÃO DE MATERIAIS ODONTOLÓGICOS;;0;;;0;0;0;26642;13;5;;2129;False
licitacoes;026/2020;Pregão Eletrônico;;Homologada;SECRETARIA MUNICIPAL DE INFRAESTRUTURA E SERVIÇOS PÚBLICOS;3500;2020-04-13;26;2019101446;2020;2020-06-10;2020-04-28 00:00:00;;;;852197.50;;AQUISIÇÃO  DE MATERIAL DE CONCRETO PARA ATENDER ÀS DEMANDAS DE MANUTENÇÃO DE EQUIPAMENTOS DE DRENAGEM E EXECUÇÃO DE RAMAIS DE BOCA DE LOBO E DE RAMAIS DE MICRO E MACRO DRENAGEM, NA CIDADE DE PALMAS/TO;;0;;;0;0;0;26574;13;5;;2129;False
licitacoes;025/2020;Pregão Eletrônico;;Homologada;SECRETARIA MUNICIPAL DA SAÚDE;8600;2020-04-08;25;2020016002;2020;2020-05-26;2020-04-22 00:00:00;;;;139732.00;;CONTRATAÇÃO DE EMPRESA ESPECIALIZADA NO FORNECIMENTO DE CARGA DE BOTIJÃO DE GÁS COM CAPACIDADE PARA 45KG.;;0;;;0;0;0;26562;13;5;;2129;False
licitacoes;024/2020;Pregão Eletrônico;;Homologada;SECRETARIA MUNICIPAL DA SAÚDE;8600;2020-03-16;24;2020002660;2020;2020-06-03;2020-04-03 00:00:00;;;;758917.52;;AQUISIÇÃO DE INSTRUMENTAIS  ODONTOLÓGICOS;;0;;;0;0;0;26419;13;5;;2129;False
licitacoes;023/2020;Pregão Eletrônico;;Homologada;FUNDO MUNICIPAL DE ASSISTÊNCIA SOCIAL;5800;2020-03-23;23;2020002105;2020;2020-04-23;2020-03-31 00:00:00;;;;333920.00;;AQUISIÇÃO DE GÊNEROS ALIMENTÍCIOS PARA COMPOSIÇÃO DE CESTAS BÁSICAS, CONFORME CONDIÇÕES, QUANTIDADES  E EXIGÊNCIAS ESTABELECIDAS NO EDITAL E SEUS ANEXOS;;1;;;0;0;0;26394;13;5;;2129;False
licitacoes;022/2020;Pregão Eletrônico;;Aberta;SECRETARIA MUNICIPAL DA FAZENDA E TRANSFORMAÇÃO DIGITAL;2700;2020-03-16;22;2019101954;2020;;2020-03-30 00:00:00;;;;0.00;;CONTRATAÇÃO DE EMPRESA PARA PRESTAÇÃO DE SERVIÇOS CONTÍNUOS ESPECIALIZADOS EM ORGANIZAÇÃO E GESTÃO DOCUMENTAL, GERENCIAMENTO FÍSICO E DIGITAL, GUARDA/CUSTÓDIA DO ACERVO DOCUMENTAL, FORNECENDO PLATAFORMA PARA O REPOSITÓRIO E SERVIÇOS TÉCNICOS ESPECIALIZADOS EM GESTÃO DE ARQUIVOS FÍSICOS, PARA ATENDER AS DEMANDAS DA PREFEITURA MUNICIPAL DE PALMAS.;;0;;;0;0;0;26397;13;1;;2129;False
licitacoes;021/2020;Pregão Eletrônico;;Aberta;SECRETARIA MUNICIPAL DA FAZENDA E TRANSFORMAÇÃO DIGITAL;2700;2020-03-13;21;2020000632;2020;;2020-03-30 00:00:00;;;;854290.30;;AQUISIÇÃO DE MATERIAL DE EXPEDIENTE;;0;;;0;0;0;26388;13;1;;2129;False
licitacoes;020/2020;Pregão Eletrônico;;Homologada;INSTITUTO DE PREVIDÊNCIA SOCIAL DO MUNICÍPIO DE PALMAS;6100;2020-05-25;20;2019078186;2020;2020-08-14;2020-06-05 00:00:00;;;;49300.00;;AQUISIÇÃO DE SCANERS DE MESA DESTINADO A ATENDER O INSTITUTO DE PREVIDÊNCIA SOCIAL DO MUNICÍPIO DE PALMAS - PREVIPALMAS;;0;;;0;0;0;26334;13;5;;2129;False
licitacoes;020/2020;Pregão Eletrônico;;Aberta;INSTITUTO DE PREVIDÊNCIA SOCIAL DO MUNICÍPIO DE PALMAS;6100;2020-05-13;20;2019078186;2020;;2020-05-27 00:00:00;;;;;;AQUISIÇÃO DE SCANNERS DE MESA, DESTINADOS A ATENDER O INSTITUTO DE PREVIDÊNCIA SOCIAL DO MUNICÍPIO DE PALMAS - PREVIPALMAS, DE ACORDO COM AS ESPECIFICAÇÕES DOS ANEXOS I E II.;;0;;;0;0;0;26776;13;1;;2129;False
licitacoes;019/2020;Pregão Eletrônico;;Homologada;SECRETARIA MUNICIPAL DA FAZENDA E TRANSFORMAÇÃO DIGITAL;2700;2020-03-12;19;2020003755;2020;2021-02-12;2020-03-27 00:00:00;;;;4231068.25;;AQUISIÇÃO DE MATERIAL DE LIMPEZA, HIGIENE, COPA E COZINHA, DESTINADO A ATENDER AS DEMANDAS DAS SECRETARIAS, FUNDAÇÕES E INSTITUTO DO MUNICÍPIO DE PALMAS.;;0;;;0;0;0;26377;13;5;;2129;False
licitacoes;018/2020;Pregão Eletrônico;;Aberta;SECRETARIA MUNICIPAL DE INFRAESTRUTURA E SERVIÇOS PÚBLICOS;3500;2020-03-10;18;2020008996;2020;;2020-03-23 00:00:00;;;;326284.28;;ENFEITES PARA ORNAMENTAÇÃO PASCOAL NA CIDADE DE PALMAS-TO;;0;;;0;0;0;26322;13;1;;2129;False
licitacoes;017/2020;Pregão Eletrônico;;Homologada;SECRETARIA MUNICIPAL DA SAÚDE;8600;2020-03-06;17;2019094299;2020;2020-03-10;2020-03-24 00:00:00;;;;7768114.18;;A AQUISIÇÃO DE MEDICAMENTOS, DESTINADOS AO ATENDIMENTO DE USUÁRIOS DA REDE MUNICIPAL DE SAÚDE;;0;;;0;0;0;26315;13;5;;2129;False
licitacoes;016/2020;Pregão Eletrônico;;Homologada;FUNDO MUNICIPAL DE HABITAÇÃO DE INTERESSE SOCIAL;6500;2020-06-15;16;2019101202;2020;2020-09-01;2020-06-30 00:00:00;;;;59457.22;;CONTRATAÇÃO DE EMPRESA ESPECIALIZADA PARA EXECUÇÃO DOS SERVIÇOS DE GESTÃO CONDOMINIAL E PATRIMONIAL, DO EMPREENDIMENTO PALMAS VERTICAL RESIDENCE LAGO SUL I, CONVÊNIO Nº 0373.310-26/2014, QUE ENTRE SI CELEBRAM A CAIXA ECONÔMICA FEDERAL E O MUNICÍPIO DE PALMAS ? TO;;0;;;0;0;0;26255;13;5;;2129;False
licitacoes;014/2020;Pregão Eletrônico;;Aberta;SECRETARIA MUNICIPAL DA EDUCAÇÃO;2900;2020-02-17;14;2019092972;2020;;2020-02-28 00:00:00;;;;;;A CONTRATAÇÃO DE EMPRESA ESPECIALIZADA PARA PRESTAÇÃO DE SERVIÇOS DE TRANSPORTES ESCOLARES, A SERVIDORES RESIDENTES NO MEIO URBANO E ALUNOS RESIDENTES NO MEIO RURAL.;;0;;;0;0;0;25974;13;1;;2129;False
licitacoes;013/2020;Pregão Eletrônico;;Aberta;SECRETARIA MUNICIPAL DE COMUNICAÇÃO;5600;2020-02-12;13;2019066047;2020;;2020-03-02 00:00:00;;;;14926820.00;;CONTRATAÇÃO DE EMPRESA ESPECIALIZADA, PARA AQUISIÇÃO DE MATERIAL GRÁFICO, PARA ATENDER ÀS NECESSIDADES DE TODAS AS UNIDADES GESTORAS DO PODER EXECUTIVO DE PALMAS;;0;;;0;0;0;25912;13;1;;2129;False
licitacoes;012/2020;Tomada de Preço para Compras e Serviços;;Homologada;SECRETARIA MUNICIPAL DE INFRAESTRUTURA E SERVIÇOS PÚBLICOS;3500;2021-04-23;12;2020022727;2020;2021-07-27;2021-05-13 00:00:00;;;;0.00;;CONTRATAÇÃO DE EMPRESA ESPECIALIZADA PARA EXECUÇÃO DA MACRODRENAGEM PLUVIAL DOS SETORES JANAÍNA E LAGO SUL, NO MUNICÍPIO DE PALMAS/TO.;;0;;;0;0;0;28067;3;5;;2129;False
licitacoes;012/2020;Pregão Eletrônico;;Homologada;SECRETARIA MUNICIPAL DE INFRAESTRUTURA E SERVIÇOS PÚBLICOS;3500;2020-02-10;12;2019050786;2020;2020-04-02;2020-02-21 00:00:00;;;;421600.00;;AQUISIÇÃO DE MOURÃO EM CONCRETO ARMADO;;0;;;0;0;0;25876;13;5;;2129;False
licitacoes;011/2020;Tomada de Preço para Compras e Serviços;;Aberta;SECRETARIA MUNICIPAL DE DESENVOLVIMENTO ECONÔMICO E EMPREGO;2600;2020-10-20;11;2020033235;2020;;2020-11-06 00:00:00;;;;0.00;;É A EXECUÇÃO DA CONSTRUÇÃO DA FEIRA DA PROMESSA NO SETOR SUL DE PALMAS ? TO, CONFORME TERMOS DESTE INSTRUMENTO E DEMAIS ELEMENTOS INSTRUTORES ANEXOS.;;0;;;0;0;0;27909;3;1;;2129;False
licitacoes;011/2020;Pregão Eletrônico;;Homologada;SECRETARIA MUNICIPAL DA SAÚDE;8600;2020-02-18;11;2019079486;2020;2020-04-29;2020-02-19 00:00:00;;;;2421982.00;;AQUISIÇÃO DE FRALDAS DESCARTÁVEIS PARA ATENDER AS NECESSIDADES DOS USUÁRIOS SISTEMA ÚNICO DE SAÚDE ( SUS) DO MUNICIPIO. CONFORME CONDIÇÕES, QUANTIDADES E EXIGÊNCIAS ESTABELECIDAS NO EDITAL E SEUS ANEXOS.;;0;;;0;0;0;25861;13;5;;2129;False
licitacoes;010/2020;Tomada de Preço para Compras e Serviços;;Homologada;SECRETARIA MUNICIPAL DE INFRAESTRUTURA E SERVIÇOS PÚBLICOS;3500;2020-07-29;10;2020018469;2020;2020-10-16;2020-08-17 00:00:00;;;;422730.38;;SERVIÇOS DE EXECUÇÃO DE CALÇADAS NA QUADRA 110 NORTE;;0;;;0;0;0;27392;3;5;;2129;False
licitacoes;010/2020;Pregão Eletrônico;;Homologada;FUNDO MUNICIPAL DE HABITAÇÃO DE INTERESSE SOCIAL;6500;2020-05-07;10;2019050700;2020;2020-07-06;2020-05-25 00:00:00;;;;5488.88;;CONTRATAÇÃO DE EMPRESA ESPECIALIZADA NO FORNECIMENTO DE EQUIPAMENTOS DE TECNOLOGIA DA INFORMAÇÃO, NOTEBOOK E CÂMERA FOTOGRÁFICA, PARA ATENDER AS ATIVIDADES E ORGANIZAÇÃO COMUNITÁRIA.;;0;;;0;0;0;25858;13;5;;2129;False
licitacoes;009/2020;Tomada de Preço para Compras e Serviços;;Homologada;SECRETARIA MUNICIPAL DE INFRAESTRUTURA E SERVIÇOS PÚBLICOS;3500;2020-06-17;9;2020011342;2020;2020-08-20;2020-07-08 00:00:00;;;;127274.79;;ELABORAÇÃO DE ESTUDOS TÉCNICOS NECESSÁRIOS PARA LICENCIAMENTO AMBIENTAL DAS OBRAS REALIZADAS COM RECURSOS DA CONFEDERAÇÃO ANDINA DE FOMENTO ? CAF NO SETOR SANTA FÉ, SETOR MORADA DO SOL I E III, DISTRITO INDUSTRIAL (TAQUARALTO), AVENIDA LO-21, AVENIDA LO-05, AVENIDA LO-13 E AVENIDA NS-05;;0;;;0;0;0;27041;3;5;;2129;False
licitacoes;009/2020;Pregão Eletrônico;;Homologada;AGÊNCIA MUNICIPAL DE TURISMO;1400;2020-01-29;9;2020001986;2020;2020-10-07;2020-02-13 00:00:00;;;;225416.80;;CONTRATAÇÃO DE EMPRESA ESPECIALIZADA EM PRESTAÇÃO DE SERVIÇOS DE IDENTIDADE VISUAIS TAIS COMO (ADESIVOS, PAINÉIS, LONAS, LETRAS, PLACAS E OUTROS), VISANDO ATENDER AS DEMANDAS DE COMUNICAÇÃO VISUAL DA AGTUR;;0;;;0;0;0;25857;13;5;;2129;False
licitacoes;008/2020;Tomada de Preço para Compras e Serviços;;Aberta;SECRETARIA MUNICIPAL DE INFRAESTRUTURA E SERVIÇOS PÚBLICOS;3500;2020-06-04;8;2020004221;2020;;2020-06-22 00:00:00;;;;;;ELABORAÇÃO DE PROJETO DE MACRODRENAGEM, DRENAGEM PLUVIAL, TERRAPLENAGEM, PAVIMENTAÇÃO ASFÁLTICA, SINALIZAÇÃO, CALÇADAS COM ACESSIBILIDADE, CICLOVIA;;0;;;0;0;0;26947;3;1;;2129;False
licitacoes;008/2020;Pregão Eletrônico;;Homologada;AGÊNCIA MUNICIPAL DE TURISMO;1400;2020-01-23;8;2019100922;2020;2020-02-20;2020-02-14 00:00:00;;;;186660.00;;CONTRATAÇÃO DE EMPRESA ESPECIALIZADA EM PRESTAÇÃO DE SERVIÇOS DE EVENTOS TAIS COMO (SEGURANÇA, BOMBEIRO CIVIL, ASG), PARA ATENDER A AGÊNCIA MUNICIPAL DE TURISMO EM SUAS ATIVIDADES E EVENTOS, CONFORME CONDIÇÕES, QUANTIDADES E EXIGÊNCIAS  ESTABELECIDAS NO EDITAL E SEUS ANEXOS;;0;;;0;0;0;25829;13;5;;2129;False
licitacoes;007/2020;Registro de Preço;;Homologada;SECRETARIA MUNICIPAL DA FAZENDA E TRANSFORMAÇÃO DIGITAL;2700;2021-02-12;7;2020040048;2020;2021-04-13;2021-02-25 00:00:00;;;;4023751.96;;FINANÇAS - CONTRATAÇÃO DE PESSOA JURÍDICA ESPECIALIZADA NA PRESTAÇÃO DOS SERVIÇOS DE NATUREZA CONTINUADA DE MANUTENÇÃO CORRETIVA E PREVENTIVA DE APARELHOS DE AR CONDICIONADO, CONFORME ESPECIFICAÇÕES CONSTANTES NO EDITAL;;0;;;0;0;0;28425;90;5;;2129;False
licitacoes;007/2020;Pregão Eletrônico;;Homologada;SECRETARIA MUNICIPAL DE INFRAESTRUTURA E SERVIÇOS PÚBLICOS;3500;2020-05-15;7;2019083923;2020;2020-08-24;2020-06-26 00:00:00;;;;6180750000.00;;CONTRATAÇÃO DE EMPRESA ESPECIALIZADA NO FORNECIMENTO DE MASSA ASFÁLTICA CBUQ - CONCRETO BETUMINOSO USINADO A QUENTE DOSADO COM CAP 50/70, FAIXA ?C? DNIT.;;0;;;0;0;0;25827;13;5;;2129;False
licitacoes;007/2020;Tomada de Preço para Compras e Serviços;;Homologada;SECRETARIA MUNICIPAL DE INFRAESTRUTURA E SERVIÇOS PÚBLICOS;3500;2020-05-05;7;2019007614;2020;2020-11-13;2020-05-26 00:00:00;;;;41095.99;;CONTRATAÇÃO DE EMPRESA ESPECIALIZADA PARA PRESTAÇÃO DE SERVIÇOS DE 02 EQUIPES DE TOPOGRAFIA PARA FISCALIZAÇÃO DAS OBRAS DE TERRAPLANAGEM, PAVIMENTAÇÃO E DRENAGEM EM DIVERSOS LOCAIS EM PALMAS/TO;;0;;;0;0;0;26712;3;5;;2129;False
licitacoes;006/2020;Registro de Preço;;Aberta;SECRETARIA MUNICIPAL DE INFRAESTRUTURA E SERVIÇOS PÚBLICOS;3500;2021-04-27;6;2020036458;2020;;2021-05-07 00:00:00;;;;477200.03;;LOCAÇÃO DE MAQUINAS PESADAS E CAMINHÕES PARA ATENDER O ATERRO SANITÁRIO DE PALMAS;;0;;;0;0;0;28184;90;1;;2129;False
licitacoes;006/2020;Tomada de Preço para Compras e Serviços;;Homologada;SECRETARIA MUNICIPAL DE INFRAESTRUTURA E SERVIÇOS PÚBLICOS;3500;2020-04-15;6;2019087809;2020;2020-08-11;2020-05-05 00:00:00;;;;450055.26;;EXECUÇÃO DOS SERVIÇOS DE OBRAS DE TERRAPLANAGEM, PAVIMENTAÇÃO ASFÁLTICA, MEIO FIO E SARJETA NA RUA 09 DE JULHO, RUA P-03 E RUA NC-11 DO SETOR BELA VISTA (TAQUARALTO) E DE TERRAPLANAGEM, PAVIMENTAÇÃO ASFÁLTICA NA AVENIDA NS-04 ENTRE AV. LO-13 E AV. LO-15;;0;;;0;0;0;26599;3;5;;2129;False
licitacoes;006/2020;Pregão Eletrônico;;Homologada;SECRETARIA MUNICIPAL DA SAÚDE;8600;2020-01-22;6;2019083707;2020;2020-03-10;2020-02-03 00:00:00;;;;212734.60;;AQUISIÇÃO  DE COLCHÕES E CAMA-BELICHE PARA A SUBSTITUIÇÃO DOS ANTIGOS POR NOVOS, NOS REPOUSOS DOS SERVIDORES DO SERVIÇO DE ATENDIMENTO MÓVEL EM URGÊNCIA - SAMU E UNIDADES DE PRONTO ATENDIMENTO EM SAÚDE - UPAS;;0;;;0;0;0;25825;13;5;;2129;False
licitacoes;005/2020;Registro de Preço;;Homologada;SECRETARIA MUNICIPAL DE DESENVOLVIMENTO RURAL;3300;2020-10-14;5;2020024169;2020;2021-02-22;2020-10-27 00:00:00;;;;22967592.00;;CONTRATAÇÃO DE EMPRESA ESPECIALIZADA EM LOCAÇÃO DE CAMINHÕES, MÁQUINAS PESADAS E EQUIPAMENTOS COM FORNECIMENTO DE MÃO DE OBRA;;0;;;0;0;0;27492;90;5;;2129;False
licitacoes;005/2020;Pregão Eletrônico;;Homologada;SECRETARIA MUNICIPAL DE INFRAESTRUTURA E SERVIÇOS PÚBLICOS;3500;2020-01-22;5;2019090488;2020;2020-03-04;2020-02-03 00:00:00;;;;490817.75;;FUTURA AQUISIÇÃO DE MATERIAIS PARA SEREM UTILIZADOS NA EXECUÇÃO E MANUTENÇÃO DE GUARDA CORPOS, CORRIMÃOS, ALAMBRADOS, QUADRAS POLIESPORTIVAS E DEMAIS EQUIPAMENTOS PÚBLICOS, VISANDO SUPRIR DEMANDAS NO MUNICÍPIO DE PALMAS ? TO;;0;;;0;0;0;25824;13;5;;2129;False
licitacoes;004/2020;Tomada de Preço para Compras e Serviços;;Homologada;FUNDO MUNICIPAL DE HABITAÇÃO DE INTERESSE SOCIAL;6500;2020-01-29;4;2019092863;2020;2020-07-01;2020-03-03 00:00:00;;;;58281.00;;SERVIÇOS DE SELEÇÃO E TREINAMENTO;;0;;;0;0;0;25833;3;5;;2129;False
licitacoes;003/2020;Concorrência para Compras e Serviços;;Homologada;SECRETARIA MUNICIPAL DE INFRAESTRUTURA E SERVIÇOS PÚBLICOS;3500;2020-11-30;3;2022032096;2020;2022-09-13;;;;;129111.73;;SERVIÇOS DE EXECUÇÃO DAS OBRAS DE TERRAPLANAGEM, PAVIMENTAÇÃO ASFÁLTICA , DRENAGEM PLUVIAL, SINALIZAÇÃO VIÁRIA E CALÇADA DE ACESSIBILIDADE EM RUAS E AVENIDA DO SETOR MORADA DO SOL I E II.;;0;;;0;0;0;32236;5;5;;2129;False
licitacoes;003/2020;Pregão Presencial;;Aberta;SECRETARIA MUNICIPAL DE INFRAESTRUTURA E SERVIÇOS PÚBLICOS;3500;2020-05-13;3;2019061010;2020;;2020-05-26 00:00:00;;;;;;SERVIÇOS DE  MANUTENÇÃO PREVENTIVA , E REVISÃO GERAL;;0;;;0;0;0;26777;12;1;;2129;False
licitacoes;003/2020;Tomada de Preço para Compras e Serviços;;Homologada;FUNDO MUNICIPAL DE HABITAÇÃO DE INTERESSE SOCIAL;6500;2020-01-29;3;2019069173;2020;2020-07-01;2020-03-03 00:00:00;;;;174337.07;;SERVIÇO DE SELEÇÃO E TREINAMENTO;;0;;;0;0;0;25836;3;5;;2129;False
licitacoes;003/2020;Pregão Eletrônico;;Homologada;SECRETARIA MUNICIPAL DE INFRAESTRUTURA E SERVIÇOS PÚBLICOS;3500;2020-01-16;3;2019055225;2020;2020-03-18;2020-01-30 00:00:00;;;;474000.00;;CONTRATAÇÃO DE EMPRESA PARA FORNECIMENTO DE LIXEIRA DE 50 LITROS COM SUPORTE PARA INSTALAÇÃO;;0;;;0;0;0;25819;13;5;;2129;False
licitacoes;002/2020;Concorrência para Compras e Serviços;CONCORRÊNCIA;Homologada;SECRETARIA MUNICIPAL DE INFRAESTRUTURA E SERVIÇOS PÚBLICOS;3500;2022-07-05;2;2022032092;2020;2022-07-05;;;;;18711.19;18711.19;SERVIÇOS DE EXCUÇÃO DAS OBRAS DE TERRAPLENAGEM, PAVIMENTAÇÃO ASFÁLTICA, DRENAGEM PLUVIAL, SINALIZAÇÃO VIÁRIA E CALÇADA DE ACESSIBILIDADE EM DIVERSAS RUAS E AVENIDAS DO SETOR SANTA FÉ - LOTE 01.;;0;;;0;2,A;0;31853;5;5;;2129;False
licitacoes;002/2020;Concorrência para Compras e Serviços;;Aberta;SECRETARIA MUNICIPAL DE INFRAESTRUTURA E SERVIÇOS PÚBLICOS;3500;2021-04-26;2;2020011335;2020;;2021-05-31 00:00:00;;;;0.00;;CONTRATAÇÃO DE EMPRESA ESPECIALIZADA PARA EXECUÇÃO DAS OBRAS DE TERRAPLENAGEM, PAVIMENTAÇÃO ASFÁLTICA, DRENAGEM PLUVIAL, SINALIZAÇÃO VIÁRIA E CALÇADA DE ACESSIBILIDADE;;0;;;0;0;0;27656;5;1;;2129;False
licitacoes;002/2020;Pregão Presencial;;Homologada;INSTITUTO DE PREVIDÊNCIA SOCIAL DO MUNICÍPIO DE PALMAS;6100;2020-02-17;2;2019010308;2020;2021-02-05;2020-03-02 00:00:00;;;;74911.20;;CONTRATAÇÃO DE EMPRESA ESPECIALIZADA NA PRESTAÇÃO DE SERVIÇOS DE NATUREZA CONTÍNUA DE LIMPEZA E CONSERVAÇÃO PARA A SEDE DO INSTITUTO DE PREVIDÊNCIA SOCIAL DO MUNICÍPIO DE PALMAS ? PREVIPALMAS, COM FORNECIMENTO DE MATERIAIS E EQUIPAMENTOS NECESSÁRIOS PARA A EXECUÇÃO DOS SERVIÇOS;;0;;;0;0;0;25972;12;5;;2129;False
licitacoes;002/2020;Tomada de Preço para Obras e Serviços de Engenharia;TOMADA DE PREÇOS PARA OBRAS E SERVIÇOS DE ENGENHARIA;Homologada;SECRETARIA MUNICIPAL DE INFRAESTRUTURA E SERVIÇOS PÚBLICOS;3500;2020-01-22;2;2019075472;2020;2020-06-26;2020-02-12 00:00:00;;;;1816247.84;;EXECUÇÃO DE REVITALIZAÇÃO DA ORLA DA PRAIA DA GRACIOSA EM PALMAS - TO;;0;;;0;0;0;25826;4;5;;2129;False
licitacoes;002/2020;Pregão Eletrônico;;Homologada;AGÊNCIA MUNICIPAL DE TURISMO;1400;2020-01-14;2;2019105777;2020;2020-07-29;2020-01-28 00:00:00;;;;1743379.45;;CONTRATAÇÃO DE EMPRESA ESPECIALIZADA EM PRESTAÇÃO DE SERVIÇOS DE LOCAÇÃO DE ESTRUTURA TEMPORARIA PARA ATENDER EVENTOS QUE VENHAM OCORRER NO MUNICIPIO DE PALMAS, REALIZADOS OU APOIADOS PELA AGTUR - (PALCO, SOM, ILUMINAÇÃO, TENDAS E OUTROS).;;0;;;0;0;0;25789;13;5;;2129;False
licitacoes;001/2020;Concorrência para Compras e Serviços;CONCORRÊNCIA;Homologada;SECRETARIA MUNICIPAL DE INFRAESTRUTURA E SERVIÇOS PÚBLICOS;3500;2020-04-13;1;2019075470;2020;2020-06-26;2020-04-23 00:00:00;;;;4068240.14;;"CONTRATAÇÃO DE EMPRESA ESPECIALIZADA PARA EXECUÇÃO DE OBRAS DE TERRAPLENAGEM, PAVIMENTAÇÃO, DRENAGEM URBANA E SINALIZAÇÃO, SENDO: LOTE 01-SETOR JANAINA; E LOTE 02-SETOR LAGO SUL, TUDO CONFORME SEU TERMO DE REFERÊNCIA E ANEXOS.";;0;;;0;0;0;26084;5;5;;2129;False
licitacoes;001/2020;Registro de Preço;;Homologada;SECRETARIA MUNICIPAL DA FAZENDA E TRANSFORMAÇÃO DIGITAL;2700;2020-01-22;1;2019085670;2020;2020-04-27;2020-02-04 00:00:00;;;;332011.00;;LAVAGEM E HIGIENIZAÇÃO DE VEÍCULOS;;0;;;0;0;0;25830;90;5;;2129;False
licitacoes;001/2020;Tomada de Preço para Compras e Serviços;;Homologada;INSTITUTO MUNICIPAL DE PLANEJAMENTO URBANO DE PALMAS;5200;2020-01-14;1;2019055607;2020;2020-07-20;2020-02-18 00:00:00;;;;602612.13;;CONTRATAÇÃO DE CONSULTORIA PARA ELABORAÇÃO DE MASTERPLAN DO DISTRITO TURÍSTICO DE PALMAS NA REGIÃO NORTE, CONFORME ESPECIFICAÇÕES E CONDIÇÕES CONSTANTES DO EDITAL, SEUS TERMOS DE REFERÊNCIA E ANEXOS.;;0;;;0;0;0;25792;3;5;;2129;False
licitacoes;001/2020;Pregão Eletrônico;;Homologada;SECRETARIA MUNICIPAL DE INFRAESTRUTURA E SERVIÇOS PÚBLICOS;3500;2019-01-09;1;2019071273;2020;2020-02-21;2020-01-23 00:00:00;;;;1061270.00;;FORNECIMENTO DE PÓ DE BRITA DE GRANITO E PEDRISCO DE ROCHA BRITADA DE GRANITO, COM O TRANSPORTE INCLUSO, O QUAL SERÃO APLICADOS EM PEQUENAS OBRAS E SERVIÇOS DE MANUTENÇÃO ATRAVÉS DE ADMINISTRAÇÃO DIRETA NO USO DE RECUPERAÇÃO DE PAVIMENTO, CONSTRUÇÃO E RECUPERAÇÃO DE MEIO-FIO, CONSTRUÇÃO E RECUPERAÇÃO DE BUEIROS, CONSTRUÇÃO E RECUPERAÇÃO DE PONTES, CONSTRUÇÃO DE CALÇADAS, PASSARELAS, COM O INTUITO DE MANTER EM BOM ESTADO DE CONSERVAÇÃO E EM PERFEITA CONDIÇÕES DE USO OS BENS PÚBLICOS DESTE MUNICÍPIO DE PALMAS ? TO;;0;;;0;0;0;25753;13;5;;2129;False
licitacoes;131/2019;Pregão Eletrônico;;Homologada;AGÊNCIA MUNICIPAL DE TURISMO;1400;2019-12-17;131;2019086697;2019;2020-02-06;2020-01-02 00:00:00;;;;50008.50;;FUTURA CONTRATAÇÃO DE EMPRESA ESPECIALIZADA EM SERVIÇOS DE BUFFET, COMPREENDENDO KIT LANCHES, MARMITEX, COQUETEL E COFFE BREAK PARA EVENTOS REALIZADOS PELA AGTUR;;0;;;0;0;0;25537;13;5;;2129;False
licitacoes;130/2019;Pregão Eletrônico;;Homologada;SECRETARIA MUNICIPAL DA SAÚDE;8600;2019-12-11;130;2019079305;2019;2020-04-14;2019-12-30 00:00:00;;;;882000.00;;AQUISIÇÃO DE FITAS GLICÊMICAS, PARA ATENDER AS NECESSIDADES DAS UNIDADES DE SAÚDE DA FAMÍLIA, CENTROS DE REFERÊNCIAS, PRONTOS ATENDIMENTO E SAMU.;;0;;;0;0;0;25471;13;5;;2129;False
licitacoes;129/2019;Pregão Eletrônico;;Homologada;SECRETARIA MUNICIPAL DE INFRAESTRUTURA E SERVIÇOS PÚBLICOS;3500;2019-12-09;129;2019083906;2019;2020-03-04;2019-12-20 00:00:00;;;;395306.45;;AQUISIÇÃO DE FERRAMENTAS;;0;;;0;0;0;25423;13;5;;2129;False
licitacoes;128/2019;Pregão Eletrônico;;Homologada;FUNDO MUNICIPAL DE ASSISTÊNCIA SOCIAL;5800;2019-12-06;128;2019072486;2019;2020-02-28;2019-12-20 00:00:00;;;;249472.88;;AQUISIÇÃO DE MATERIAIS DE EXPEDIENTE, PEDAGÓGICOS, TECIDOS E AVIAMENTOS, DE ACORDO COM AS ESPECIFICAÇÕES DOS ANEXOS I E II, TERMO DE REFERÊNCIA DO EDITAL;;0;;;0;0;0;25427;13;5;;2129;False
licitacoes;127/2019;Pregão Eletrônico;;Homologada;FUNDO MUNICIPAL DO MEIO AMBIENTE;6700;2019-12-06;127;2019070135;2019;2020-06-16;2019-12-20 00:00:00;;;;58012.00;;A FUTURA CONTRATAÇÃO DE EMPRESA PARA PRESTAR SERVIÇOS DE COMUNICAÇÃO VISUAL, COM A CONFECÇÃO E INSTALAÇÃO DE PLACAS PARA ATENDER O FUNDO MUNICIPAL DE MEIO AMBIENTE DE ACORDO COM AS QUANTIDADES, ESPECIFICAÇÕES E CONDIÇÕES CONSTANTES NO EDITAL E SEUS ANEXOS;;0;;;0;0;0;25384;13;5;;2129;False
licitacoes;126/2019;Pregão Eletrônico;;Homologada;SECRETARIA MUNICIPAL DE DESENVOLVIMENTO ECONÔMICO E EMPREGO;2600;2020-01-22;126;2019068374;2019;2020-04-02;2020-02-03 00:00:00;;;;69300.00;;CONTRATAÇÃO DE EMPRESA PARA FORNECIMENTO DE 01 (UMA) EMPILHADEIRA À COMBUSTÃO E 02(DUAS) BALANÇAS ELETROMECÂNICA, PARA ATENDER AS NECESSIDADES DO EMPREENDIMENTO BENEFICIADO PELO PROJETO DESENVOLVE PALMAS -  ASCAMPA (ASSOCIAÇÃO DE CATADORES E CATADORAS DE MATERIAIS RECICLÁVEIS DA REGIÃO NORTE DE PALMAS);;0;;;0;0;0;25362;13;5;;2129;False
licitacoes;125/2019;Pregão Eletrônico;;Homologada;SECRETARIA MUNICIPAL DE DESENVOLVIMENTO ECONÔMICO E EMPREGO;2600;2019-12-03;125;2019076410;2019;2020-02-05;2019-12-16 00:00:00;;;;46325.00;;AQUISIÇÃO DE TENDAS ABERTAS PIRAMIDAL MEDINDO 3X3 MT COM 3MT DE ALTURA;;0;;;0;0;0;25348;13;5;;2129;False
licitacoes;124/2019;Pregão Eletrônico;;Homologada;SECRETARIA MUNICIPAL DE SEGURANCA E MOBILIDADE URBANA;1200;2019-11-27;124;2018003358;2019;2020-04-08;2019-12-12 00:00:00;;;;173569.48;;A FUTURA CONTRATAÇÃO DE EMPRESA ESPECIALIZADA NO FORNECIMENTO DE UNIFORMES PARA AGENTE DE TRANSITO;;0;;;0;0;0;25318;13;5;;2129;False
licitacoes;123/2019;Pregão Eletrônico;;Homologada;SECRETARIA MUNICIPAL DA EDUCAÇÃO;2900;2019-11-27;123;2019044421;2019;2020-02-10;2019-12-11 00:00:00;;;;106538.61;;CONTRATAÇÃO DE EMPRESA PARA FORNECIMENTO DE EQUIPAMENTOS DE PROTEÇÃO INDIVIDUAL, MATERIAIS DE LIMPEZA, GÊNEROS ALIMENTÍCIOS E UTENSÍLIOS DE COZINHA;;0;;;0;0;0;25304;13;5;;2129;False
licitacoes;122/2019;Pregão Eletrônico;;Homologada;SECRETARIA MUNICIPAL DE INFRAESTRUTURA E SERVIÇOS PÚBLICOS;3500;2019-11-27;122;2019083512;2019;2020-02-11;2019-12-09 00:00:00;;;;214350.00;;"CONTRATAÇÃO DE EMPRESA ESPECIALIZADA EM FORNECIMENTO DE ALIMENTAÇÃO PRONTA ACONDICIONADA EM EMBALAGEM TIPO ""MARMITEX""";;0;;;0;0;0;25303;13;5;;2129;False
licitacoes;120/2019;Pregão Eletrônico;;Homologada;SECRETARIA MUNICIPAL DE DESENVOLVIMENTO SOCIAL;3700;2019-10-11;120;2019042960;2019;2019-11-20;2019-10-24 00:00:00;;;;38880.00;;AQUISIÇÃO DE ACADEMIA AO AR LIVRE PARA ATENDER ÀS DEMANDAS DO PARQUE DO IDOSO.;;0;;;0;0;0;24975;13;5;;2129;False
licitacoes;117/2019;Pregão Eletrônico;;Aberta;SECRETARIA MUNICIPAL DA SAÚDE;8600;2019-10-03;117;2019043468;2019;;2019-10-18 00:00:00;;;;0.00;;AQUISIÇÃO DE MEDICAMENTOS REMUNE/CONTROLADOS;;0;;;0;0;0;24880;13;1;;2129;False
licitacoes;113/2019;Pregão Eletrônico;;Homologada;SECRETARIA EXTRAORDINÁRIA DE ASSUNTOS ESTRATÉGICOS, CAPTAÇÃO DE RECURSOS E ENERGIAS SUSTENTÁVEIS;7700;2019-11-28;113;2019059744;2019;2020-06-29;2019-12-11 00:00:00;;;;7835150.00;;O REGISTRO DE PREÇOS TEM POR OBJETO A FUTURA CONTRATAÇÃO DE EMPRESA ESPECIALIZADA EM IMPLANTAÇÃO DE SISTEMAS DE MICROGERAÇÃO/MINIGERAÇÃO DE ENERGIA SOLAR FOTOVOLTAICO CONECTADO À REDE, TOTALIZANDO 2,5 MW DE POTÊNCIA NOMINAL CA - CORRENTE ALTERNADA, CONFORME CONDIÇÕES, QUANTIDADES E EXIGÊNCIAS ESTABELECIDAS NESTE EDITAL E SEUS ANEXOS.;;0;;;0;0;0;24884;13;5;;2129;False
licitacoes;109/2019;Pregão Eletrônico;;Homologada;SECRETARIA MUNICIPAL DE DESENVOLVIMENTO RURAL;3300;2019-09-27;109;2019032330;2019;2019-11-19;2019-10-11 00:00:00;;;;91060.40;;AQUISIÇÃO DE MATERIAIS E INSUMOS;;0;;;0;0;0;24822;13;5;;2129;False
licitacoes;108/2019;Pregão Eletrônico;;Homologada;FUNDAÇÃO MUNICIPAL DE ESPORTES E LAZER DE PALMAS;1600;2019-09-27;108;2019046802;2019;2019-11-21;2019-10-09 00:00:00;;;;36500.00;;AQUISIÇÃO DE MEDALHAS FUNDIDAS;;0;;;0;0;0;24825;13;5;;2129;False
licitacoes;107/2019;Pregão Eletrônico;;Homologada;FUNDO MUNICIPAL DE ASSISTÊNCIA SOCIAL;5800;2019-09-24;107;2019052596;2019;2019-11-15;2019-10-07 00:00:00;;;;383907.87;;AQUISIÇÃO DE MATERIAIS DE CONSUMO E LIMPEZA;;0;;;0;0;0;24773;13;5;;2129;False
licitacoes;104/2019;Pregão Eletrônico;;Homologada;CONTROLADORIA-GERAL DO MUNICÍPIO;9908;2019-09-16;104;2019012052;2019;2019-11-25;2019-09-30 00:00:00;;;;296913.70;;AQUISIÇÃO DE EQUIPAMENTOS DE INFORMÁTICA (COMPUTADORES, APARELHO TELEFÔNICO, IMPRESSORA E ACESSÓRIOS) DE ACORDO COM AS ESPECIFICAÇÕES DOS ANEXOS I E II TERMO DE REFERENCIA DO EDITAL;;0;;;0;0;0;24738;13;5;;2129;False
licitacoes;103/2019;Pregão Eletrônico;;Homologada;SECRETARIA MUNICIPAL DE INFRAESTRUTURA E SERVIÇOS PÚBLICOS;3500;2019-09-13;103;2019045342;2019;2020-03-31;2019-09-30 00:00:00;;;;611855.89;;AQUISIÇÃO DE DEFENSIVOS AGRÍCOLAS;;0;;;0;0;0;24745;13;5;;2129;False
licitacoes;102/2019;Pregão Eletrônico;;Homologada;FUNDO MUNICIPAL DO MEIO AMBIENTE;6700;2019-09-03;102;2019052979;2019;2020-06-10;2019-09-16 00:00:00;;;;43534.81;;AQUISIÇÃO DE EQUIPAMENTOS E FERRAMENTAS;;0;;;0;0;0;24661;13;5;;2129;False
licitacoes;096/2019;Pregão Eletrônico;;Homologada;SECRETARIA MUNICIPAL DA EDUCAÇÃO;2900;2019-08-22;96;2019029540;2019;2019-09-24;2019-09-05 00:00:00;;;;100000.00;;CONTRATAÇÃO DE EMPRESA ESPECIALIZADA PARA FORNECIMENTO DE PASSAGENS AÉREAS EM ÂMBITO NACIONAL E INTERNACIONAL, COMPREENDENDO A RESERVA, EMISSÃO, REMARCAÇÃO, ENDOSSO E ENTREGA DE BILHETES (MANUAL OU ELETRÔNICO), MARCAÇÃO DE ASSENTOS BEM COMO A EMISSÃO DE SEGURO DE ASSISTÊNCIA EM VIAGEM INTERNACIONAL E DEMAIS SERVIÇOS CORRELATOS.;;0;;;0;0;0;24550;13;5;;2129;False
licitacoes;081/2019;Pregão Eletrônico;;Homologada;AGÊNCIA MUNICIPAL DE TURISMO;1400;2019-08-08;81;2019036053;2019;2019-09-04;2019-08-21 00:00:00;;;;199608.00;;FUTURA CONFECÇÃO E FORNECIMENTO DE CAMISETAS, TOALHAS, AVENTAIS, CHAPÉU E SACOLAS ECOLOGICAS PARA ATENDER A DEMANDAS DA AGTUR;;0;;;0;0;0;24488;13;5;;2129;False
licitacoes;080/2019;Pregão Eletrônico;;Homologada;SECRETARIA MUNICIPAL DA SAÚDE;8600;2019-07-29;80;2019038253;2019;2020-08-13;2019-08-13 00:00:00;;;;615568.78;;AQUISIÇÃO DE MEDICAMENTOS PARA ATENDER AS DEMANDAS JUDICIAIS ATIVAS;;0;;;0;0;0;24452;13;5;;2129;False
licitacoes;075/2019;Pregão Eletrônico;;Homologada;FUNDO MUNICIPAL DE ASSISTÊNCIA SOCIAL;5800;2019-07-17;75;2019035895;2019;2019-09-02;2019-07-29 00:00:00;;;;12705.00;;CONFECÇÃO DE MATERIAIS GRÁFICOS PARA ATENDER DEMANDAS DO PROGRAMA PET;;0;;;0;0;0;24353;13;5;;2129;False
licitacoes;074/2019;Pregão Eletrônico;;Homologada;SECRETARIA MUNICIPAL DE SEGURANCA E MOBILIDADE URBANA;1200;2019-10-24;74;2018026934;2019;2019-12-03;2019-11-06 00:00:00;;;;55125.44;;CONTRATAÇÃO DE EMPRESA ESPECIALIZADA EM SERVIÇO DE REMOÇÃO DE VEÍCULOS (GUINCHO), DE PEQUENO PORTE/LEVES, DE GRANDE PORTE/PESADOS E OUTROS ? ENTRE ELES MOTOCICLETAS, CARRETINHAS E SIMILARES, APREENDIDOS EM FISCALIZAÇÕES REALIZADAS PELA SECRETARIA MUNICIPAL DE SEGURANÇA E MOBILIDADE URBANA, PARA UM DE SEUS DEPÓSITOS, DENTRO DO MUNÍCIPIO DE PALMAS;;0;;;0;0;0;24341;13;5;;2129;False
licitacoes;072/2019;Pregão Eletrônico;;Homologada;SECRETARIA MUNICIPAL DA SAÚDE;8600;2019-07-02;72;2019029473;2019;2019-09-02;2019-07-11 00:00:00;;;;85208.51;;AQUISIÇÃO DE INSUMOS DE LABORATÓRIO PARA A MANUTENÇÃO DO SERVIÇO DE IMUNOLOGIA DA REDE MUNICIPAL DE SAÚDE DE PALMAS/TO;;0;;;0;0;0;24270;13;5;;2129;False
licitacoes;069/2019;Pregão Eletrônico;;Homologada;SECRETARIA MUNICIPAL DA SAÚDE;8600;2019-06-27;69;2019035828;2019;2019-11-01;2019-07-11 00:00:00;;;;618559.00;;CONTRATAÇÃO DE EMPRESA ESPECIALIZADA  NO  FORNECIMENTO MATERIAIS DE ENFERMAGEM, PARA ATENDER AS NECESSIDADES  DA UNIDADES DE SAÚDE DA FAMÍLIA, CENTROS DE REFERÊNCIAS, PRONTOS ATENDIMENTOS E SAMU;;0;;;0;0;0;24216;13;5;;2129;False
licitacoes;068/2019;Pregão Eletrônico;;Homologada;FUNDO MUNICIPAL DE ASSISTÊNCIA SOCIAL;5800;2019-08-26;68;2019049358;2019;2019-11-01;2019-09-10 00:00:00;;;;31150.00;;LOCAÇÃO DE BRINQUEDOS INFLÁVEIS  PARA ATIVIDADES RECREATIVAS NAS UNIDADES DO 07 CRAS, CONFORME CONDIÇÕES, QUANTIDADES E EXIGÊNCIAS ESTABELECIDAS NO EDITAL;;0;;;0;0;0;24566;13;5;;2129;False
licitacoes;068/2019;Pregão Eletrônico;;Homologada;SECRETARIA MUNICIPAL DE DESENVOLVIMENTO RURAL;3300;2019-06-26;68;2019036449;2019;2019-08-12;2019-07-10 00:00:00;;;;47500.00;;AQUISIÇÃO DE IMPLEMENTO AGRÍCOLA;;0;;;0;0;0;24218;13;5;;2129;False
licitacoes;065/2019;Pregão Eletrônico;;Homologada;SECRETARIA MUNICIPAL DE DESENVOLVIMENTO RURAL;3300;2019-06-24;65;2019027896;2019;2019-07-29;2019-07-09 00:00:00;;;;0.00;;AQUISIÇÃO DE 01 (UM) CAMINHÃO LEVE, COM RODADO TRASEIRO SIMPLES E CARROCERIA CARGA SECA EM AÇO;;0;;;0;0;0;24177;13;5;;2129;False
licitacoes;064/2019;Pregão Eletrônico;;Homologada;SECRETARIA MUNICIPAL DA SAÚDE;8600;2019-06-24;64;2019033958;2019;2019-09-16;2019-07-08 00:00:00;;;;0.00;;A FUTURA CONTRATAÇÃO DE EMPRESA ESPECIALIZADA NO FORNECIMENTO DE MATERIAIS DE INSUMOS ODONTOLÓGICOS;;0;;;0;0;0;24185;13;5;;2129;False
licitacoes;057/2019;Pregão Eletrônico;;Homologada;FUNDO MUNICIPAL DE  ILUMINAÇÃO PÚBLICA;6300;2019-06-11;57;2018029626;2019;2019-07-16;2019-06-26 00:00:00;;;;318900.00;;A FUTURA CONTRATAÇÃO DE EMPRESA ESPECIALIZADA PARA FORNECIMENTO DE POSTE DE CONCRETO ARMADO SEÇÃO CIRCULAR COMPRIMENTO NOMINAL 10M RESISTÊNCIA 200 DAN(CR 10/200), CONFORME CONDIÇÕES, QUANTIDADES E EXIGÊNCIAS ESTABELECIDAS NO EDITAL E SEUS ANEXOS;;0;;;0;0;0;24065;13;5;;2129;False
licitacoes;049/2019;Pregão Eletrônico;;Homologada;FUNDAÇÃO CULTURAL DE PALMAS;7100;2019-05-23;49;;2019;2019-06-18;2019-06-06 00:00:00;;;;88820.00;;FORNECIMENTO DE ALIMENTOS ..;;0;;;0;0;0;23930;13;5;;2129;False
licitacoes;043/2019;Pregão Eletrônico;;Aberta;SECRETARIA MUNICIPAL DE DESENVOLVIMENTO RURAL;3300;2019-04-29;43;2019009736;2019;;2019-05-14 00:00:00;;;;0.00;;AQUISIÇÃO DE MATERIAIS PARA PRODUÇÃO DE FARINHA DE MANDIOCA, PARA ATENDER OS PRODUTORES RURAIS DO MUNICÍPIO DE PALMAS;;0;;;0;0;0;23744;13;1;;2129;False
licitacoes;041/2019;Pregão Eletrônico;;Homologada;FUNDAÇÃO MUNICIPAL DA JUVENTUDE DE PALMAS;8900;2019-04-23;41;;2019;2019-06-26;2019-05-09 00:00:00;;;;0.00;;AQUISIÇÃO DE MATERIAIS DE COMPUTAÇÃO E MÍDIA;;0;;;0;0;0;23705;13;5;;2129;False
licitacoes;039/2019;Pregão Eletrônico;;Homologada;SECRETARIA MUNICIPAL DE INFRAESTRUTURA E SERVIÇOS PÚBLICOS;3500;2019-04-23;39;;2019;2019-06-06;2019-05-07 00:00:00;;;;193507.20;;AQUISIÇÃO DE CIMENTO;;0;;;0;0;0;23703;13;5;;2129;False
licitacoes;038/2019;Pregão Eletrônico;;Homologada;FUNDO MUNICIPAL DE ASSISTÊNCIA SOCIAL;5800;2019-04-24;38;2019015869;2019;2019-06-07;2019-05-07 00:00:00;;;;297600.00;;A FUTURA AQUISIÇÃO DE URNAS E PRESTAÇÃO DE SERVIÇOS FUNERÁRIOS PARA ATENDIMENTO ÀS FAMÍLIAS DE BAIXA RENDA;;0;;;0;0;0;23704;13;5;;2129;False
licitacoes;036/2019;Pregão Eletrônico;;Homologada;SECRETARIA MUNICIPAL DE PLANEJAMENTO E DESENVOLVIMENTO HUMANO;2500;2019-04-15;36;2019024110;2019;2019-07-02;2019-04-30 00:00:00;;;;175795.00;;AQUISIÇÃO DE ÁGUA MINERAL, GELO E GÁS DE COZINHA PARA ATENDER AS NECESSIDADES DA SEPLOG.;;0;;;0;0;0;23638;13;5;;2129;False
licitacoes;035/2019;Pregão Eletrônico;;Homologada;FUNDO MUNICIPAL DE CAPACITAÇÃO E APERFEIÇOAMENTO DOS SERVIDORES PÚBLICOS;6900;2019-04-16;35;2018031603;2019;2019-07-19;2019-04-30 00:00:00;;;;75600.00;;A FUTURA CONTRATAÇÃO DE EMPRESA PARA SERVIÇOS DE FORNECIMENTO DE COFFEE BREAK TIPO BUFFET, PARA PROMOÇÃO DE EVENTOS E ATIVIDADES DE INSTRUTÓRIA EM PROGRAMAS DE FORMAÇÃO, CAPACITAÇÃO, PROMOVIDOS PELO INSTITUTO 20 DE MAIO POR MEIO DA ESCOLA DE GOVERNO DE PALMAS;;0;;;0;0;0;23646;13;5;;2129;False
licitacoes;034/2019;Pregão Eletrônico;;Homologada;SECRETARIA MUNICIPAL DE SEGURANCA E MOBILIDADE URBANA;1200;2019-05-06;34;2018023878;2019;2019-08-01;2019-05-21 00:00:00;;;;0.00;;AQUISIÇÃO DE EQUIPAMENTOS ELETROELETRÔNICOS;;0;;;0;0;0;23662;13;5;;2129;False
licitacoes;033/2019;Pregão Eletrônico;;Homologada;SECRETARIA MUNICIPAL DE DESENVOLVIMENTO RURAL;3300;2019-04-12;33;2018034065;2019;2019-06-26;2019-04-26 00:00:00;;;;10643.00;;AQUISIÇÃO DE ÁGUA MINERAL E GELO EM CUBO;;0;;;0;0;0;23612;13;5;;2129;False
licitacoes;029/2019;Tomada de Preço para Compras e Serviços;;Homologada;FUNDO MUNICIPAL DE HABITAÇÃO DE INTERESSE SOCIAL;6500;2019-12-27;29;2019064694;2019;2020-05-27;2020-01-20 00:00:00;;;;83202.00;;CONTRATAÇÃO DE EMPRESA ESPECIALIZADA EM PRESTAÇÃO DE SERVIÇOS PARA REUNIÕES, PALESTRAS, ESTUDO DE DIAGNÓSTICO E SEMINÁRIO COM FORNECIMENTOS DE MATERIAL DIDÁTICO, LANCHE, INSTRUTOR E QUALQUER OUTRO PRODUTO NECESSÁRIO PARA BOM DESEMPENHO DAS AÇÕES DO EMPREENDIMENTO RESIDENCIAL RECANTO DAS ARARAS I, CONFORME ESPECIFICAÇÕES E CONDIÇÕES CONSTANTES DESTE EDITAL, SEU TERMO DE REFERÊNCIA E ANEXOS.;;0;;;0;0;0;25748;3;5;;2129;False
licitacoes;028/2019;Tomada de Preço para Compras e Serviços;;Homologada;SECRETARIA MUNICIPAL DE INFRAESTRUTURA E SERVIÇOS PÚBLICOS;3500;2020-01-02;28;2019045360;2019;2020-11-26;2020-01-21 00:00:00;;;;150000.00;;EXECUÇÃO E RECUPERAÇÃO DE GUIAS SEM SARJETA, INCLUINDO FORNECIMENTO DE MATERIAL, MÃO-DE-OBRA, TRANSPORTE DE MATERIAL E EQUIPAMENTO, E FORNECIMENTO DE MEIO-FIO PRÉ-MOLDADO, NO MUNICÍPIO DE PALMAS/TO, TUDO CONFORME ESPECIFICAÇÕES E CONDIÇÕES CONSTANTES DESTE EDITAL E NO SEU TERMO DE REFERÊNCIA E ANEXOS;;0;;;0;0;0;25747;3;5;;2129;False
licitacoes;027/2019;Tomada de Preço para Compras e Serviços;;Homologada;SECRETARIA MUNICIPAL DA SAÚDE;8600;2019-12-26;27;2019033874;2019;2020-07-03;2020-01-21 00:00:00;;;;1833757.31;;CONTRATAÇÃO DE EMPRESA ESPECIALIZADA EM OBRAS PARA A CONSTRUÇÃO DO CENTRO DE ATENÇÃO PSICOSSOCIAL INFANTIL ? CAPS I, CONFORME ESPECIFICAÇÕES E CONDIÇÕES CONSTANTES DESTE EDITAL, SEU TERMO DE REFERÊNCIA E ANEXOS;;0;;;0;0;0;25745;3;5;;2129;False
licitacoes;026/2019;Tomada de Preço para Compras e Serviços;;Homologada;FUNDO MUNICIPAL DE HABITAÇÃO DE INTERESSE SOCIAL;6500;2019-12-27;26;2019069180;2019;2020-05-19;2020-01-20 00:00:00;;;;150818.38;;CONTRATAÇÃO DE EMPRESA ESPECIALIZADA EM PRESTAÇÃO DE SERVIÇOS PARA MINISTRAR PALESTRAS, CURSOS, EVENTOS, PROJETOS E AVALIAÇÃO DE PÓS-OCUPAÇÃO COM FORNECIMENTOS DE MATERIAL DIDÁTICO, LANCHE, INSTRUTOR E QUALQUER OUTRO PRODUTO NECESSÁRIO PARA BOM DESEMPENHO DAS AÇÕES DO EMPREENDIMENTO PALMAS VERTICAL RESIDENCE NORTH II, CONFORME ESPECIFICAÇÕES E CONDIÇÕES CONSTANTES DESTE EDITAL, SEU TERMO DE REFERÊNCIA E ANEXOS;;0;;;0;0;0;25746;3;5;;2129;False
licitacoes;026/2019;Pregão Eletrônico;;Homologada;SECRETARIA MUNICIPAL DE INFRAESTRUTURA E SERVIÇOS PÚBLICOS;3500;2019-04-02;26;2019011612;2019;2019-06-03;2019-05-09 00:00:00;;;;563792.00;;A FUTURA AQUISIÇÃO DE CONCRETO USINADO PARA CONSTRUÇÃO E REPARO DE PASSEIOS E OUTROS AFINS, PARA ATENDER AS DEMANDAS DA SECRETARIA MUNICIPAL DE INFRAESTRUTURA E SERVIÇOS PÚBLICOS, CONFORME CONDIÇÕES, QUANTIDADES E EXIGÊNCIAS ESTABELECIDAS NO EDITAL E SEUS ANEXOS.;;0;;;0;0;0;23462;13;5;;2129;False
licitacoes;025/2019;Tomada de Preço para Compras e Serviços;;Aberta;SECRETARIA MUNICIPAL DE INFRAESTRUTURA E SERVIÇOS PÚBLICOS;3500;2019-12-23;25;2019082722;2019;;2020-01-16 00:00:00;;;;;;CONTRATAÇÃO DE EMPRESA ESPECIALIZADA EM AUDITORIA EXTERNA INDEPENDENTE DO PROGRAMA DE REQUALIFICAÇÃO URBANA PALMAS PARA O FUTURO.;;0;;;0;0;0;25686;3;1;;2129;False
licitacoes;024/2019;Tomada de Preço para Compras e Serviços;;Homologada;SECRETARIA MUNICIPAL DE SEGURANCA E MOBILIDADE URBANA;1200;2019-12-10;24;2019059151;2019;2020-08-28;2020-05-05 00:00:00;;;;125856.67;;REFORMA DA SALA DE MÚSICA DA GUARDA METROPOLITANA DE PALMAS E DO ENTORNO CONFORME ESPECIFICAÇÕES E CONDIÇÕES CONSTANTES NO EDITAL, SEU TERMO DE REFERÊNCIA E ANEXOS.;;0;;;0;0;0;25474;3;5;;2129;False
licitacoes;023/2019;Tomada de Preço para Compras e Serviços;;Homologada;SECRETARIA MUNICIPAL DE INFRAESTRUTURA E SERVIÇOS PÚBLICOS;3500;2020-02-07;23;2019017350;2019;2020-05-29;2020-02-27 00:00:00;;;;148500.00;;CONTRATAÇÃO DE EMPRESA ESPECIALIZADA PARA PRESTAÇÃO DE SERVIÇOS DE CONSULTORIA NA ÁREA DE RECUPERAÇÃO ESTRUTURAL E/OU DE REQUALIFICAÇÕES DE PONTES, VISANDO CADASTRAR, INSPECIONAR, DIAGNOSTICAR E INDICAR SOLUÇÕES TÉCNICAS ADEQUADAS COM OS RESPECTIVOS CUSTOS PARA A EXECUÇÃO DAS OBRAS NA CIDADE DE PALMAS/TO;;0;;;0;0;0;25238;3;5;;2129;False
licitacoes;021/2019;Tomada de Preço para Compras e Serviços;;Homologada;FUNDO MUNICIPAL DE HABITAÇÃO DE INTERESSE SOCIAL;6500;2019-11-06;21;2019048311;2019;2020-05-05;2019-11-21 00:00:00;;;;443686.86;;CONTRATAÇÃO DE EMPRESA ESPECIALIZADA EXECUTAR REFORMA DO TELHADO, IMPLANTAÇÃO DO SISTEMA DE CAPTAÇÃO DE ÁGUAS PLUVIAIS E SISTEMA DE SEGURANÇA E COMBATE A INCÊNDIO NO RESIDENCIAL COPACABANA.;;0;;;0;0;0;25198;3;5;;2129;False
licitacoes;021/2019;Pregão Eletrônico;;Aberta;SECRETARIA MUNICIPAL DE DESENVOLVIMENTO ECONÔMICO E EMPREGO;2600;2019-02-28;21;2018027619;2019;;2019-03-18 00:00:00;;;;0.00;;AQUISIÇÃO DE MATERIAIS PARA A PRODUÇÃO DE PEÇAS EM CERÂMICA, ASSIM COMO PARA ESTRUTURAR O ESPAÇO DE TRABALHO DO EMPREENDIMENTO DE CERAMISTAS DE TAQUARUÇÚ.;;0;;;0;0;0;23175;13;1;;2129;False
licitacoes;020/2019;Tomada de Preço para Compras e Serviços;;Homologada;FUNDAÇÃO MUNICIPAL DE ESPORTES E LAZER DE PALMAS;1600;2019-11-22;20;2019038112;2019;2020-08-06;2019-12-20 00:00:00;;;;387851.20;;IMPLANTAÇÃO E MODERNIZAÇÃO DE INFRAESTRUTURA ESPORTIVA DE PALMAS;;0;;;0;0;0;24990;3;5;;2129;False
licitacoes;018/2019;Registro de Preço;;Homologada;SECRETARIA MUNICIPAL DE INFRAESTRUTURA E SERVIÇOS PÚBLICOS;3500;2019-11-12;18;2019047638;2019;2020-03-26;2019-11-27 00:00:00;;;;5638425.00;;FUTURA AQUISIÇÃO DE LUMINÁRIA PÚBLICA COM TECNOLOGIA LED, PARA ATENDIMENTO DO PROGRAMA DE REQUALIFICAÇÃO URBANA PALMAS PARA O FUTURO - CAF;;0;;;0;0;0;25237;90;5;;2129;False
licitacoes;018/2019;Pregão Eletrônico;;Homologada;FUNDO MUNICIPAL DE ASSISTÊNCIA SOCIAL;5800;2019-02-11;18;2018020990;2019;2019-03-26;2019-02-25 00:00:00;;;;0.00;;AQUISIÇÃO DE ÔNIBUS;;0;;;0;0;0;22840;13;5;;2129;False
licitacoes;017/2019;Tomada de Preço para Compras e Serviços;;Homologada;FUNDO MUNICIPAL DE HABITAÇÃO DE INTERESSE SOCIAL;6500;2019-10-17;17;2019035208;2019;2020-05-12;2019-11-07 00:00:00;;;;68250.26;;LICITAÇÃO É A CONTRATAÇÃO DE EMPRESA PARA A PRESTAÇÃO DE SERVIÇOS ESPECIALIZADOS NA EXECUÇÃO GLOBAL DAS ATIVIDADES ESPECIFICADAS NA REPROGRAMAÇÃO/PROJETO DE TRABALHO TÉCNICO SOCIAL DEVIDAMENTE APROVADA PELO AGENTE FINANCEIRO CAIXA ECONÔMICA FEDERAL, CONTRATO Nº 0352.699-76/2011;;0;;;0;0;0;24594;3;5;;2129;False
licitacoes;017/2019;Pregão Presencial;;Homologada;FUNDAÇÃO MUNICIPAL DA JUVENTUDE DE PALMAS;8900;2019-07-30;17;2019031671;2019;2019-08-23;2019-08-14 00:00:00;;;;67999.98;;A CONTRATAÇÃO DE EMPRESA ESPECIALIZADA NA PRESTAÇÃO DE SERVIÇOS EM MINISTRAR CURSO PRÉ-VESTIBULAR, PARA EXECUÇÃO DO PROJETO VEM ENEM 2019;;0;;;0;0;0;24456;12;5;;2129;False
licitacoes;017/2019;Pregão Eletrônico;;Homologada;SECRETARIA MUNICIPAL DA SAÚDE;8600;2019-02-05;17;2018026740;2019;2019-03-18;2019-02-20 00:00:00;;;;151529.80;;FORNECIMENTO DE MATERIAIS DE SETS DE INFUSÃO;;0;;;0;0;0;22766;13;5;;2129;False
licitacoes;016/2019;Tomada de Preço para Compras e Serviços;;Aberta;FUNDO MUNICIPAL DE HABITAÇÃO DE INTERESSE SOCIAL;6500;2019-10-17;16;2019037894;2019;;2019-11-06 00:00:00;;;;0.00;;CONTRATAÇÃO DE EMPRESA PARA A PRESTAÇÃO DE SERVIÇOS ESPECIALIZADOS NA EXECUÇÃO GLOBAL DAS ATIVIDADES ESPECIFICADAS NA REPROGRAMAÇÃO/PROJETO DE TRABALHO TÉCNICO SOCIAL DEVIDAMENTE APROVADA PELO AGENTE FINANCEIRO CAIXA ECONÔMICA FEDERAL, CONTRATO Nº 0375.776-02/2012;;0;;;0;0;0;24577;3;1;;2129;False
licitacoes;016/2019;Registro de Preço;;Homologada;SECRETARIA MUNICIPAL DE PLANEJAMENTO E DESENVOLVIMENTO HUMANO;2500;2019-07-29;16;2019021008;2019;2019-08-27;2019-08-12 00:00:00;;;;61370.00;;CONTRATAÇÃO DE EMPRESA ESPECIALIZADA EM SERVIÇOS DE CHAVEIRO;;0;;;0;0;0;24448;90;5;;2129;False
licitacoes;013/2019;Tomada de Preço para Compras e Serviços;;Homologada;FUNDO MUNICIPAL DE HABITAÇÃO DE INTERESSE SOCIAL;6500;2019-10-17;13;2019047990;2019;2020-05-28;2019-11-05 00:00:00;;;;130819.00;;A CONTRATAÇÃO DE EMPRESA PARA A PRESTAÇÃO DE SERVIÇOS ESPECIALIZADOS NA EXECUÇÃO GLOBAL DAS ATIVIDADES ESPECIFICADAS NA REPROGRAMAÇÃO/PROJETO DE TRABALHO TÉCNICO SOCIAL DEVIDAMENTE APROVADA PELO AGENTE FINANCEIRO CAIXA ECONÔMICA FEDERAL, CONTRATO Nº 0352.753-44/2011;;0;;;0;0;0;24592;3;5;;2129;False
licitacoes;013/2019;Pregão Eletrônico;;Homologada;SECRETARIA MUNICIPAL DE INFRAESTRUTURA E SERVIÇOS PÚBLICOS;3500;2019-01-31;13;;2019;2019-03-18;2019-02-15 00:00:00;;;;533588.10;;AQUISIÇÃO MATERIAIS DE CONSTRUÇÃO;;0;;;0;0;0;22619;13;5;;2129;False
licitacoes;012/2019;Tomada de Preço para Compras e Serviços;;Homologada;FUNDO MUNICIPAL DE HABITAÇÃO DE INTERESSE SOCIAL;6500;2020-01-22;12;2019035217;2019;2020-05-12;2020-02-11 00:00:00;;;;45677.70;;CONTRATAÇÃO DE EMPRESA PARA A PRESTAÇÃO DE SERVIÇOS ESPECIALIZADOS NA EXECUÇÃO GLOBAL DAS ATIVIDADES ESPECIFICADAS NA REPROGRAMAÇÃO/PROJETO DE TRABALHO TÉCNICO SOCIAL DEVIDAMENTE APROVADA PELO AGENTE FINANCEIRO CAIXA ECONÔMICA FEDERAL, CONTRATO Nº 0301.596-64/2009;;0;;;0;0;0;24585;3;5;;2129;False
licitacoes;011/2019;Tomada de Preço para Compras e Serviços;;Homologada;FUNDO MUNICIPAL DE HABITAÇÃO DE INTERESSE SOCIAL;6500;2019-10-17;11;2019037906;2019;2020-05-28;2019-11-04 00:00:00;;;;36383.74;;A CONTRATAÇÃO DE EMPRESA PARA A PRESTAÇÃO DE SERVIÇOS ESPECIALIZADOS NA EXECUÇÃO GLOBAL DAS ATIVIDADES ESPECIFICADAS NA REPROGRAMAÇÃO/PROJETO DE TRABALHO TÉCNICO SOCIAL DEVIDAMENTE APROVADA PELO AGENTE FINANCEIRO CAIXA ECONÔMICA FEDERAL, CONTRATO Nº 0296.949-03/2009;;0;;;0;0;0;24581;3;5;;2129;False
licitacoes;011/2019;Pregão Eletrônico;;Homologada;SECRETARIA MUNICIPAL DA SAÚDE;8600;2019-01-28;11;2018017414;2019;2019-03-26;2019-02-12 00:00:00;;;;140730.65;;AQUISIÇÃO DE MATERIAIS DE PINTURA PARA ATENDER À REDE MUNICIPAL DE SAÚDE.;;0;;;0;0;0;22509;13;5;;2129;False
licitacoes;010/2019;Registro de Preço;;Homologada;SECRETARIA MUNICIPAL DE INFRAESTRUTURA E SERVIÇOS PÚBLICOS;3500;2020-04-17;10;2019011446;2019;2021-02-25;2020-05-05 00:00:00;;;;4410000.00;;CONTRATAÇÃO DE EMPRESA ESPECIALIZADA NO FORNECIMENTO DE MASSA ASFÁLTICA CBUQ  CONCRETO BETUMINOSO USINADO A QUENTE MODIFICADO POR ADITIVO, PROCESSO E MISTURA, NÃO EMULSIONADO, PARA APLICAÇÃO A FRIO, DOSADO COM CAP 50/70, FAIXA C DNIT;;0;;;0;0;0;23984;90;5;;2129;False
licitacoes;009/2019;Concorrência para Compras e Serviços;;Aberta;SECRETARIA MUNICIPAL DE SEGURANCA E MOBILIDADE URBANA;1200;2020-12-01;9;2019013331;2019;;2021-01-05 00:00:00;;;;0.00;;CONSTRUÇÃO DE FAIXAS ELEVADAS, ONDULAÇÕES TRANSVERSAIS, COM SINALIZAÇÃO HOIZONTAL, VERTICAL E PISO TÁTIL;;0;;;0;0;0;28162;5;1;;2129;False
licitacoes;009/2019;Registro de Preço;;Homologada;SECRETARIA MUNICIPAL DE SEGURANCA E MOBILIDADE URBANA;1200;2019-12-20;9;2019013331;2019;2020-07-06;2019-12-20 00:00:00;;;;1072205.39;;REGISTRO DE PREÇOS PARA FUTURA E EVENTUAL CONTRATAÇÃO DE EMPRESA ESPECIALIZADA EM ENGENHARIA PARA CONSTRUÇÃO DE FAIXAS ELEVADAS E ONDULAÇÕES TRANSVERSAIS, COM SINALIZAÇÃO HORIZONTAL E VERTICAL, E PISO TÁTIL, CONFORME ESPECIFICAÇÕES E CONDIÇÕES CONSTANTES DESTE EDITAL, SEU TERMO DE REFERÊNCIA E ANEXOS;;0;;;0;0;0;25242;90;5;;2129;False
licitacoes;009/2019;Pregão Eletrônico;;Homologada;SECRETARIA MUNICIPAL DA SAÚDE;8600;2019-01-24;9;;2019;2019-04-08;2019-02-07 00:00:00;;;;68494.75;;AQUISIÇÃO DE MATERIAIS ELÉTRICO PARA ATENDER A REDE MUNICIPAL DE SAÚDE .;;0;;;0;0;0;22423;13;5;;2129;False
licitacoes;008/2019;Concorrência para Compras e Serviços;;Homologada;SECRETARIA MUNICIPAL DE INFRAESTRUTURA E SERVIÇOS PÚBLICOS;3500;2020-04-07;8;2019045356;2019;2020-05-06;2019-12-19 00:00:00;;;;2285000.00;;CONSTRUÇÃO DE PRAÇAS NAS QUADRAS ARSO 31 (303 SUL), ARSE 81 (804 SUL), ARNO 72 (605 NORTE) E A REVITALIZAÇÃO DA PRAÇA NA QUADRA ARSE 111 (1.104 SUL), CONFORME SEU TERMO DE REFERÊNCIA E ANEXOS.;;0;;;0;0;0;25241;5;5;;2129;False
licitacoes;007/2019;Concorrência para Compras e Serviços;;Homologada;SECRETARIA MUNICIPAL DE INFRAESTRUTURA E SERVIÇOS PÚBLICOS;3500;2019-11-12;7;2019055219;2019;2020-05-06;2019-12-18 00:00:00;;;;1196931.60;;"CONSTRUÇÃO DE PRAÇAS NAS QUADRAS ARNO 41 (403 NORTE) E
ARSO 112 (1.105 SUL), CONFORME SEU TERMO DE REFERÊNCIA E ANEXOS";;0;;;0;0;0;25240;5;5;;2129;False
licitacoes;006/2019;Registro de Preço;;Homologada;SECRETARIA MUNICIPAL DE INFRAESTRUTURA E SERVIÇOS PÚBLICOS;3500;2020-05-11;6;2019013571;2019;2021-02-26;2020-06-15 00:00:00;;;;3747877.76;;O REGISTRO DE PREÇOS PARA FUTURA E EVENTUAL CONTRATAÇÃO DE EMPRESA ESPECIALIZADA PARA PRESTAÇÃO DE SERVIÇOS DE SINALIZAÇÃO VIÁRIA VERTICAL E HORIZONTAL NO PERÍMETRO URBANO DE PALMAS-TO, CONFORME ESPECIFICAÇÕES E CONDIÇÕES CONSTANTES DESTE EDITAL, SEU TERMO DE REFERÊNCIA E ANEXOS.;;0;;;0;0;0;25239;90;5;;2129;False
licitacoes;005/2019;Concorrência para Obras e Serviços de Engenharia;;Homologada;SECRETARIA MUNICIPAL DE INFRAESTRUTURA E SERVIÇOS PÚBLICOS;3500;2019-12-04;5;2019041700;2019;2021-08-05;2020-01-23 00:00:00;;;;2045687.12;;CONTRATAÇÃO DE EMPRESA ESPECIALIZADA EM ENGENHARIA PARA EXECUÇÃO DE SUPERVISÃO TÉCNICA, AMBIENTAL E SOCIAL DAS OBRAS DE INFRAESTRUTURA URBANA A SEREM IMPLANTADAS NO ÂMBITO DO PROGRAMA DE REQUALIFICAÇÃO URBANA PALMAS PARA O FUTURO.;;0;;;0;0;0;24573;6;5;;2129;False
licitacoes;004/2019;Concorrência para Compras e Serviços;;Aberta;SECRETARIA MUNICIPAL DE SEGURANCA E MOBILIDADE URBANA;1200;2019-11-20;4;2018032649;2019;;2020-01-08 00:00:00;;;;0.00;;ELABORAÇÃO DE PLANO DE MOBILIDADE URBANA;;0;;;0;0;0;24544;5;1;;2129;False
licitacoes;004/2019;Outros;ADESÃO A REGISTRO DE PREÇOS;Homologada;SECRETARIA MUNICIPAL DE DESENVOLVIMENTO RURAL;3300;2019-04-16;4;2019036419;2019;2024-11-08;;;;;17842.80;17842.80;ANUTENÇÃO CORRETIVA E PREVENTIVA ATRAVES DE GERENCIAMENTO DE FROTA VIA SISTEMA WEB- TRATORES E IMPLEMENTOS AGRICOLAS.;;0;;;0;0;0;37870;99;5;;2129;False
licitacoes;003/2019;Concorrência para Compras e Serviços;;Homologada;SECRETARIA MUNICIPAL DE COMUNICAÇÃO;5600;2019-11-25;3;2019030096;2019;2020-07-22;2020-01-14 00:00:00;;;;2994000.00;;CONTRATAÇÃO DE 03 (TRÊS) AGÊNCIAS PARA PRESTAÇÃO DOS SERVIÇOS DE PUBLICIDADE, CONFORME ESPECIFICAÇÕES E CONDIÇÕES CONSTANTES DESTE EDITAL, SEUS TERMOS DE REFERÊNCIA E ANEXOS;;0;;;0;0;0;24354;5;5;;2129;False
licitacoes;003/2019;Pregão Eletrônico;;Homologada;SECRETARIA MUNICIPAL DA SAÚDE;8600;2018-12-19;3;2018028202;2019;2019-02-05;2019-01-08 00:00:00;;;;61380.00;;CONTRATAÇÃO DE EMPRESA PARA RECARGA DE BOTIJÃO DE GÁS COM CAPACIDADE PARA 45 KG, PARA A UNIDADE DE ALIMENTAÇÃO E NUTRIÇÃO UAN DA DIRETORIA DE ATENÇÃO SECUNDÁRIA EM SAÚDE.;;0;;;0;0;0;22283;13;5;;2129;False
licitacoes;002/2019;Concorrência para Compras e Serviços;CONCORRÊNCIA;Homologada;SECRETARIA MUNICIPAL DE INFRAESTRUTURA E SERVIÇOS PÚBLICOS;3500;2019-07-01;2;2019022215;2019;2025-12-17;2020-02-26 00:00:00;;;;2000000.00;2000000.00;CONTRATAÇÃO DE EMPRESA ESPECIALIZADA PARA EXECUÇÃO DOS SERVIÇOS DE LIMPEZA URBANA, DE ACORDO COM AS ESPECIFICAÇÕES TÉCNICAS CONTIDAS NESTE EDITAL, CONFORME TERMO DE REFERÊNCIA, PROJETO BÁSICO E ANEXOS.;;0;;;0;0;0;24275;5;5;;2129;False
licitacoes;002/2019;Pregão Presencial;;Homologada;SECRETARIA MUNICIPAL DE COMUNICAÇÃO;5600;2019-02-18;2;2019011611;2019;2019-03-01;2019-02-28 00:00:00;;;;31200.00;;CONTRATAÇÃO DE EMPRESA ESPECIALIZADA EM PRESTAÇÃO DE SERVIÇOS DE IDENTIDADE VISUAL EM ORGANIZAÇÃO DE EVENTOS, PARA REALIZAÇÃO DO CAPITAL DA FÉ;;0;;;0;0;0;22978;12;5;;2129;False
licitacoes;001/2019;Concorrência para Compras e Serviços;CONCORRÊNCIA;Homologada;SECRETARIA MUNICIPAL DE INFRAESTRUTURA E SERVIÇOS PÚBLICOS;3500;2022-06-30;1;2020014418;2019;2022-06-30;;;;;2493314.57;2493314.57;LOTE 04 DA CONCORRÊNCIA INTERNACIONAL Nº 001/2019-CAF;;0;;;0;2,A;0;31840;5;5;;2129;False
licitacoes;001/2019;Concorrência para Compras e Serviços;;Homologada;SECRETARIA MUNICIPAL DE INFRAESTRUTURA E SERVIÇOS PÚBLICOS;3500;2019-07-11;1;2019021750;2019;2020-02-06;2019-07-11 00:00:00;;;;68954043.97;;CONTRATAÇÃO DE EMPRESA ESPECIALIZADA NA EXECUÇÃO DE OBRAS DE TERRAPLANAGEM, PAVIMENTAÇÃO ASFÁLTICA, DRENAGEM PLUVIAL, SINALIZAÇÃO VIÁRIA E CALÇADAS DE ACESSIBILIDADE, NAS LOCALIDADES INDICADAS NESTE EDITAL, CONFORME TERMO DE REFERÊNCIA (ANEXO), PLANILHAS ORÇAMENTÁRIAS E PROJETOS, PUBLICADOS NO SITE WWW.PALMAS.TO.GOV.BR.;;0;;;0;0;0;23971;5;5;;2129;False
licitacoes;001/2019;Tomada de Preço para Compras e Serviços;;Homologada;FUNDAÇÃO CULTURAL DE PALMAS;7100;2019-02-19;1;2018031903;2019;2019-06-13;2019-03-25 00:00:00;;;;14950.00;;CONTRATAÇÃO DE MICROEMPREENDEDOR INDIVIDUAL OU PESSOA FÍSICA PARA A PRESTAÇÃO DE SERVIÇOS DE INSTRUTORES E EQUIPE TÉCNICA NOS EQUIPAMENTOS CULTURAIS DA FUNDAÇÃO CULTURAL DE PALMAS, CONFORME CONDIÇÕES E ESPECIFICAÇÕES DESCRITAS NO EDITAL E SEUS ANEXOS.;;0;;;0;0;0;23007;3;5;;2129;False
licitacoes;001/2019;Pregão Presencial;;Homologada;SECRETARIA MUNICIPAL DE COMUNICAÇÃO;5600;2019-02-06;1;2019006623;2019;2019-02-21;2019-02-18 00:00:00;;;;992100.00;;CONTRATAÇÃO DE EMPRESA ESPECIALIZADA EM LOCAÇÃO DE ESTRUTURAS PARA A REALIZAÇÃO DO CAPITAL DA FÉ.;;0;;;0;0;0;22703;12;5;;2129;False
licitacoes;001/2019;Pregão Eletrônico;;Aberta;SECRETARIA MUNICIPAL DA SAÚDE;8600;2018-12-18;1;2018004183;2019;;2019-01-08 00:00:00;;;;0.00;;AQUISIÇÃO DE EQUIPAMENTOS MÉDICOS E MATERIAIS HOSPITALARES, PARA ATENDER O AMBULATÓRIO MUNICIPAL DE ATENÇÃO À SAÚDE (AMAS), CSC 1304 SUL, CSC TAQUARI, CSC WALTERLY WAGNER JOSÉ RIBEIRO.;;0;;;0;0;0;22269;13;1;;2129;False
licitacoes;219/2018;Pregão Eletrônico;;Homologada;SECRETARIA MUNICIPAL DA SAÚDE;8600;2017-12-12;219;2017058000;2018;2018-09-11;2017-12-28 00:00:00;;;;112569.64;;CONTRATAÇÃO DE EMPRESA PARA O FORNECIMENTO E INSTALAÇÃO DE 01 GRUPO MOTOR GERADOR CABINADO, DIESEL, MONTADO, EMERGÊNCIA, PRINCIPAL, CONTÍNUA, PARA ATENDER O AMBULATÓRIO MUNICIPAL DE ATENÇÃO A SAÚDE  AMAS, DA ATENÇÃO SECUNDÁRIA EM SAÚDE DE PALMAS, INCLUINDO TODO O MATERIAL E MÃO DE OBRA NECESSÁRIOS PARA O PERFEITO FUNCIONAMENTO DO SISTEMA.;;0;;;0;0;0;18938;13;5;;2129;False
licitacoes;098/2018;Pregão Eletrônico;;Homologada;SECRETARIA MUNICIPAL DA SAÚDE;8600;2018-12-05;98;;2018;2019-02-25;2018-12-21 00:00:00;;;;76230.00;;O REGISTRO DE PREÇOS TEM POR OBJETO A FUTURA CONFECÇÃO DE UNIFORMES PARA AGENTE COMUNITÁRIO DE SAÚDE - ACS DA SECRETARIA MUNICIPAL DE SAÚDE DE PALMAS TOCANTINS, CONFORME CONDIÇÕES, QUANTIDADES E EXIGÊNCIAS ESTABELECIDAS NESTE EDITAL E SEUS ANEXOS;;0;;;0;0;0;22161;13;5;;2129;False
licitacoes;097/2018;Pregão Eletrônico;;Aberta;SECRETARIA MUNICIPAL DA EDUCAÇÃO;2900;2018-12-05;97;2018009334;2018;;2018-12-20 00:00:00;;;;20247.00;;AQUISIÇÃO DE LEITOR ÓPTICO DE IMAGENS, (SCANNER) COM SOFTWARE, PARA ATENDER AS NECESSIDADES DO SETORIAL DIRETORIA DE AVALIAÇÃO, ESTATÍSTICA E FORMAÇÃO DESTA SECRETARIA;;0;;;0;0;0;22170;13;1;;2129;False
licitacoes;096/2018;Pregão Eletrônico;;Aberta;SECRETARIA MUNICIPAL DE SEGURANCA E MOBILIDADE URBANA;1200;2018-12-05;96;;2018;;2018-12-19 00:00:00;;;;52823.36;;A AQUISIÇÃO DE INSTRUMENTOS MUSICAIS PARA A ORQUESTRA JOVEM DA GUARDA METROPOLITANA DE PALMAS, CONFORME CONDIÇÕES, QUANTIDADES E EXIGÊNCIAS ESTABELECIDAS NESTE EDITAL E SEUS ANEXOS.;;0;;;0;0;0;22160;13;1;;2129;False
licitacoes;095/2018;Pregão Eletrônico;;Homologada;FUNDO MUNICIPAL DE ASSISTÊNCIA SOCIAL;5800;2018-12-04;95;;2018;2019-03-12;2018-12-19 00:00:00;;;;80000.00;;CONTRATAÇÃO DE EMPRESA ESPECIALIZADA PARA MINISTRAR CURSOS DE ATUALIZAÇÃO PROFISSIONAL AOS SERVIDORES DA SEDES;;0;;;0;0;0;22166;13;5;;2129;False
licitacoes;093/2018;Pregão Eletrônico;;Homologada;SECRETARIA MUNICIPAL DE INFRAESTRUTURA E SERVIÇOS PÚBLICOS;3500;2018-11-29;93;;2018;2019-01-25;2018-12-14 00:00:00;;;;97800.00;;CONTRATAÇÃO DE EMPRESA ESPECIALIZADA  EM  FORNECIMENTO DE ALIMENTAÇÃO PRONTA ACONDICIONADA EM EMBALAGENS TIPO MARMITEX;;0;;;0;0;0;22128;13;5;;2129;False
licitacoes;092/2018;Pregão Eletrônico;;Homologada;SECRETARIA MUNICIPAL DE INFRAESTRUTURA E SERVIÇOS PÚBLICOS;3500;2018-11-12;92;;2018;2019-01-31;2018-11-27 00:00:00;;;;14640.00;;FORNECIMENTO DE BANDEIRAS OFICIAIS DO BRASIL, DO TOCANTINS, DE PALMAS E DO CONSÓRCIO INTERMUNICIPAL DE LAJEADO;;0;;;0;0;0;22051;13;5;;2129;False
licitacoes;090/2018;Pregão Eletrônico;;Homologada;SECRETARIA MUNICIPAL DE SEGURANCA E MOBILIDADE URBANA;1200;2018-08-09;90;2018014823;2018;2019-01-30;2018-08-13 00:00:00;;;;54750.00;;AQUISIÇÃO DE MODULOS  VEICULAR A LED 20MM.;;0;;;0;0;0;21484;13;5;;2129;False
licitacoes;089/2018;Pregão Eletrônico;;Homologada;SECRETARIA MUNICIPAL DE INFRAESTRUTURA E SERVIÇOS PÚBLICOS;3500;2018-10-31;89;2018012110;2018;2019-02-19;2018-11-14 00:00:00;;;;327026.91;;AQUISIÇÃO DE FERRAMENTAS;;0;;;0;0;0;21992;13;5;;2129;False
licitacoes;088/2018;Pregão Eletrônico;;Homologada;FUNDO MUNICIPAL DO MEIO AMBIENTE;6700;2018-09-18;88;2018011024;2018;2018-10-31;2018-10-02 00:00:00;;;;27010.00;;CONTRATAÇÃO DE EMPRESA ESPECIALIZADA PARA REALIZAÇÃO DE ANÁLISES LABORATORIAIS PARA VERIFICAÇÃO DA QUALIDADE DA ÁGUA PARA BALNEABILIDADE DAS PRAIAS (PRATA, GRACIOSA, CAJU, ARNOS E BURITI);;0;;;0;0;0;21723;13;5;;2129;False
licitacoes;087/2018;Pregão Eletrônico;;Homologada;FUNDO MUNICIPAL DE ASSISTÊNCIA SOCIAL;5800;2018-09-17;87;2018015321;2018;2019-01-02;2018-09-28 00:00:00;;;;35000.00;;CONTRATAÇÃO DE GRUPO ESPECIALIZADO EM OFICINA  CULTURAL;;0;;;0;0;0;21693;13;5;;2129;False
licitacoes;086/2018;Pregão Eletrônico;;Homologada;SECRETARIA MUNICIPAL DA SAÚDE;8600;2018-09-12;86;2018011104;2018;2018-10-22;2018-09-26 00:00:00;;;;29280.00;;CONTRATAÇÃO DE EMPRESA ESPECIALIZADA EM SERVIÇOS DE RECARGAS DE EXTINTORES DE INCÊNDIO, PARA ATENDER TODA A REDE DA SECRETARIA MUNICIPAL DE SAÚDE.;;0;;;0;0;0;21652;13;5;;2129;False
licitacoes;084/2018;Pregão Eletrônico;;Homologada;FUNDO MUNICIPAL DE HABITAÇÃO DE INTERESSE SOCIAL;6500;2018-08-23;84;2018016895;2018;2018-09-26;2018-08-27 00:00:00;;;;79360.00;;CONTRATAÇÃO DE EMPRESA ESPECIALIZADA PARA EXECUÇÃO DOS SERVIÇOS DE GESTÃO CONDOMINIAL  DO EMPREENDIMENTO PALMAS  VERTCAL  RESIDENCIAL  NORTH II;;0;;;0;0;0;21578;13;5;;2129;False
licitacoes;083/2018;Pregão Eletrônico;;Homologada;FUNDO MUNICIPAL DE HABITAÇÃO DE INTERESSE SOCIAL;6500;2018-08-23;83;2018016670;2018;2018-09-28;2018-09-06 00:00:00;;;;79360.00;;CONTRATAÇÃO DE EMPRESA ESPECIALIZADA NA PRESTAÇÃO DOS SERVIÇOS DE GESTÃO CONDOMINIAL E PATRIMONIAL DO EMPREENDIMENTO PALMAS VERTICAL RESIDENCE NORTH I, CONFORME CONDIÇÕES, QUANTIDADES E EXIGÊNCIAS ESTABELECIDAS NESTE EDITAL E SEUS ANEXOS.;;0;;;0;0;0;21562;13;5;;2129;False
licitacoes;080/2018;Pregão Eletrônico;;Homologada;SECRETARIA MUNICIPAL DA SAÚDE;8600;2018-08-17;80;2018013900;2018;2018-10-04;2018-08-31 00:00:00;;;;92048.00;;AQUISIÇÃO DE BALANÇAS PLATAFORMA PORTATIL E ANTROPOMETRO.;;0;;;0;0;0;21527;13;5;;2129;False
licitacoes;079/2018;Pregão Eletrônico;;Homologada;SECRETARIA MUNICIPAL DE INFRAESTRUTURA E SERVIÇOS PÚBLICOS;3500;2018-08-15;79;2018007254;2018;2018-12-03;2018-08-28 00:00:00;;;;2973069.58;;A FUTURA AQUISIÇÃO DE MATERIAIS DE CONSTRUÇÃO E ELÉTRICOS, CONFORME CONDIÇÕES, QUANTIDADES E EXIGÊNCIAS ESTABELECIDAS NO EDITAL E SEUS ANEXOS;;0;;;0;0;0;21515;13;5;;2129;False
licitacoes;077/2018;Pregão Eletrônico;;Homologada;SECRETARIA MUNICIPAL DA SAÚDE;8600;2018-08-10;77;;2018;2018-11-12;2018-08-27 00:00:00;;;;0.00;;AQUISIÇÃO DE MEDICAMENTOS A GERENCIA DA UNIDADE DE USO VETERINÁRIO ATENDER A GERENCIA, DA UNIDADE VIGILÂNCIA E CONTROLE DE ZOONOSES DA SECRETARIA MUNICIPAL DE SAÚDE;;0;;;0;0;0;21497;13;5;;2129;False
licitacoes;075/2018;Pregão Eletrônico;;Homologada;SECRETARIA MUNICIPAL DA SAÚDE;8600;2018-08-08;75;2018015552;2018;2018-11-13;2018-08-10 00:00:00;;;;34747.44;;AQUISIÇÃO DE MATERIAL DE RESGATE SAMU- SERVIÇOS DE ATENDIMENTO MOVEL DE URGÊNCIA;;0;;;0;0;0;21478;13;5;;2129;False
licitacoes;074/2018;Pregão Eletrônico;;Homologada;SECRETARIA MUNICIPAL DA SAÚDE;8600;2018-08-08;74;2018019078;2018;2018-09-27;2018-08-22 00:00:00;;;;40320.00;;AQUISIÇÃO DE FÓRMULA LÁCTEA INFANTIL TIPO 2 PARA ATENDER CRIANÇAS LACTENTES DO NÚCLEO DE ASSISTÊNCIA HENFIL.;;0;;;0;0;0;21469;13;5;;2129;False
licitacoes;073/2018;Pregão Eletrônico;;Homologada;SECRETARIA MUNICIPAL DA SAÚDE;8600;2018-08-08;73;2018016530;2018;2018-11-12;2018-08-17 00:00:00;;;;15289.40;;AQUISIÇAÕ DE RAÇÃO PARA CAES E GATOS;;0;;;0;0;0;21446;13;5;;2129;False
licitacoes;071/2018;Pregão Eletrônico;;Homologada;SECRETARIA MUNICIPAL DA SAÚDE;8600;2018-07-23;71;2018013469;2018;2018-11-26;2018-07-03 00:00:00;;;;414400.00;;CONTRATAÇÃO DE EMPRESA PARA PRESTAR SERVIÇOS COM FORNECIMENTO DE CARGA DE OXIGENIO PARA ATENDIMENTO AS UPAS E SAMU;;0;;;0;0;0;21119;13;5;;2129;False
licitacoes;070/2018;Pregão Eletrônico;;Homologada;SECRETARIA MUNICIPAL DA SAÚDE;8600;2018-07-20;70;2018003225;2018;2018-11-09;2018-08-07 00:00:00;;;;5716716.00;;A FUTURA CONTRATAÇÃO DE EMPRESA PARA FORNECIMENTO DE MEDICAMENTOS (REMUME INJETÁVEIS) PARA SEREM UTILIZADOS NAS FARMÁCIAS BÁSICAS, CENTRO DE ATENÇÃO PSICOSSOCIAL (CAPS II E AD III, ATENDER AS NECESSIDADES DOS PACIENTES DOS PROGRAMAS DE SAÚDE MENTAL DAS UNIDADES CAPS II E AD III, CONFORME ESPECIFICAÇÕES E QUANTITATIVOS CONSTANTES NO EDITAL E SEUS ANEXOS.;;0;;;0;0;0;21315;13;5;;2129;False
licitacoes;069/2018;Pregão Eletrônico;;Homologada;SECRETARIA MUNICIPAL DA SAÚDE;8600;2018-07-19;69;2018003602;2018;2018-11-28;2018-08-06 00:00:00;;;;866947.00;; O REGISTRO DE PREÇOS TEM POR OBJETO A FUTURA AQUISIÇÃO DE MEDICAMENTOS (CONTROLADOS), PARA ATENDER USUÁRIOS DA REDE MUNICIPAL DE SAÚDE;;0;;;0;0;0;21312;13;5;;2129;False
licitacoes;068/2018;Pregão Eletrônico;;Homologada;SECRETARIA MUNICIPAL DA SAÚDE;8600;2018-07-20;68;2018003224;2018;2018-12-10;2018-07-23 00:00:00;;;;1449476.00;;AQUISIÇÃO DE MEDICAMENTOS.;;0;;;0;0;0;21317;13;5;;2129;False
licitacoes;067/2018;Pregão Eletrônico;;Homologada;SECRETARIA MUNICIPAL DA SAÚDE;8600;2018-07-20;67;2018010798;2018;2018-08-31;2018-08-02 00:00:00;;;;115490.75;;A CONTRATAÇÃO DE EMPRESA PARA FORNECIMENTO DE EQUIPAMENTOS ELETRODOMÉSTICOS E ELETROELETRÔNICOS,  PARA ATENDER A DIRETORIA DE ATENÇÃO SECUNDÁRIA EM SAÚDE, ATENÇÃO PRIMARIA E VIGILÂNCIA EM SAÚDE, POR MEIO DE EMENDAS PARLAMENTARES, DA SECRETARIA MUNICIPAL DE SAÚDE  SEMUS, CONFORME CONDIÇÕES, QUANTIDADES E EXIGÊNCIAS ESTABELECIDAS NO EDITAL E SEUS ANEXOS.;;0;;;0;0;0;21314;13;5;;2129;False
licitacoes;066/2018;Pregão Eletrônico;;Homologada;SECRETARIA MUNICIPAL DA SAÚDE;8600;2018-07-19;66;2018003588;2018;2018-12-03;2018-08-08 00:00:00;;;;1745367.50;;AQUISIÇÃO DE MEDICAMENTOS TAIS COMO (ACETATO DE RETINOL, ACICLOVIR E OUTROS), PARA ATENDER PACIENTES USUÁRIOS DO SUS REDE MUNICIPAL DE SAÚDE.;;0;;;0;0;0;21313;13;5;;2129;False
licitacoes;065/2018;Pregão Eletrônico;;Homologada;SECRETARIA MUNICIPAL DA SAÚDE;8600;2018-07-04;65;2018007329;2018;2018-09-28;2018-07-20 00:00:00;;;;30840.00;;REGISTRO DE PREÇOS TEM POR OBJETO A FUTURA CONTRATAÇÃO DE EMPRESA ESPECIALIZADA PARA FORNECIMENTO DE PROTETOR SOLAR, PARA USO DOS AGENTES COMUNITÁRIOS DE SAÚDE E AGENTES DE ENDEMIAS, DA SECRETARIA MUNICIPAL DE SAÚDE.;;0;;;0;0;0;21148;13;5;;2129;False
licitacoes;064/2018;Pregão Eletrônico;;Homologada;SECRETARIA MUNICIPAL DA SAÚDE;8600;2018-07-04;64;2018003629;2018;2018-10-09;2018-07-19 00:00:00;;;;1179356.83;;REGISTRO DE PREÇOS TEM POR OBJETO A FUTURA AQUISIÇÃO DE MATERIAIS PARA ATENDER AS NECESSIDADES DAS UNIDADES DE SAÚDE DA FAMÍLIA, CENTRO DE REFERENCIAS, PRONTOS ATENDIMENTOS E SAMU.;;0;;;0;0;0;21149;13;5;;2129;False
licitacoes;063/2018;Pregão Eletrônico;;Homologada;FUNDO MUNICIPAL DE ASSISTÊNCIA SOCIAL;5800;2018-07-03;63;2018006601;2018;2018-09-03;2018-07-17 00:00:00;;;;389979.00;;REGISTRO DE PREÇOS TEM POR OBJETO A FUTURA CONTRATAÇÃO DE EMPRESA PARA AQUISIÇÃO DE GÊNEROS ALIMENTÍCIOS PERECÍVEIS (FRUTAS,VERDURAS E CARNES, PARA ATENDER AOS SERVIÇOS SOCIOASSISTENCIAIS DA REDE DE PROTEÇÃO SOCIAL BÁSICA - CRAS.;;0;;;0;0;0;21142;13;5;;2129;False
licitacoes;062/2018;Pregão Eletrônico;;Homologada;SECRETARIA MUNICIPAL DA SAÚDE;8600;2018-07-03;62;2018007628;2018;2019-02-13;2018-07-18 00:00:00;;;;129351.00;;AQUISIÇÃO DE EQUIPAMENTOS E PROTEÇÃO INDIVIDUAL (EPI) MATERIAIS/UNIFORMES PARA OS PROFISSIONAIS QUE ATUAM NO SERVIÇO DE ATENDIMENTO MÓVEL DE URGÊNCIA E EMERGÊNCIA  SAMU.;;0;;;0;0;0;21141;13;5;;2129;False
licitacoes;061/2018;Pregão Eletrônico;;Homologada;SECRETARIA MUNICIPAL DA SAÚDE;8600;2018-07-03;61;2018005966;2018;2018-08-17;2018-07-18 00:00:00;;;;571000.00;;AQUISIÇÃO DE FRALDAS DESCARTÁVEIS.;;0;;;0;0;0;21140;13;5;;2129;False
licitacoes;060/2018;Pregão Eletrônico;;Homologada;SECRETARIA MUNICIPAL DA SAÚDE;8600;2018-06-29;60;2018008868;2018;2018-08-29;2018-07-19 00:00:00;;;;510693.07;;AQUISIÇÃO DE INSUMOS LABORATORIAIS PARA MANUTENÇÃO DO COMPLEXO LABORATORIAL DE SAÚDE DO MUNICÍPIO DE PALMAS/TO.;;0;;;0;0;0;21122;13;5;;2129;False
licitacoes;059/2018;Pregão Eletrônico;;Homologada;SECRETARIA MUNICIPAL DA SAÚDE;8600;2018-06-29;59;2018007831;2018;2018-07-30;2018-07-18 00:00:00;;;;16920.00;;CONTRATAÇÃO DE EMPRESA ESPECIALIZADA NA EXECUÇÃO DE MANUTENÇÃO DE LIMPEZA E CONSERVAÇÃO DAS PISCINAS DO CENTRO DE ATENÇÃO PSICOSOCIAL - CAPS E CREFISUL.;;0;;;0;0;0;21121;13;5;;2129;False
licitacoes;058/2018;Pregão Eletrônico;;Homologada;SECRETARIA MUNICIPAL DA SAÚDE;8600;2018-06-29;58;2018008255;2018;2018-09-25;2018-07-16 00:00:00;;;;360000.00;;CONTRATAÇÃO DE EMPRESA PARA FORNECIMENTO DE REFEIÇÕES (MARMITEX).;;0;;;0;0;0;21108;13;5;;2129;False
licitacoes;055/2018;Pregão Eletrônico;;Homologada;SECRETARIA MUNICIPAL DA SAÚDE;8600;2018-06-29;55;2018003668;2018;2018-11-29;2018-07-17 00:00:00;;;;628790.00;;REGISTRO DE PREÇOS TEM POR OBJETO A FUTURA AQUISIÇÃO DE MATERIAIS DE ENFERMAGEM;;0;;;0;0;0;21109;13;5;;2129;False
licitacoes;054/2018;Pregão Eletrônico;;Homologada;SECRETARIA MUNICIPAL DA SAÚDE;8600;2018-06-29;54;2018016541;2018;2018-09-06;2018-07-16 00:00:00;;;;260750.00;;REGISTRO DE PREÇOS TEM POR OBJETO A FUTURA AQUISIÇÃO DE FITAS GLICÊMICA.;;0;;;0;0;0;21112;13;5;;2129;False
licitacoes;052/2018;Pregão Eletrônico;;Homologada;SECRETARIA MUNICIPAL DA SAÚDE;8600;2018-06-28;52;2018001786;2018;2018-10-15;2018-06-13 00:00:00;;;;1489865.81;;AQUISIÇÃO A FUTURA CONTRATAÇÃO DE MATERIAIS DE ENFERMAGEM.;;0;;;0;0;0;21107;13;5;;2129;False
licitacoes;050/2018;Pregão Eletrônico;;Aberta;SECRETARIA MUNICIPAL DE INFRAESTRUTURA E SERVIÇOS PÚBLICOS;3500;2018-05-22;50;2018002015;2018;;2018-06-07 00:00:00;;;;759000.00;;AQUISIÇÃO DE ACADEMIA HIBRIDA.;;0;;;0;0;0;20724;13;1;;2129;False
licitacoes;049/2018;Pregão Eletrônico;;Aberta;FUNDO MUNICIPAL DE ASSISTÊNCIA SOCIAL;5800;2018-05-23;49;2018007650;2018;;2018-06-07 00:00:00;;;;0.00;;A FUTURA CONTRATAÇÃO DE EMPRESA PARA AQUISIÇÃO DE MATERIAIS PERMANENTES PARA IMPLANTAÇÃO, FUNCIONAMENTO E MANUTENÇÃO DO PROJETO CENTRO DE REFERÊNCIA ESPECIALIZADO PARA POPULAÇÃO EM SITUAÇÃO DE RUA  CENTRO POP, CONFORME CONDIÇÕES, QUANTIDADES E EXIGÊNCIAS ESTABELECIDAS NESTE EDITAL E SEUS ANEXOS;;0;;;0;0;0;20723;13;1;;2129;False
licitacoes;048/2018;Pregão Eletrônico;;Homologada;FUNDO MUNICIPAL DE ASSISTÊNCIA SOCIAL;5800;2018-05-22;48;2018007215;2018;2018-08-21;2018-06-07 00:00:00;;;;81029.50;;MATERIAL DE HIGIENE E LIMPEZA - CENTRO POP;;0;;;0;0;0;20721;13;5;;2129;False
licitacoes;047/2018;Pregão Eletrônico;;Homologada;FUNDO MUNICIPAL DE ASSISTÊNCIA SOCIAL;5800;2018-05-15;47;2017044701;2018;2018-11-23;2018-05-25 00:00:00;;;;109666.00;;FUTURA AQUISIÇÃO DE MATERIAL PERMANENTE (NOTEBOOK, IMPRESSORA MULTIFUNCIONAL A LASER, PROJETOR DE MULTIMÍDIA, APARELHO TELEFÔNICO SEM FIO, CAIXA DE SOM E COMPUTADOR), CONFORME CONDIÇÕES, QUANTIDADES E EXIGÊNCIAS ESTABELECIDAS NO EDITAL E SEUS ANEXOS.;;0;;;0;0;0;20616;13;5;;2129;False
licitacoes;046/2018;Pregão Eletrônico;;Aberta;FUNDO MUNICIPAL DE ASSISTÊNCIA SOCIAL;5800;2018-05-09;46;2018006595;2018;;2018-05-23 00:00:00;;;;81328.90;;AQUISIÇÃO DE GENEROS ALIMENTICIOS NÃO PERECIVEIS - CRAS;;0;;;0;0;0;20527;13;1;;2129;False
licitacoes;045/2018;Pregão Eletrônico;;Homologada;FUNDO MUNICIPAL DE ASSISTÊNCIA SOCIAL;5800;2018-05-10;45;2018006898;2018;2018-10-18;2018-05-25 00:00:00;;;;48037.10;;AQUISIÇÃO DE GENEROS ALIMENTICIOS NAO PERECIVEIS PARA ATENDER A DEMANDA DO PROJETO LUA FELIZ;;0;;;0;0;0;20565;13;5;;2129;False
licitacoes;044/2018;Pregão Eletrônico;;Aberta;FUNDAÇÃO CULTURAL DE PALMAS;7100;2018-05-09;44;2016060360;2018;;2018-05-23 00:00:00;;;;;;AQUISIÇÃO DE EQUIPAMENTOS ELETRÔNICOS E INFORMÁTICA PARA ATENDER O MUSEU CASA SUSSUAPARA.;;0;;;0;0;0;20523;13;1;;2129;False
licitacoes;043/2018;Pregão Eletrônico;;Homologada;FUNDO MUNICIPAL DE ASSISTÊNCIA SOCIAL;5800;2018-05-07;43;2018007134;2018;2018-08-08;2018-05-21 00:00:00;;;;42084.80;;AQUISIÇÃO DE GÊNEROS ALIMENTÍCIOS NÃO PERECÍVEIS PARA ATENDER O CENTRO POP.;;0;;;0;0;0;20509;13;5;;2129;False
licitacoes;042/2018;Pregão Eletrônico;;Homologada;FUNDO MUNICIPAL DE ASSISTÊNCIA SOCIAL;5800;2018-05-08;42;2018007136;2018;2018-10-16;2018-05-21 00:00:00;;;;81933.52;;AQUISIÇÃO DE GÊNEROS ALIMENTÍCIOS PERECÍVEIS PARA ATENDER AO PROJETO LUA FELIZ, CONFORME CONDIÇÕES, QUANTIDADES E EXIGÊNCIAS ESTABELECIDAS NO EDITAL E SEUS ANEXOS;;0;;;0;0;0;20511;13;5;;2129;False
licitacoes;041/2018;Pregão Eletrônico;;Homologada;SECRETARIA MUNICIPAL DE INFRAESTRUTURA E SERVIÇOS PÚBLICOS;3500;2018-05-07;41;2018007789;2018;2019-02-01;2018-05-21 00:00:00;;;;176120.00;;AQUISIÇÃO DE TAMPÃO DE FERRO FUNDIDO ARTICULADO PARA POÇO DE VISITA.;;0;;;0;0;0;20508;13;5;;2129;False
licitacoes;039/2018;Pregão Eletrônico;;Homologada;FUNDO MUNICIPAL DE ASSISTÊNCIA SOCIAL;5800;2018-04-27;39;2018007062;2018;2018-06-19;2018-05-14 00:00:00;;;;151812.00;;AQUISIÇÃO DE GÊNEROS ALIMENTÍCIOS PERECIVEIS, PARA ATENDER O CENRO POP.;;0;;;0;0;0;20476;13;5;;2129;False
licitacoes;038/2018;Pregão Eletrônico;;Homologada;FUNDO MUNICIPAL DO MEIO AMBIENTE;6700;2018-04-27;38;2017069386;2018;2018-07-04;2018-05-14 00:00:00;;;;175000.00;;CONTRATAÇÃO DE SERVIÇOS DE EMPRESA ESPECIALIZADA PARA REALIZAÇÃO DE ANÁLISES LABORATORIAIS DE PARÂMETROS FÍSICO-QUÍMICOS E MICROBIOLÓGICOS PARA VERIFICAÇÃO DA QUALIDADE DA ÁGUA.;;0;;;0;0;0;20478;13;5;;2129;False
licitacoes;037/2018;Pregão Eletrônico;;Homologada;FUNDO MUNICIPAL DO MEIO AMBIENTE;6700;2018-04-27;37;2017069398;2018;2018-08-13;2018-05-14 00:00:00;;;;172398.00;;CONTRATAÇÃO DE EMPRESA ESPECIALIZADA EM ANÁLISES LABORATORIAIS E PARÂMETROS FÍSICO-QUÍMICOS E MICROBIOLÓGICOS PARA VERIFICAR A QUALIDADE DOS EFLUENTES.;;0;;;0;0;0;20477;13;5;;2129;False
licitacoes;033/2018;Pregão Eletrônico;;Homologada;SECRETARIA MUNICIPAL DA FAZENDA E TRANSFORMAÇÃO DIGITAL;2700;2018-03-29;33;2018002696;2018;2018-07-04;2018-04-11 00:00:00;;;;6985032.00;;A FUTURA CONTRATAÇÃO DE EMPRESA ESPECIALIZADA NA PRESTAÇÃO DE SERVIÇOS DE VIGILÂNCIA ARMADA/DESARMADA CONFORME CONDIÇÕES, QUANTIDADES E EXIGÊNCIAS ESTABELECIDAS NO EDITAL E SEUS ANEXOS. SEFIN;;0;;;0;0;0;20217;13;5;;2129;False
licitacoes;033/2018;Pregão Eletrônico;;Homologada;SECRETARIA MUNICIPAL DA SAÚDE;8600;2018-03-27;33;2018002696;2018;2018-07-04;2018-04-11 00:00:00;;;;2919024.00;;A FUTURA CONTRATAÇÃO DE EMPRESA ESPECIALIZADA NA PRESTAÇÃO DE SERVIÇOS DE VIGILÂNCIA ARMADA/DESARMADA CONFORME CONDIÇÕES, QUANTIDADES E EXIGÊNCIAS ESTABELECIDAS NO EDITAL E SEUS ANEXOS. SEMUS;;0;;;0;0;0;21137;13;5;;2129;False
licitacoes;031/2018;Pregão Eletrônico;;Homologada;SECRETARIA MUNICIPAL DE INFRAESTRUTURA E SERVIÇOS PÚBLICOS;3500;2018-03-06;31;2018001921;2018;2018-04-12;2018-03-07 00:00:00;;;;540500.00;;AQUISIÇÃO DE CIMENTO PORTLAND CP- II F.;;0;;;0;0;0;19748;13;5;;2129;False
licitacoes;030/2018;Pregão Eletrônico;;Homologada;FUNDO MUNICIPAL DE  ILUMINAÇÃO PÚBLICA;6300;2018-02-14;30;2017058567;2018;2018-06-01;2018-02-16 00:00:00;;;;55050.00;;AQUISIÇÃO DE UNIFORMES;;0;;;0;0;0;19463;13;5;;2129;False
licitacoes;029/2018;Pregão Eletrônico;;Homologada;FUNDO MUNICIPAL DE ASSISTÊNCIA SOCIAL;5800;2018-02-14;29;2017073079;2018;2018-04-25;2018-02-27 00:00:00;;;;53800.00;;FORNECIMENTO DE SERVIÇOS DE KIT LANCHE COMPLETO E COFFEE BREAK, PARA ATENDER AS DEMANDAS DOS CURSOS DO ACESSUAS TRABALHO DO MUNICÍPIO DE PALMAS  TO, E DO PROGRAMA NACIONAL DE PROMOÇÃO DO ACESSO AO MUNDO DO TRABALHO;;0;;;0;0;0;19453;13;5;;2129;False
licitacoes;028/2018;Pregão Eletrônico;;Homologada;SECRETARIA MUNICIPAL DA SAÚDE;8600;2018-08-30;28;2018013413;2018;2019-04-03;2018-09-14 00:00:00;;;;135430.16;;AQUISIÇÃO DE EQUIPAMENTOS DE PROTEÇÃO INDIVIDUAL (EPI'S), PARA ATENDER OS TÉCNICOS DE VIGILÂNCIA E CONTROLE DE ZOONOSES.;;0;;;0;0;0;21591;13;5;;2129;False
licitacoes;027/2018;Pregão Eletrônico;;Homologada;FUNDO MUNICIPAL DOS DIREITOS DA CRIANÇA E DO ADOLESCENTE;1500;2018-02-05;27;2017074837;2018;2018-04-20;2018-02-21 00:00:00;;;;52855.88;;CONTRATAÇÃO DE EMPRESA PARA AQUISIÇÃO DE GÊNEROS ALIMENTÍCIOS PERECÍVEIS PARA ATENDER A CASA DE ACOLHIDA E CASA ABRIGO.;;0;;;0;0;0;19419;13;5;;2129;False
licitacoes;026/2018;Pregão Eletrônico;;Homologada;FUNDO MUNICIPAL DOS DIREITOS DA CRIANÇA E DO ADOLESCENTE;1500;2018-02-01;26;2017072407;2018;2018-03-21;2018-02-05 00:00:00;;;;43977.30;;AQUISIÇÃO  DE ALIMENTOS PERECIVEIS PARA ATENDER DEMANDAS  DA CAS ACOLHIDA E CASA ABRIGO. FRUTAS E VERDURAS;;0;;;0;0;0;19407;13;5;;2129;False
licitacoes;025/2018;Pregão Eletrônico;;Homologada;FUNDO MUNICIPAL DE ASSISTÊNCIA SOCIAL;5800;2018-01-31;25;2017069385;2018;2018-07-12;2018-02-02 00:00:00;;;;126913.30;;AQUISIÇÃO DE MATERIAL PERMANENTE DE CONSUMO PARA ATENDER A DIRETORIA DE PROTEÇÃO BASICA PARA USO NOS CRAS ...;;0;;;0;0;0;19399;13;5;;2129;False
licitacoes;024/2018;Pregão Eletrônico;;Homologada;SECRETARIA MUNICIPAL DE INFRAESTRUTURA E SERVIÇOS PÚBLICOS;3500;2018-01-30;24;2017068001;2018;2018-03-20;2018-02-15 00:00:00;;;;726066.00;;LOCAÇÃO DE ONIBUS.;;0;;;0;0;0;19329;13;5;;2129;False
licitacoes;023/2018;Pregão Eletrônico;;Homologada;FUNDO MUNICIPAL DOS DIREITOS DA CRIANÇA E DO ADOLESCENTE;1500;2018-01-29;23;2017072735;2018;2018-05-15;2018-02-09 00:00:00;;;;43310.50;;AQUISIÇÃO DE GÊNEROS ALIMENTÍCIOS PERECÍVEIS PARA ATENDER A CASA ABRIGO E CASA ACOLHIDA.;;0;;;0;0;0;19293;13;5;;2129;False
licitacoes;022/2018;Pregão Eletrônico;;Homologada;SECRETARIA MUNICIPAL DA SAÚDE;8600;2018-01-29;22;2017057401;2018;2018-04-18;2018-02-09 00:00:00;;;;16774.45;;EXECUÇÃO DE SERVIÇOS DE DEDETIZAÇÃO .;;0;;;0;0;0;19202;13;5;;2129;False
licitacoes;020/2018;Pregão Eletrônico;;Homologada;FUNDAÇÃO MUNICIPAL DE ESPORTES E LAZER DE PALMAS;1600;2018-01-29;20;2017064251;2018;2018-09-28;2018-02-09 00:00:00;;;;81008.80;;AQUISIÇÃO DE MATERIAIS DE INFORMÁTICA E OUTROS PARA A ESTRUTURAÇÃO DOS 10 (DEZ) NÚCLEOS ESPORTIVOS ONDE SERÃO REALIZADOS O PROGRAMA VIDA SAUDÁVEL  - PELC DO GOVERNO FEDERAL, EM PARCERIA COM O MUNICÍPIO DE PALMAS-TO, ATRAVÉS DA FUNDESPORTE, CONFORME CONDIÇÕES, QUANTIDADES E EXIGÊNCIAS ESTABELECIDAS NESTE EDITAL E SEUS ANEXOS;;0;;;0;0;0;19181;13;5;;2129;False
licitacoes;019/2018;Pregão Eletrônico;;Homologada;FUNDO MUNICIPAL DE ASSISTÊNCIA SOCIAL;5800;2018-01-22;19;2017067732;2018;2018-04-03;2018-02-28 00:00:00;;;;141100.00;;A FUTURA CONTRATAÇÃO DE EMPRESA ESPECIALIZADA PARA PRESTAÇÃO DE SERVIÇOS NA LOCAÇÃO DE ÔNIBUS EXECUTIVO COM MOTORISTA PARA ATENDER AOS SERVIÇOS SOCIOASSISTENCIAIS DA REDE DE PROTEÇÃO SOCIAL BÁSICA, EM ESPECIAL AOS SERVIÇOS DE CONVIVÊNCIA E FORTALECIMENTO DE VINCULOS  DA SECRETARIA MUNICIPAL DE DESENVOLVIMENTO SOCIAL, OBSERVADO OS DETALHAMENTOS TÉCNICOS E OPERACIONAIS, ESPECIFICAÇÕES E CONDIÇÕES CONSTANTES NOS ANEXOS I E II DO EDITAL;;0;;;0;0;0;19152;13;5;;2129;False
licitacoes;018/2018;Pregão Eletrônico;;Homologada;SECRETARIA MUNICIPAL DA SAÚDE;8600;2018-01-17;18;2017067989;2018;2018-03-08;2018-01-19 00:00:00;;;;217699.50;;AQUISIÇÃO DE EQUIPAMETOS  ANALISADOR BIOQUIMICO PARA O LABORATORIO MUNICIPAL DE PALMAS;;0;;;0;0;0;19146;13;5;;2129;False
licitacoes;018/2018;Pregão Eletrônico;;Homologada;FUNDO MUNICIPAL DE ASSISTÊNCIA SOCIAL;5800;2018-01-08;18;2017068458;2018;2018-02-26;2018-01-18 00:00:00;;;;156420.00;;O REGISTRO DE PREÇOS TEM POR OBJETO A FUTURA AQUISIÇÃO GÊNEROS ALIMENTÍCIOS PARA COMPOSIÇÃO DE CESTAS BÁSICAS, CONFORME CONDIÇÕES, QUANTIDADES E EXIGÊNCIAS ESTABELECIDAS NO ANEXO I E NESTE EDITAL.;;0;;;0;0;0;19121;13;5;;2129;False
licitacoes;014/2018;Pregão Presencial;;Homologada;SECRETARIA MUNICIPAL DE INFRAESTRUTURA E SERVIÇOS PÚBLICOS;3500;2019-01-04;14;2018008282;2018;2019-02-22;2019-01-21 00:00:00;;;;22776.00;;CONTRATAÇÃO DE EMPRESA ESPECIALIZADA PARA A ELABORAÇÃO DE ESTUDOS TÉCNICOS NECESSÁRIOS PARA O LICENCIAMENTO AMBIENTAL PROJETO AMBIENTAL E PLANO DE GERENCIAMENTO DE RESÍDUOS SÓLIDOS PARA A EXECUÇÃO DAS OBRAS DO PROGRAMA PLANEJAMENTO URBANO  PAVIMENTAÇÃO ASFÁLTICA DE VIAS URBANAS NO MUNICÍPIO DE PALMAS TO;;0;;;0;0;0;21890;12;5;;2129;False
licitacoes;013/2018;Registro de Preço;;Homologada;FUNDO MUNICIPAL DE  ILUMINAÇÃO PÚBLICA;6300;2018-11-14;13;2018020673;2018;2018-12-20;2018-12-03 00:00:00;;;;3517914.70;;A FUTURA AQUISIÇÃO DE MATERIAIS ELÉTRICOS DESTINADOS À MANUTENÇÃO DA REDE PÚBLICA DE ILUMINAÇÃO, CONFORME QUANTIDADES E EXIGÊNCIAS ESTABELECIDAS NO EDITAL E SEUS ANEXOS.;;0;;;0;0;0;21655;90;5;;2129;False
licitacoes;013/2018;Pregão Eletrônico;;Homologada;SECRETARIA MUNICIPAL DA SAÚDE;8600;2018-01-26;13;2017057355;2018;2018-02-21;2018-02-08 00:00:00;;;;68400.00;;OBJETO A FUTURA CONTRATAÇÃO DE EMPRESA ESPECIALIZADA PARA PRESTAÇÃO DE SERVIÇOS COM LIMPEZAS DE FOSSAS, LIMPEZAS DE CAIXAS DE PASSAGENS E DESENTUPIMENTOS DE CANOS DAS UNIDADES DE SAÚDE DA SECRETARIA MUNICIPAL DE SAÚDE, OBSERVADO AS ESPECIFICAÇÕES E CONDIÇÕES CONSTANTES NOS ANEXOS I E II DO EDITAL.;;0;;;0;0;0;19117;13;5;;2129;False
licitacoes;012/2018;Registro de Preço;;Homologada;SECRETARIA MUNICIPAL DA FAZENDA E TRANSFORMAÇÃO DIGITAL;2700;2018-08-21;12;2018013886;2018;2018-10-25;2018-09-05 00:00:00;;;;1139837.50;;A FUTURA AQUISIÇÃO DE MATERIAIS DE EXPEDIENTE, DESTINADO A ATENDER ÀS NECESSIDADES DAS SECRETARIAS, FUNDAÇÕES E INSTITUTOS DO MUNICÍPIO DE PALMAS, CONFORME QUANTIDADES E EXIGÊNCIAS ESTABELECIDAS NESTE EDITAL E SEUS ANEXOS;;0;;;0;0;0;21535;90;5;;2129;False
licitacoes;011/2018;Registro de Preço;;Aberta;SECRETARIA MUNICIPAL DA FAZENDA E TRANSFORMAÇÃO DIGITAL;2700;2018-08-21;11;2018017213;2018;;2018-09-04 00:00:00;;;;13324609.20;;A FUTURA CONTRATAÇÃO DE EMPRESA ESPECIALIZADA NA PRESTAÇÃO DE SERVIÇOS DE TRANSPORTE MEDIANTE A LOCAÇÃO DE VEÍCULOS, SEM MOTORISTA, COM QUILOMETRAGEM LIVRE, SEGURO TOTAL E SISTEMA DE RASTREAMENTO,  SEM LAVAGEM E COMBUSTÍVEL, PARA ATENDIMENTO DAS ATIVIDADES DA ADMINISTRAÇÃO MUNICIPAL, CONFORME CONDIÇÕES, QUANTIDADES E EXIGÊNCIAS ESTABELECIDAS NESTE EDITAL E SEUS ANEXOS.;;0;;;0;0;0;21467;90;1;;2129;False
licitacoes;010/2018;Registro de Preço;;Homologada;SECRETARIA MUNICIPAL DA FAZENDA E TRANSFORMAÇÃO DIGITAL;2700;2018-08-09;10;2018014015;2018;2018-10-29;2018-08-24 00:00:00;;;;588327.50;;"A FUTURA AQUISIÇÃO DE MATERIAIS DE COPA E COZINHA (AÇÚCAR, CAFÉ, ADOÇANTE, AVENTAL, CAIXA DE ISOPOR, BACIA, BANDEJA, COPO DESCARTÁVEL E OUTROS) DESTINADOS A ATENDER AOS ÓRGÃOS DO MUNICÍPIO DE PALMAS, CONFORME QUANTIDADES E EXIGÊNCIAS ESTABELECIDAS NESTE EDITAL E SEUS ANEXOS.1.2.AS QUANTIDADES CONSTANTES NA ESPECIFICAÇÃO DO ANEXO I";;0;;;0;0;0;21463;90;5;;2129;False
licitacoes;010/2018;Pregão Eletrônico;;Homologada;SECRETARIA MUNICIPAL DA SAÚDE;8600;2017-12-21;10;2017064815;2018;2018-03-29;2018-01-12 00:00:00;;;;14065.00;;FORNECIMENTO DE UNIFORMES DE EPI´S.;;0;;;0;0;0;19368;13;5;;2129;False
licitacoes;009/2018;Registro de Preço;;Homologada;SECRETARIA MUNICIPAL DA FAZENDA E TRANSFORMAÇÃO DIGITAL;2700;2018-08-01;9;2018014106;2018;2018-09-18;2018-08-16 00:00:00;;;;1500000.00;;AQUISIÇÃO DE PASSAGÉNS AÉREAS.;;0;;;0;0;0;21414;90;5;;2129;False
licitacoes;009/2018;Pregão Eletrônico;;Homologada;FUNDO MUNICIPAL DE ASSISTÊNCIA SOCIAL;5800;2018-01-26;9;2017062818;2018;2018-05-24;2018-02-09 00:00:00;;;;97650.00;;CONTRATAÇÃO  DE BUFEET PARA O BOLSA FAMILIA.;;0;;;0;0;0;19055;13;5;;2129;False
licitacoes;008/2018;Pregão Presencial;;Homologada;FUNDAÇÃO MUNICIPAL DA JUVENTUDE DE PALMAS;8900;2018-07-03;8;2018007718;2018;2018-08-03;2018-07-06 00:00:00;;;;118999.98;;CONTRATAÇÃO DE EMPRESA ESPECIALIZADA EM CURSO PRÉ- VESTIBULAR PARA O PROJENTO PALMAS APROVA;;0;;;0;0;0;21153;12;5;;2129;False
licitacoes;008/2018;Pregão Eletrônico;;Homologada;SECRETARIA MUNICIPAL DA SAÚDE;8600;2017-12-22;8;2017068571;2018;2018-03-07;2018-01-09 00:00:00;;;;1387500.00;;CONTRATAÇÃO DE EMPRESA PARA EXECULTAR SERVIÇOS DE CARACTERIZAÇÃO VISUAL PARA ATENDER  A SEMUS.;;0;;;0;0;0;19036;13;5;;2129;False
licitacoes;007/2018;Registro de Preço;;Homologada;SECRETARIA MUNICIPAL DA FAZENDA E TRANSFORMAÇÃO DIGITAL;2700;2018-07-03;7;2018014293;2018;2018-08-06;2018-07-13 00:00:00;;;;21860.00;;A FUTURA CONTRATAÇÃO DE EMPRESA ESPECIALIZADA PARA A PRESTAÇÃO DE SERVIÇOS DE CHAVEIRO, CONFORME QUANTIDADES E EXIGÊNCIAS ESTABELECIDAS NO EDITAL E SEUS ANEXOS;;0;;;0;0;0;20976;90;5;;2129;False
licitacoes;006/2018;Registro de Preço;;Homologada;SECRETARIA MUNICIPAL DE INFRAESTRUTURA E SERVIÇOS PÚBLICOS;3500;2018-04-17;6;2018007148;2018;2018-08-31;2018-05-02 00:00:00;;;;4671075.86;;AQUISIÇÃO DE AREIA, SEIXO, PEDRISCO E PÓ DE BRITA, PARA SEREM APLICADOS EM PEQUENAS OBRAS E SERVIÇOS DE MANUTENÇÃO DE PAVIMENTOS, RECUPERAÇÃO DE MEIO FIOS E BUEIROS, ATRAVÉS DA SECRETARIA DE INFRAESTRUTURA E SERVIÇOS PÚBLICOS;;0;;;0;0;0;20409;90;5;;2129;False
licitacoes;006/2018;Pregão Eletrônico;;Homologada;FUNDO MUNICIPAL DE ASSISTÊNCIA SOCIAL;5800;2017-12-20;6;2017026930;2018;2018-06-06;2018-01-04 00:00:00;;;;11235.90;;MATERIAL GRAFICO E EDITORIAL PARA PBF - SEDES;;0;;;0;0;0;18962;13;5;;2129;False
licitacoes;005/2018;Pregão Eletrônico;;Homologada;SECRETARIA MUNICIPAL DA SAÚDE;8600;2017-12-19;5;2017059199;2018;2018-03-15;2018-01-05 00:00:00;;;;14131.38;;AQUISIÇÃO DE EQUIPAMENTOS DE PROTEÇÃO INDIVIDUAL - EPI, FERRAMENTAS  E EQUIAPMENTOS PARA OS SRVIÇOS DE MANUTENÇÃO PREDIAL DA SECRETARIA MUNICIPAL DE SAÚDE.;;0;;;0;0;0;18955;13;5;;2129;False
licitacoes;004/2018;Concorrência para Compras e Serviços;;Homologada;SECRETARIA MUNICIPAL DE INFRAESTRUTURA E SERVIÇOS PÚBLICOS;3500;2018-12-05;4;;2018;2019-04-29;2019-01-10 00:00:00;;;;251765.30;;CONTRATAÇÃO DE EMPRESA ESPECIALIZADA PARA EXECUÇÃO DE TERRAPLANAGEM, PAVIMENTAÇÃO ASFÁLTICA, DRENAGEM PLUVIAL, SINALIZAÇÃO VIÁRIA E CALÇADA NA AVENIDA LO-04 (ENTRE AV. NS-03 E AV. NS-15), AVENIDA LO-04 (ENTRE AV. NS-10 E TO-050), AVENIDA NS-05 (ENTRE AV. LO-2A E AV. LO-04) E AVENIDA NS-02 (ENTRE AV. LO-08 E AV. LO-12) EM PALMAS-TO;;0;;;0;0;0;22159;5;5;;2129;False
licitacoes;004/2018;Registro de Preço;;Homologada;SECRETARIA MUNICIPAL DE COMUNICAÇÃO;5600;2018-01-30;4;2018002007;2018;2018-03-13;2018-02-15 00:00:00;;;;589595.12;;CONTRATAÇÃO DE EMPRESA ESPECIALIZADA EM SERVIÇOS DE COMUNICAÇÃO VISUAL.;;0;;;0;0;0;19400;90;5;;2129;False
licitacoes;004/2018;Pregão Eletrônico;;Homologada;SECRETARIA MUNICIPAL DA SAÚDE;8600;2017-12-19;4;2017055387;2018;2018-01-24;2018-01-05 00:00:00;;;;401000.00;;AQUISIÇÃO DE PASSAGENS AÉREAS NACIONAIS E INTERNACIONAIS.;;0;;;0;0;0;18954;13;5;;2129;False
licitacoes;004/2018;Tomada de Preço para Compras e Serviços;;Homologada;SECRETARIA MUNICIPAL DE SEGURANCA E MOBILIDADE URBANA;1200;2017-12-05;4;2018016546;2018;2019-03-07;2018-12-27 00:00:00;;;;832514.88;;CONTRATAÇÃO DE EMPRESA ESPECIALIZADA PARA FORNECIMENTO E IMPLANTAÇÃO DE EQUIPAMENTOS DE SINALIZAÇÃO SEMAFÓRICA, NO MUNICÍPIO DE PALMAS-TO.;;0;;;0;0;0;21561;3;5;;2129;False
licitacoes;003/2018;Convite para Compras e Serviços;;Aberta;FUNDO DE INOVAÇÃO E DESENVOLVIMENTO ECONÔMICO DE PALMAS;8200;2018-10-02;3;2018009642;2018;;2018-10-11 00:00:00;;;;0.00;;EMPRESA ESPECIALIZADA EM COMUNICAÇÃO E MARKETING.;;0;;;0;0;0;21791;1;1;;2129;False
licitacoes;003/2018;Tomada de Preço para Compras e Serviços;;Homologada;SECRETARIA MUNICIPAL DA EDUCAÇÃO;2900;2018-08-02;3;2018000908;2018;2018-10-17;2018-08-22 00:00:00;;;;148827.34;;PRESTAÇÃO DE SERVIÇOS DE REFORMA PARCIAL DO CENTRO MUNICIPAL DE EDUCAÇÃO INFANTIL  CMEI IRMÃ MARIA CUSTÓDIA DE JESUS;;0;;;0;0;0;21431;3;5;;2129;False
licitacoes;003/2018;Registro de Preço;;Aberta;SECRETARIA MUNICIPAL DE SEGURANCA E MOBILIDADE URBANA;1200;2018-07-17;3;2017062249;2018;;2018-08-20 00:00:00;;;;1278408.59;;PRESTAÇÃO DE SERVIÇOS DE CONSTRUÇÃO DE FAIXAS ELEVADAS PARA TRAVESSIA DE PEDESTRE EM VIAS PÚBLICAS, SINALIZAÇÃO HORIZONTAL COM TINTA RETRO REFLETIVA A BASE DE RESINA ACRÍLICA COM MICRO ESFERAS DE VIDRO, FORNECIMENTO E INSTALAÇÃO DA SINALIZAÇÃO VERTICAL TOTALMENTE REFLETIVA COM POSTE E PISO TÁTIL;;0;;;0;0;0;21253;90;1;;2129;False
licitacoes;003/2018;Registro de Preço;;Aberta;FUNDO MUNICIPAL DE ASSISTÊNCIA SOCIAL;5800;2018-01-30;3;2017067765;2018;;2018-01-31 00:00:00;;;;0.00;;PASSAGENS TERRESTRES.;;0;;;0;0;0;19366;90;1;;2129;False
licitacoes;003/2018;Pregão Eletrônico;;Homologada;FUNDO MUNICIPAL DOS DIREITOS DA CRIANÇA E DO ADOLESCENTE;1500;2017-12-19;3;2017040073;2018;2018-03-05;2018-01-04 00:00:00;;;;8146.70;;MATERIAL DE MESA, CAMA E BANHO - CASA ABRIGO RAIO DE SOL E CASA ACOLHIDA;;0;;;0;0;0;18958;13;5;;2129;False
licitacoes;002/2018;Tomada de Preço para Compras e Serviços;;Homologada;SECRETARIA MUNICIPAL DE INFRAESTRUTURA E SERVIÇOS PÚBLICOS;3500;2018-12-04;2;2018007512;2018;2019-05-03;2019-01-03 00:00:00;;;;468664.45;;PRESTAÇÃO DE SERVIÇOS DE EXECUÇÃO DE DRENAGEM PLUVIAL, SINALIZAÇÃO VIÁRIA E CALÇADAS ACESSÍVEIS NA QUADRA 305 SUL, NA QUADRA 1304 SUL, NO JARDIM AURENY III DO SETOR NOROESTE E NA AVENIDA D DO JARDIM AURENY III,;;0;;;0;0;0;21432;3;5;;2129;False
licitacoes;002/2018;Pregão Presencial;;Homologada;SECRETARIA MUNICIPAL DA EDUCAÇÃO;2900;2018-01-24;2;2017066715;2018;2018-04-04;2018-01-26 00:00:00;;;;162500.00;;REFORMA PARCIAL DO CMEI PEQUENOS BRILHANTES- PROGRAMA BRASIL CARINHOSO;;0;;;0;0;0;19171;12;5;;2129;False
licitacoes;001/2018;Convite para Compras e Serviços;;Homologada;SECRETARIA MUNICIPAL DE DESENVOLVIMENTO ECONÔMICO E EMPREGO;2600;2018-08-10;1;2018021486;2018;2018-09-03;2018-08-13 00:00:00;;;;76886.30;;CONTRATAÇÃO DE EMPRESA ESPECIALIZADA PARA A MANUTENÇÃO, LIMPEZA E REPAROS NAS TELAS DE PROTEÇÃO DAS PRAIAS.;;0;;;0;0;0;21605;1;5;;2129;False
licitacoes;001/2018;Convite para Compras e Serviços;;Aberta;FUNDAÇÃO MUNICIPAL DE ESPORTES E LAZER DE PALMAS;1600;2018-08-07;1;2017031767;2018;;2018-08-06 00:00:00;;;;57580.00;;PRESTAÇÃO DE SERVIÇOS DE VEICULAÇAO DE MÍDIA PARA PROPAGANDA;;0;;;0;0;0;21372;1;1;;2129;False
licitacoes;001/2018;Tomada de Preço para Compras e Serviços;;Homologada;SECRETARIA MUNICIPAL DE INFRAESTRUTURA E SERVIÇOS PÚBLICOS;3500;2018-07-03;1;2017031353;2018;2018-09-11;2018-07-20 00:00:00;;;;417700.56;;CONTRATAÇÃO DE EMPRESA ESPECIALIZADA PARA A PRESTAÇÃO DE SERVIÇOS DE TERRAPLANAGEM, PAVIMENTAÇÃO ASFÁLTICA, MEIO FIO E SARJETA NA RUA 09 DE JULHO, RUA P-03, RUA NC-11 DO SETOR BELA VISTA E AV. NS 04 ENTRE AV. LO-13 E AV. LO-15, CONFORME ESPECIFICAÇÕES E CONDIÇÕES CONSTANTES DESTE EDITAL, SEU TERMO DE REFERÊNCIA E ANEXOS.;;0;;;0;0;0;18474;3;5;;2129;False
licitacoes;001/2018;Concorrência para Compras e Serviços;;Aberta;SECRETARIA MUNICIPAL DE INFRAESTRUTURA E SERVIÇOS PÚBLICOS;3500;2018-02-23;1;2017072789;2018;;;;;;0.00;;CONTRATAÇÃO DE EMPRESA ESPECIALIZADA PARA PRESTAÇÃO DE SERVIÇO DE INFRAESTRUTURA URBANA NO MUNICÍPIO DE PALMAS-TO, CONFORME ESPECIFICAÇÕES E CONDIÇÕES CONSTANTES DESTE EDITAL, TERMO DE REFERÊNCIA E ANEXOS;;0;;;0;0;0;19598;5;1;;2129;False
licitacoes;272017/2017;Pregão Eletrônico;;Homologada;SECRETARIA MUNICIPAL DA SAÚDE;8600;2017-04-07;272017;2017010079;2017;2017-08-09;2017-04-26 00:00:00;;;;169701.60;;1.1.ESTE PREGÃO PARA REGISTRO DE PREÇOS TEM POR OBJETO A FUTURA AQUISIÇÃO DE INSUMOS(SETS DE INFUSÃO, SETS DE CARTUCHO, FITAS DE REAGENTES E LANCETAS) PARA ATENDER A DEMANDA JUDICIAL NO PERÍODO DE 12(DOZE) MESES, CONFORME CONDIÇÕES, QUANTIDADES E EXIGÊNCIAS ESTABELECIDAS NESTE EDITAL E SEUS ANEXOS.;;0;;;0;0;0;16245;13;5;;2129;False
licitacoes;1870/2017;Pregão Eletrônico;;Homologada;SECRETARIA MUNICIPAL DA SAÚDE;8600;2017-10-03;1870;2017026013;2017;2017-11-21;2017-10-19 00:00:00;;;;90091.19;;AQUISIÇÃO DE EQUIPAMENTOS E MATERIAIS PERMANENTES PARA O CENTRO DE SAÚDE DA ATENÇÃO PRIMÁRIA.;;0;;;0;0;0;18308;13;5;;2129;False
licitacoes;1590/2017;Pregão Eletrônico;;Homologada;SECRETARIA MUNICIPAL DA FAZENDA E TRANSFORMAÇÃO DIGITAL;2700;2017-09-28;1590;2017031206;2017;2018-10-16;2017-10-16 00:00:00;;;;651529.60;;AQUISIÇAO DE MATERIAL DE LIMPEZA E HIGIENEN;;0;;;0;0;0;18143;13;5;;2129;False
licitacoes;216/2017;Pregão Eletrônico;;Homologada;SECRETARIA MUNICIPAL DA SAÚDE;8600;2017-12-06;216;2017057332;2017;2018-06-06;2017-12-19 00:00:00;;;;447900.04;;REGISTRO DE PREÇOS TEM POR OBJETO A FUTURA CONTRATAÇÃO DE EMPRESA ESPECIALIZADA NA PRESTAÇÃO DE SERVIÇOS DE MANUTENÇÃO PREVENTIVA E CORRETIVA, COM REPOSIÇÃO DE PEÇAS ORIGINAIS EM EQUIPAMENTOS ODONTOLÓGICOS, CONFORME ESPECIFICAÇÕES, QUANTIDADES E EXIGÊNCIAS ESTABELECIDAS NO EDITAL E SEUS ANEXOS.;;0;;;0;0;0;18852;13;5;;2129;False
licitacoes;214/2017;Pregão Eletrônico;;Homologada;SECRETARIA MUNICIPAL DE DESENVOLVIMENTO RURAL;3300;2017-08-09;214;2017023356;2017;2017-09-28;2017-08-09 00:00:00;;;;172800.00;;AQUISIÇÃO DE CALCÁRIO;;0;;;0;0;0;17651;13;5;;2129;False
licitacoes;213/2017;Pregão Eletrônico;;Aberta;SECRETARIA MUNICIPAL DE DESENVOLVIMENTO URBANO E SERVIÇOS REGIONAIS;9400;2017-11-27;213;2017026471;2017;;2017-12-08 00:00:00;;;;234625.50;;AQUISIÇÃO DE TABLETS E IMPRESSORAS PORTÁTEIS PARA SERVIÇOS DE FISCALIZAÇÃO DE OBRAS E POSTURAS.;;0;;;0;0;0;18779;13;1;;2129;False
licitacoes;212/2017;Pregão Eletrônico;;Homologada;FUNDO MUNICIPAL DOS DIREITOS DA CRIANÇA E DO ADOLESCENTE;1500;2017-11-23;212;2017039029;2017;2018-03-05;2017-11-27 00:00:00;;;;40344.16;;AQUISIÇÃO E VESTUARIO  PARA CASA ABRIGO RAIO DE SOL / PARA CASA ACOLHIDA;;0;;;0;0;0;18775;13;5;;2129;False
licitacoes;211/2017;Pregão Eletrônico;;Homologada;SECRETARIA MUNICIPAL DA SAÚDE;8600;2017-11-23;211;2017051776;2017;2018-03-12;2017-12-07 00:00:00;;;;7000.00;;AQUISIÇÃO DE MATERIAIS DE PAPELARIA DIVERSOS (CORANTE LÍQUIDO A BASE DE ÁGUA, PAPEL CARTÃO EM DIVERSAS CORES, TINTA A ÓLEO, CAIXA DE LÁPIS DE COR E OUTROS);;0;;;0;0;0;18768;13;5;;2129;False
licitacoes;208/2017;Pregão Eletrônico;;Homologada;SECRETARIA MUNICIPAL DE INFRAESTRUTURA E SERVIÇOS PÚBLICOS;3500;2017-11-21;208;2017054756;2017;2018-03-01;2017-12-06 00:00:00;;;;4146000.00;;AQUISIÇÃO DE GRAMA ESMERALDA.;;0;;;0;0;0;18945;13;5;;2129;False
licitacoes;207/2017;Pregão Eletrônico;;Homologada;SECRETARIA MUNICIPAL DE INFRAESTRUTURA E SERVIÇOS PÚBLICOS;3500;2017-11-21;207;2017052414;2017;2017-12-15;2017-12-05 00:00:00;;;;150000.00;;AQUISIÇÃO DE BICICLETÁRIO.;;0;;;0;0;0;18740;13;5;;2129;False
licitacoes;204/2017;Pregão Eletrônico;;Homologada;SECRETARIA MUNICIPAL DA SAÚDE;8600;2017-11-13;204;2017036799;2017;2018-02-14;2017-11-29 00:00:00;;;;523140.18;;FUTURA AQUISICAO DE EQUIPAMENTOS DE ENFERMAGEM PARA ATENDER AS UPA S SUL E NORTE, E AMBULANCIAS DO SAMU;;0;;;0;0;0;18693;13;5;;2129;False
licitacoes;202/2017;Pregão Eletrônico;;Homologada;FUNDO MUNICIPAL DE HABITAÇÃO DE INTERESSE SOCIAL;6500;2017-11-08;202;2017052851;2017;2018-03-21;2017-11-09 00:00:00;;;;30413.00;;CONTRATAÇÃO DE EMPRESA  ESPECIALIZADA NA PRESTAÇÃO DE SERVIÇOS PARA MINISTRAR DIVERSAS  PALETRAS, EVENTOS , ATIVIDADES, PROJETOS E AVALIAÇÃO DE PÓS- OCUPAÇÃO COM FORNECIMENTO DE MATERIAL DIDATICO, LANCHE ( EMPREENDIMENTOS FLORES DA AMOZONIA ).;;0;;;0;0;0;18624;13;5;;2129;False
licitacoes;201/2017;Pregão Eletrônico;;Homologada;FUNDO MUNICIPAL DE HABITAÇÃO DE INTERESSE SOCIAL;6500;2017-11-08;201;2017052853;2017;2018-04-10;2017-11-09 00:00:00;;;;3998.51;;CURSO FORMAÇÃO DE LIDERANÇAS COM  ÊNFASESEM GESTÃO CONDOMINAL DE 20 HORAS PARA 16 ALUNOS;;0;;;0;0;0;18621;13;5;;2129;False
licitacoes;198/2017;Pregão Eletrônico;;Homologada;FUNDO MUNICIPAL DE HABITAÇÃO DE INTERESSE SOCIAL;6500;2017-11-07;198;2017031002;2017;2018-03-22;2017-11-20 00:00:00;;;;127062.00;;A CONTRATAÇÃO  DE EMPRESA ESPECIALIZADA PARA PRESTAÇÃO DE SERVIÇO NA REALIZAÇÃO DE CURSOS PROFISSIONALIZANTES  EMPREENDIMENTO LAGO SUL I, CONFORME CONDIÇÕES, QUANTIDADES E EXIGÊNCIAS ESTABELECIDAS NESTE EDITAL E SEUS ANEXOS;;0;;;0;0;0;18607;13;5;;2129;False
licitacoes;197/2017;Pregão Eletrônico;;Homologada;SECRETARIA MUNICIPAL DE INFRAESTRUTURA E SERVIÇOS PÚBLICOS;3500;2017-11-01;197;2017048243;2017;2017-11-11;2017-11-17 00:00:00;;;;206004.00;;OBJETO A AQUISIÇÃO DE LIXEIRAS, CONFORME AS ESPECIFICAÇÕES DOS ANEXOS I E II DO EDITAL..;;0;;;0;0;0;18591;13;5;;2129;False
licitacoes;196/2017;Pregão Eletrônico;;Homologada;SECRETARIA MUNICIPAL DE INFRAESTRUTURA E SERVIÇOS PÚBLICOS;3500;2017-10-31;196;2017050063;2017;2018-01-05;2017-11-16 00:00:00;;;;3200000.00;;"AQUISIÇÃO DE CONCRETO USINADO FCK-20, COM BRITA ""0"".";;0;;;0;0;0;18590;13;5;;2129;False
licitacoes;193/2017;Pregão Eletrônico;;Homologada;FUNDO MUNICIPAL DE  ILUMINAÇÃO PÚBLICA;6300;2017-10-25;193;2017053634;2017;2017-11-22;2017-11-08 00:00:00;;;;268356.00;;A AQUISIÇÃO DE ENFEITES PARA ORNAMENTAÇÃO NATALINA, DE ACORDO COM AS ESPECIFICAÇÕES DOS ANEXOS I E II TERMO DE REFERÊNCIA DO EDITAL.;;0;;;0;0;0;18518;13;5;;2129;False
licitacoes;192/2017;Pregão Eletrônico;;Homologada;FUNDO MUNICIPAL DE HABITAÇÃO DE INTERESSE SOCIAL;6500;2017-10-23;192;2017033362;2017;2018-04-10;2017-11-06 00:00:00;;;;14499.88;;A AQUISIÇÃO DE CAMISETAS, FOLDER E SQUEEZES PARA ATENDER A 39 AÇÕES CONFORME DESCRITO NO TERMO DE REFERÊNCIA E CRONOGRAMA FÍSICO FINANCEIRO,  PARA AS FAMÍLIAS BENEFICIADAS, NO CONTRATO: APOIO À URBANIZAÇÃO DE ASSENTAMENTOS PRECÁRIOS DAS ZONAS ESPECIAIS DE INTERESSE SOCIAL - ZEIS SANTO AMARO Nº 0352.753-44-2011 - PPI-PAC-2, LOCALIZADOS NO MUNICÍPIO DE PALMAS-TO, CONFORME CONDIÇÕES, QUANTIDADES E EXIGÊNCIAS ESTABELECIDAS NO EDITAL E SEUS ANEXOS.;;0;;;0;0;0;18478;13;5;;2129;False
licitacoes;190/2017;Pregão Eletrônico;;Homologada;FUNDO MUNICIPAL DE ASSISTÊNCIA SOCIAL;5800;2017-10-20;190;2017032998;2017;2017-11-23;2017-11-01 00:00:00;;;;60000.00;;REGISTRO DE PREÇOS TEM POR OBJETO A FUTURA  CONTRATAÇÃO DE EMPRESA ESPECIALIZADA EM PRESTAÇÃO DE SERVIÇOS DE LOCAÇÃO DE CARRO DE SOM VOLANTE,  CONFORME ESPECIFICAÇÕES, CONDIÇÕES, QUANTIDADES E EXIGÊNCIAS ESTABELECIDAS NESTE EDITAL E SEUS ANEXOS- MENOR PREÇO POR HORA;;0;;;0;0;0;18465;13;5;;2129;False
licitacoes;187/2017;Pregão Eletrônico;;Aberta;SECRETARIA MUNICIPAL DA SAÚDE;8600;2017-11-10;187;2017032444;2017;;2017-11-23 00:00:00;;;;20732.00;;AQUISIÇÃO TESTES PSICOLÓGICOS PARA SUBSIDIAR A AVALIAÇÃO E CUIDADO DE USUÁRIOS DO CENTRO DE ATENÇÃO PSICOSSOCIAL II (CAPS II), CENTRO DE ATENÇÃO PSICOSSOCIAL ÁLCOOL E OUTRAS DROGAS III (CAPS AD III) E AMBULATÓRIO DE SAÚDE MENTAL DA INFÂNCIA E DA ADOLESCÊNCIA, CONFORME CONDIÇÕES, QUANTIDADES E EXIGÊNCIAS ESTABELECIDAS NESTE EDITAL E SEUS ANEXOS;;0;;;0;0;0;18414;13;1;;2129;False
licitacoes;186/2017;Pregão Eletrônico;;Homologada;SECRETARIA MUNICIPAL DE INFRAESTRUTURA E SERVIÇOS PÚBLICOS;3500;2017-10-10;186;2017041254;2017;2018-02-16;2017-10-24 00:00:00;;;;63042.10;;REGISTRO DE PREÇOS TEM POR OBJETO A FUTURA AQUISIÇÃO DE MATERIAIS PARA PINTURA, CONFORME AS ESPECIFICAÇÕES DO ANEXO I DO EDITAL;;0;;;0;0;0;18393;13;5;;2129;False
licitacoes;185/2017;Pregão Eletrônico;;Homologada;FUNDO MUNICIPAL DE HABITAÇÃO DE INTERESSE SOCIAL;6500;2017-10-09;185;2017035130;2017;2018-04-10;2017-10-24 00:00:00;;;;13416.50;;CONTRATAÇÃO DE EMPRESA ESPECIALIZADA NA PRESTAÇÃO DE SERVIÇOS PARA MINISTRAR DIVERSAS PALESTRAS, CAMPANHAS E OFICINAS COM FORNECIMENTO DE MATERIAL DIDÁTICO, LANCHE, INSTRUTOR E QUALQUER OUTRO PRODUTO NECESSÁRIO PARA O BOM DESEMPENHO DOS SERVIÇOS, REFERENTE AO EMPREENDIMENTO RESIDENCIAL BURITI.;;0;;;0;0;0;18381;13;5;;2129;False
licitacoes;184/2017;Pregão Eletrônico;;Homologada;FUNDO MUNICIPAL DE HABITAÇÃO DE INTERESSE SOCIAL;6500;2017-10-06;184;2017036854;2017;2018-03-21;2017-10-23 00:00:00;;;;45282.00;;CONTRATAÇÃO DE EMPRESA ESPECIALIZADA PARA A PRESTAÇÃO DE SERVIÇOS NA REALIZAÇÃO DE CURSOS PROFISSIONALIZANTES.;;0;;;0;0;0;18382;13;5;;2129;False
licitacoes;183/2017;Pregão Eletrônico;;Homologada;SECRETARIA MUNICIPAL DA EDUCAÇÃO;2900;2017-10-06;183;2017003700;2017;2017-12-01;2017-10-23 00:00:00;;;;180000.00;;CONTRATAÇÃO DE EMPRESA ESPECIALIZADA PARA FORNECIMENTO DE PASSAGENS AÉREAS EM ÂMBITO NACIONAL E INTERNACIONAL, COMPREENDENDO A RESERVA, EMISSÃO, REMARCAÇÃO, ENDOSSO E ENTREGA DE BILHETES (MANUAL OU ELETRÔNICO), MARCAÇÃO DE ASSENTOS, BEM COMO A EMISSÃO DE SEGURO DE ASSISTÊNCIA EM VIAGEM INTERNACIONAL E DEMAIS SERVIÇOS CORRELATOS.;;0;;;0;0;0;18372;13;5;;2129;False
licitacoes;182/2017;Pregão Eletrônico;;Homologada;FUNDO MUNICIPAL DE HABITAÇÃO DE INTERESSE SOCIAL;6500;2017-10-06;182;2017034870;2017;2018-03-21;2017-10-24 00:00:00;;;;107523.00;;CONTRATAÇÃO DE EMPRESA ESPECIALIZADA PARA A PRESTAÇÃO DE SERVIÇOS NA REALIZAÇÃO DE CURSOS PROFISSIONALIZANTES  (SANTO AMARO).;;0;;;0;0;0;18363;13;5;;2129;False
licitacoes;181/2017;Pregão Eletrônico;;Homologada;FUNDO MUNICIPAL DE HABITAÇÃO DE INTERESSE SOCIAL;6500;2017-10-06;181;2017030997;2017;2018-03-21;2017-10-24 00:00:00;;;;142050.00;;CONTRATAÇÃO  DE EMPRESA ESPECIALIZADA PARA PRESTAÇÃO DE SERVIÇO NA REALIZAÇÃO DE CURSOS PROFISSIONALIZANTES  EMPREENDIMENTO LAGO SUL II.;;0;;;0;0;0;18361;13;5;;2129;False
licitacoes;179/2017;Pregão Eletrônico;;Homologada;FUNDO MUNICIPAL DE HABITAÇÃO DE INTERESSE SOCIAL;6500;2017-10-20;179;2017036726;2017;2017-11-13;2017-10-20 00:00:00;;;;32780.43;;PREGÃO ELETRÔNICO Nº 179/2017.  ESTE PREGÃO TEM POR OBJETO A CONTRATAÇÃO DE EMPRESA ESPECIALIZADA NA PRESTAÇÃO DE SERVIÇOS PARA MINISTRAR DIVERSAS PALESTRAS, CAMPANHAS E OFICINAS COM FORNECIMENTO DE MATERIAL DIDÁTICO, LANCHE, INSTRUTOR E QUALQUER OUTRO PRODUTO NECESSÁRIO PARA O BOM DESEMPENHO DOS SERVIÇOS DESCRITOS NO EDITAL E ANEXOS - PROJETO DE TRABALHO SOCIAL, REFERENTE AO PROGRAMA MINHA CASA MINHA VIDA DO EMPREENDIMENTO LAGO SUL II;;0;;;0;0;0;18329;13;5;;2129;False
licitacoes;178/2017;Pregão Eletrônico;;Homologada;SECRETARIA MUNICIPAL DA SAÚDE;8600;2017-10-03;178;2017024222;2017;2017-11-16;2017-10-18 00:00:00;;;;110000.00;;CONTRATAÇÃO DE EMPRESA ESPECIALIZADA EM PRESTAÇÃO DE SERVIÇOS DE MANUTENÇÃO PREVENTIVA E CORRETIVA DE GRUPO GERADOR, COM FORNECIMENTO DE PEÇAS.;;0;;;0;0;0;18322;13;5;;2129;False
licitacoes;175/2017;Pregão Eletrônico;;Homologada;SECRETARIA MUNICIPAL DA EDUCAÇÃO;2900;2017-09-28;175;2017022480;2017;2018-04-24;2017-09-29 00:00:00;;;;37128.91;;CONTRATAÇÕ DE  EMPRESA ESPECIALIZADA NO FORNECIMENTO DE MATERIAL DE EXPEDIENTE COM A FINALIDADE  DE ATENDER AS NECESSIDADES DESTA SECRETARIA E ANEXOS;;0;;;0;0;0;18239;13;5;;2129;False
licitacoes;173/2017;Pregão Eletrônico;;Aberta;SECRETARIA MUNICIPAL DA FAZENDA E TRANSFORMAÇÃO DIGITAL;2700;2017-10-23;173;2017025148;2017;;2017-10-17 00:00:00;;;;0.00;;A FUTURA CONTRATAÇÃO DE EMPRESA ESPECIALIZADA NA PRESTAÇÃO DE SERVIÇOS DE VIGILÂNCIA ARMADA/DESARMADA E PORTARIA, CONFORME CONDIÇÕES, QUANTIDADES E EXIGÊNCIAS ESTABELECIDAS NO EDITAL E SEUS ANEXOS.;;0;;;0;0;0;18240;13;1;;2129;False
licitacoes;172/2017;Pregão Eletrônico;;Homologada;INSTITUTO DE PREVIDÊNCIA SOCIAL DO MUNICÍPIO DE PALMAS;6100;2017-09-25;172;2017039313;2017;2017-12-11;2017-10-16 00:00:00;;;;474000.00;;A CONTRATAÇÃO DE EMPRESA PARA FORNECIMENTO DE LICENÇA DE USO DE SOFTWARE, RELACIONADO AO SISTEMA DE GESTÃO PREVIDENCIÁRIA E INVESTIMENTOS, SECRETARIAS, CONTRIBUINTE VIA WEB, VOLTADA PARA INFORMATIZAÇÃO DE PROCESSOS, OFÍCIOS, EMISSÃO DE DECRETOS DIGITAIS, EMISSÃO DE DOCUMENTOS 100% , CONFORME EDTIAL EM SEU ANEXO I - ESPECIFICAÇÕES DO OBJETO.;;0;;;0;0;0;18224;13;5;;2129;False
licitacoes;171/2017;Pregão Eletrônico;;Homologada;FUNDO MUNICIPAL DE HABITAÇÃO DE INTERESSE SOCIAL;6500;2017-09-26;171;2017033364;2017;2018-04-10;2017-10-11 00:00:00;;;;5551.30;;AQUISIÇÃO DE MATERIAIS DE CONSUMO PAPELARIA, HIGIENE PESSOAL E OUTROS;;0;;;0;0;0;18199;13;5;;2129;False
licitacoes;170/2017;Pregão Eletrônico;;Homologada;FUNDO MUNICIPAL DE HABITAÇÃO DE INTERESSE SOCIAL;6500;2017-09-26;170;2017034833;2017;2018-03-21;2017-10-11 00:00:00;;;;10030.00;;A CONTRATAÇÃO DE EMPRESA ESPECIALIZADA PARA A PRESTAÇÃO DE SERVIÇOS DE PALESTRAS, WORKSHOP E ENTRETENIMENTO COM FORNECIMENTO DE MATERIAL DIDÁTICO, LANCHE, INSTRUTOR, PARA ATENDER FAMÍLIAS BENEFICIADAS, NO CONTRATO PARA O APOIO À URBANIZAÇÃO DE ASSENTAMENTOS PRECÁRIOS DAS ZONAS ESPECIAIS DE INTERESSE SOCIAL - ZEIS SANTO AMARO, CONFORME CONDIÇÕES, QUANTIDADES E EXIGÊNCIAS ESTABELECIDAS NESTE EDITAL E SEUS ANEXOS;;0;;;0;0;0;18195;13;5;;2129;False
licitacoes;169/2017;Pregão Eletrônico;;Homologada;SECRETARIA MUNICIPAL DE INFRAESTRUTURA E SERVIÇOS PÚBLICOS;3500;2017-09-21;169;2017040943;2017;2018-03-21;2017-10-09 00:00:00;;;;168520.00;;A CONTRATAÇÃO DE EMPRESA ESPECIALIZADA NO FORNECIMENTO DE  MÁQUINA PARA DEMARCAÇÃO VIÁRIA, PARA MANUTENÇÃO EM SINALIZAÇÃO VIÁRIA HORIZONTAL, DA SECRETARIA MUNICIPAL DE INFRAESTRUTURA E SERVIÇOS PÚBLICOS, CONFORME CONDIÇÕES, QUANTIDADES E EXIGÊNCIAS ESTABELECIDAS NESTE EDITAL E SEUS ANEXOS;;0;;;0;0;0;18200;13;5;;2129;False
licitacoes;168/2017;Pregão Eletrônico;;Aberta;FUNDO MUNICIPAL DO MEIO AMBIENTE;6700;2017-11-20;168;2017041360;2017;;2017-12-01 00:00:00;;;;;;A CONTRATAÇÃO DE SERVIÇOS DE EMPRESA ESPECIALIZADA PARA A REALIZAÇÃO DE ANÁLISES LABORATORIAIS PARA VERIFICAÇÃO DA QUALIDADE DA ÁGUA PARA BALNEABILIDADE, ESPECIFICAMENTE OS PARÂMETROS COLIFORMES TOTAIS E ESCHERICHIA COLI, CONFORME ESPECIFICAÇÕES DO ANEXO I;;0;;;0;0;0;18185;13;1;;2129;False
licitacoes;166/2017;Pregão Eletrônico;;Homologada;SECRETARIA MUNICIPAL DA SAÚDE;8600;2017-09-21;166;2017028594;2017;2018-08-01;2017-10-03 00:00:00;;;;114578.40;;AQUISIÇÃO DE MEDICAMENTOS PARA ATENDIMENTO A PACIENTE DA PORTARIA Nº 1085/2006, CONFORME CONDIÇÕES, QUANTIDADES E EXIGÊNCIAS ESTABELECIDAS NESTE EDITAL E SEUS ANEXOS;;0;;;0;0;0;18179;13;5;;2129;False
licitacoes;164/2017;Pregão Eletrônico;;Homologada;FUNDO MUNICIPAL DE HABITAÇÃO DE INTERESSE SOCIAL;6500;2017-09-19;164;2017036392;2017;2017-11-13;2017-10-03 00:00:00;;;;50722.78;;A CONTRATAÇÃO DE EMPRESA ESPECIALIZADA NA PRESTAÇÃO DE SERVIÇOS PARA MINISTRAR DIVERSAS PALESTRAS, CAMPANHAS E OFICINAS COM FORNECIMENTO DE MATERIAL DIDÁTICO, LANCHE, INSTRUTOR E QUALQUER OUTRO PRODUTO NECESSÁRIO PARA O BOM DESEMPENHO DOS SERVIÇOS DESCRITOS NO EDITAL E ANEXOS - PROJETO DE TRABALHO SOCIAL, REFERENTE AO PROGRAMA MINHA CASA MINHA VIDA DO EMPREENDIMENTO LAGO SUL I, CONFORME CONDIÇÕES, QUANTIDADES E EXIGÊNCIAS ESTABELECIDAS NESTE EDITAL E SEUS ANEXOS.;;0;;;0;0;0;18178;13;5;;2129;False
licitacoes;163/2017;Pregão Eletrônico;;Aberta;FUNDO MUNICIPAL DE HABITAÇÃO DE INTERESSE SOCIAL;6500;2017-09-19;163;2017036849;2017;;2017-10-03 00:00:00;;;;16001.23;;A CONTRATAÇÃO DE EMPRESA ESPECIALIZADA NA PRESTAÇÃO DE SERVIÇOS PARA MINISTRAR DIVERSAS PALESTRAS, EVENTOS, ATIVIDADES, PROJETOS E AVALIAÇÃO DE PÓS-OCUPAÇÃO COM FORNECIMENTO DE MATERIAL DIDÁTICO, LANCHE, INSTRUTOR E QUALQUER OUTRO PRODUTO NECESSÁRIO PARA O BOM DESEMPENHO DOS SERVIÇOS, REFERENTE AO PROGRAMA MINHA CASA MINHA VIDA DEO EMPREENDIMENTO ARSE 131, CONFORME CONDIÇÕES, QUANTIDADES E EXIGÊNCIAS ESTABELECIDAS NESTE EDITAL E SEUS ANEXOS;;0;;;0;0;0;18177;13;1;;2129;False
licitacoes;159/2017;Pregão Eletrônico;;Homologada;SECRETARIA MUNICIPAL DA FAZENDA E TRANSFORMAÇÃO DIGITAL;2700;2017-09-28;159;2017031206;2017;2018-10-16;2018-10-16 00:00:00;;;;149065.00;;AQUISIÇÃO DE MATERIAL DE LIMPEZA E HIGIENE;;0;;;0;0;0;21855;13;5;;2129;False
licitacoes;156/2017;Pregão Eletrônico;;Aberta;SECRETARIA MUNICIPAL DA SAÚDE;8600;2017-09-06;156;2017029192;2017;;2017-09-21 00:00:00;;;;415095.00;;AQUISIÇÃO DE FITAS REAGENTES, TIRAS REAGENTES, LANCETAS E AGULHAS BD ULTRA-FINE PARA ATENDER DEMANDA JUDICIAL DE PACIENTES DA SECRETARIA MUNICIPAL DE SAÚDE.;;0;;;0;0;0;18077;13;1;;2129;False
licitacoes;154/2017;Pregão Eletrônico;;Homologada;FUNDO MUNICIPAL DO MEIO AMBIENTE;6700;2017-08-31;154;2017039318;2017;2017-11-21;2017-08-31 00:00:00;;;;63007.20;;AQUISIÇÃO DE EQUIPAMENTO DE PROTEÇÃO INDIVIDUAL EPI'S PARA ATENDER A FMA.;;0;;;0;0;0;18013;13;5;;2129;False
licitacoes;152/2017;Pregão Eletrônico;;Aberta;FUNDO MUNICIPAL DE ASSISTÊNCIA SOCIAL;5800;2017-09-01;152;2017036723;2017;;2017-09-01 00:00:00;;;;0.00;;LOCAÇÃO DE VAN  PARA 15 LUGARES COM AR CONDIONADO ;;0;;;0;0;0;18006;13;1;;2129;False
licitacoes;151/2017;Pregão Eletrônico;;Homologada;SECRETARIA MUNICIPAL DE INFRAESTRUTURA E SERVIÇOS PÚBLICOS;3500;2017-08-29;151;2017027560;2017;2018-02-23;2017-09-15 00:00:00;;;;233600.00;;REGISTRO DE PREÇOS TEM POR OBJETO A FUTURA AQUISIÇÃO DE PLAYGROUND COM ACESSIBILIDADE, CONFORME ESPECIFICAÇÕES, CONDIÇÕES, QUANTIDADES E EXIGÊNCIAS ESTABELECIDAS NESTE EDITAL E SEUS ANEXOS.;;0;;;0;0;0;17987;13;5;;2129;False
licitacoes;150/2017;Pregão Eletrônico;;Homologada;FUNDO MUNICIPAL DO MEIO AMBIENTE;6700;2017-08-25;150;2017039320;2017;2017-08-29;2017-09-12 00:00:00;;;;3286885.16;;AQUISIÇÃO DE EQUIPAMENTOS E FERRAMENTAS .;;0;;;0;0;0;17964;13;5;;2129;False
licitacoes;149/2017;Pregão Eletrônico;;Homologada;SECRETARIA MUNICIPAL DA SAÚDE;8600;2017-08-28;149;2017024963;2017;2017-11-20;2017-09-14 00:00:00;;;;378571.12;;REGISTRO DE PREÇOS TEM POR OBJETO É A FUTURA AQUISIÇÃO DE MATERIAIS ODONTOLÓGICOS, PARA ATENDER A REDE MUNICIPAL DE SAÚDE BUCAL, CONFORME ESPECIFICAÇÕES E QUANTITATIVOS CONSTANTES NESTE EDITAL E SEUS ANEXOS.;;0;;;0;0;0;17970;13;5;;2129;False
licitacoes;148/2017;Pregão Eletrônico;;Homologada;FUNDO MUNICIPAL DE ASSISTÊNCIA SOCIAL;5800;2017-08-25;148;2017026748;2017;2017-12-15;2017-09-14 00:00:00;;;;47555.00;;AQUISIÇÃO DE CÂMERAS DE VÍDEOS, SERVIÇOS DE MANUTENÇÃO E MONITORAMENTO DAS CÂMARAS.;;0;;;0;0;0;17960;13;5;;2129;False
licitacoes;146/2017;Pregão Eletrônico;;Homologada;SECRETARIA MUNICIPAL DA SAÚDE;8600;2017-08-24;146;2017026033;2017;2017-12-18;2017-09-12 00:00:00;;;;83858.10;;AQUISIÇÃO DE EQUIPAMENTOS E MATERIAIS PERMANENTES PARA OS CENTROS DE SAÚDE DA COMUNIDADE DA ATENÇÃO PRIMÁRIA;;0;;;0;0;0;17952;13;5;;2129;False
licitacoes;145/2017;Pregão Eletrônico;;Homologada;SECRETARIA MUNICIPAL DA SAÚDE;8600;2017-08-24;145;2017024457;2017;2017-10-10;2017-09-06 00:00:00;;;;73308.65;;AQUISIÇÃO DE EQUIPAMENTOS DE COZINHA PARA ATENDER AS UPA´S, SAMU E CAPS;;0;;;0;0;0;17942;13;5;;2129;False
licitacoes;144/2017;Pregão Eletrônico;;Homologada;SECRETARIA MUNICIPAL DA SAÚDE;8600;2017-08-31;144;2017028362;2017;2017-12-19;2017-09-14 00:00:00;;;;1147000.00;;A AQUISIÇÃO DE EQUIPAMENTOS MÉDICOS E MATERIAIS HOSPITALARES PARA ATENDER AS UNIDADES DA ATENÇÃO SECUNDÁRIA EM SAÚDE, POR MEIO DAS PROPOSTAS E EMENDAS PARLAMENTARES DE Nº 11320420000/113023, 11320420000-114002, 11320420000 -116010, 11320420000-116001, 11320420000-116003, 11320420000-116016 E 11320420000-116018 CONFORME CONDIÇÕES, QUANTIDADES E EXIGÊNCIAS ESTABELECIDAS NO EDITAL E SEUS ANEXOS;;0;;;0;0;0;17993;13;5;;2129;False
licitacoes;143/2017;Pregão Eletrônico;;Homologada;SECRETARIA MUNICIPAL DA SAÚDE;8600;2017-08-18;143;2017024148;2017;2017-10-19;2017-09-01 00:00:00;;;;38818.80;;AQUISIÇÃO DA DIETA NUTRI FIBER 1,5.;;0;;;0;0;0;17853;13;5;;2129;False
licitacoes;142/2017;Pregão Eletrônico;;Homologada;FUNDAÇÃO CULTURAL DE PALMAS;7100;2017-09-05;142;2016066317;2017;2017-10-11;2017-09-20 00:00:00;;;;9009.25;;AQUISIÇÃO DE MOBILIÁRIO E EQUIPAMENTOS PARA A CASA SUSSUAPARA, LOCALIZADA NO PARQUE CESAMAR EM PALMAS/TO, CONFORME ESPECIFICAÇÕES DO ANEXO I DESTE EDITAL;;0;;;0;0;0;14795;13;5;;2129;False
licitacoes;141/2017;Pregão Eletrônico;;Aberta;SECRETARIA MUNICIPAL DA FAZENDA E TRANSFORMAÇÃO DIGITAL;2700;2017-08-18;141;2017008110;2017;;2017-09-01 00:00:00;;;;365750.00;;CONTRATAÇÃO DE EMPRESA ESPECIALIZADA EM PRESTAÇÃO DE SERVIÇOS COM FORNECIMENTO DE SISTEMA AUTO-GESTÃO PARA RASTREAMENTO DA FROTA VEICULAR DE PALMAS ;;0;;;0;0;0;17854;13;1;;2129;False
licitacoes;139/2017;Pregão Eletrônico;;Homologada;FUNDO MUNICIPAL DE HABITAÇÃO DE INTERESSE SOCIAL;6500;2017-08-04;139;2017027965;2017;2017-11-13;2017-08-18 00:00:00;;;;59817.99;;CONTRATAÇÃO DE EMPRESA ESPECIALIZADA NA PRESTAÇÃO DE SERVIÇO DE ADMINISTRAÇÃO DE IMÓVEIS DE TERCEIROS E CONDOMÍNIO, PARA GESTÃO E ADMINISTRAÇÃO DE IMÓVEIS RESIDENCIAIS E CONDOMÍNIO DE PROPRIEDADE DO FUNDO DE ARRENDAMENTO RESIDENCIAL  FAR, REFERENTE AO EMPREENDIMENTO LAGO SUL  II, CONFORME CONDIÇÕES, QUANTIDADES E EXIGÊNCIAS ESTABELECIDAS NO EDITAL E SEUS ANEXOS;;0;;;0;0;0;18663;13;5;;2129;False
licitacoes;138/2017;Pregão Eletrônico;;Homologada;FUNDO MUNICIPAL DE HABITAÇÃO DE INTERESSE SOCIAL;6500;2017-08-04;138;2017027962;2017;2017-11-16;2017-08-17 00:00:00;;;;74848.26;;CONTRATAÇÃO DE EMPRESA ESPECIALIZADA NA PRESTAÇÃO DE SERVIÇO DE ADMINISTRAÇÃO DE IMÓVEIS DE TERCEIROS E CONDOMÍNIO, PARA GESTÃO E ADMINISTRAÇÃO DE IMÓVEIS RESIDENCIAIS E CONDOMÍNIO DE PROPRIEDADE DO FUNDO DE ARRENDAMENTO RESIDENCIAL.;;0;;;0;0;0;17754;13;5;;2129;False
licitacoes;135/2017;Pregão Eletrônico;;Aberta;FUNDAÇÃO MUNICIPAL DA JUVENTUDE DE PALMAS;8900;2017-08-21;135;2016040045;2017;;2017-08-17 00:00:00;;;;19200.00;;PRESTAÇÃO DE SERVIÇOS DE SOM  VOLANTE. ;;0;;;0;0;0;17729;13;1;;2129;False
licitacoes;132/2017;Pregão Eletrônico;;Homologada;SECRETARIA MUNICIPAL DA SAÚDE;8600;2017-08-02;132;2017030638;2017;2017-10-19;2017-08-16 00:00:00;;;;1097253.34;;CONTRATAÇÃO DE EMPRESA ESPECIALIZADA EM FORNECIMENTO DE GÊNEROS ALIMENTÍCIOS PERECÍVEIS, SEMI-PERECÍVEIS E NÃO PERECÍVEIS.;;0;;;0;0;0;17714;13;5;;2129;False
licitacoes;130/2017;Pregão Eletrônico;;Homologada;FUNDO MUNICIPAL DO MEIO AMBIENTE;6700;2017-07-27;130;2017032734;2017;2018-03-16;2017-08-10 00:00:00;;;;44095.60;;SERVIÇOS DE BUFFET E KIT LANCHES.;;0;;;0;0;0;17688;13;5;;2129;False
licitacoes;129/2017;Pregão Eletrônico;;Homologada;SECRETARIA MUNICIPAL DE INFRAESTRUTURA E SERVIÇOS PÚBLICOS;3500;2017-07-27;129;2017028353;2017;2017-10-06;2017-08-11 00:00:00;;;;46471.21;;O REGISTRO DE PREÇOS TEM POR OBJETO A AQUISIÇÃO DE FERROS PARA AS ACADEMIAS, DE ACORDO COM AS ESPECIFICAÇÕES DOS ANEXOS I E II TERMO DE REFERÊNCIA DO EDITAL;;0;;;0;0;0;17680;13;5;;2129;False
licitacoes;129/2017;Pregão Eletrônico;;Homologada;SECRETARIA MUNICIPAL DA SAÚDE;8600;2017-07-11;129;2017016790;2017;2017-11-20;2017-07-25 00:00:00;;;;350778.80;;AQUISIÇAO DE MATERIAIS DE CONSTRUÇÃO BAISCOS PARA ATENDER A FMS.;;0;;;0;0;0;17513;13;5;;2129;False
licitacoes;125/2017;Pregão Eletrônico;;Homologada;SECRETARIA MUNICIPAL DE INFRAESTRUTURA E SERVIÇOS PÚBLICOS;3500;2017-07-27;125;2017031406;2017;2017-09-21;2017-08-09 00:00:00;;;;457139.50;;AQUISIÇÃO DE TUBOS DE CONCRETO E TUBOS POROSO DE PVC;;0;;;0;0;0;17673;13;5;;2129;False
licitacoes;123/2017;Pregão Eletrônico;;Homologada;SECRETARIA MUNICIPAL DA SAÚDE;8600;2017-08-09;123;2017025586;2017;2017-11-24;2017-08-08 00:00:00;;;;449833.22;;AQUISIÇÃO DE EQUIPAMENTOS LABORATORIAIS COM RECURSOS DE EMENDA PARLAMENTAR.;;0;;;0;0;0;17631;13;5;;2129;False
licitacoes;121/2017;Pregão Eletrônico;;Aberta;SECRETARIA MUNICIPAL DA SAÚDE;8600;2017-07-12;121;2017022278;2017;;2017-07-26 00:00:00;;;;2097841.40;;AQUISIÇÃO DE MATERIAIS PARA ATENDER AS NECESSIDADES DAS UNIDADES DE SAÚDE DA FAMÍLIA, CENTROS DE REFERÊNCIAS, PRONTOS ATENDIMENTOS E SAMU.;;0;;;0;0;0;17538;13;1;;2129;False
licitacoes;120/2017;Pregão Eletrônico;;Homologada;FUNDO MUNICIPAL DOS DIREITOS DA CRIANÇA E DO ADOLESCENTE;1500;2017-07-11;120;2017026387;2017;2017-09-21;2017-07-26 00:00:00;;;;73684.86;;AQUSISIÇÃO DE MATERIAL DE LIMPEZA PARA ATENDER A CASA ABRIGO E CASA ACOLHIDA.;;0;;;0;0;0;17517;13;5;;2129;False
licitacoes;116/2017;Pregão Eletrônico;;Homologada;FUNDO MUNICIPAL DE ASSISTÊNCIA SOCIAL;5800;2017-07-10;116;2017024823;2017;2017-09-26;2017-08-29 00:00:00;;;;138049.00;;AQUISIÇÃO DE MATERIAL PERMANENTE;;0;;;0;0;0;17499;13;5;;2129;False
licitacoes;115/2017;Pregão Eletrônico;;Homologada;FUNDO MUNICIPAL DE ASSISTÊNCIA SOCIAL;5800;2017-07-10;115;2017025406;2017;2017-08-21;1917-02-25 00:00:00;;;;50000.00;;AQUISIÇÃO DE PASSAGENS AÉREAS.;;0;;;0;0;0;17498;13;5;;2129;False
licitacoes;114/2017;Pregão Eletrônico;;Homologada;FUNDO MUNICIPAL DE ASSISTÊNCIA SOCIAL;5800;2017-07-10;114;2017023354;2017;2017-08-11;2017-07-24 00:00:00;;;;151581.20;;AQUISIÇÃO DE GÊNEROS ALIMENTÍCIOS PERECÍVEIS E NÃO PERECÍVEIS.;;0;;;0;0;0;17497;13;5;;2129;False
licitacoes;112/2017;Pregão Eletrônico;;Homologada;SECRETARIA MUNICIPAL DA SAÚDE;8600;2017-07-06;112;2017021329;2017;2018-03-16;2017-07-24 00:00:00;;;;416677.30;;O REGISTRO DE PREÇOS TEM POR OBJETO A FUTURA AQUISIÇÃO DE INSTRUMENTOS ODONTOLÓGICOS, PARA ATENDER A REDE MUNICIPAL DE SAÚDE BUCAL, CONFORME CONDIÇÕES, QUANTIDADES E EXIGÊNCIAS ESTABELECIDAS NESTE EDITAL E SEUS ANEXOS.;;0;;;0;0;0;17476;13;5;;2129;False
licitacoes;111/2017;Pregão Eletrônico;;Homologada;SECRETARIA MUNICIPAL DA FAZENDA E TRANSFORMAÇÃO DIGITAL;2700;2017-07-06;111;2017025154;2017;2017-10-10;2017-07-21 00:00:00;;;;235160.00;;O REGISTRO DE PREÇOS TEM POR OBJETO A FUTURA CONTRATAÇÃO DE EMPRESA PARA FORNECIMENTO DE ÁGUA MINERAL, GELO E RECARGA DE GÁS DE COZINHA GLP 13KG, PARA ATENDER AS NECESSIDADES DAS UNIDADES GESTORAS DA PREFEITURA MUNICIPAL DE PALMAS, CONFORME CONDIÇÕES, QUANTIDADES E EXIGÊNCIAS ESTABELECIDAS NESTE EDITAL E SEUS ANEXOS.;;0;;;0;0;0;17474;13;5;;2129;False
licitacoes;110/2017;Pregão Eletrônico;;Homologada;FUNDO MUNICIPAL DE ASSISTÊNCIA SOCIAL;5800;2017-07-06;110;2017026421;2017;2017-09-12;2017-07-21 00:00:00;;;;8513.90;;O REGISTRO DE PREÇOS TEM POR OBJETO A AQUISIÇÃO DE GÊNEROS ALIMENTÍCIOS NÃO PERECÍVEIS PARA ATENDER AOS SERVIÇOS SOCIOASSISTENCIAIS DA REDE DE PROTEÇÃO SOCIAL ESPECIAL, DESENVOLVIDOS PELO CENTRO DE REFERÊNCIA ESPECIALIZADO DE ASSISTÊNCIA SOCIAL- CREAS, DE ACORDO COM AS ESPECIFICAÇÕES DO ANEXO I DO EDITAL.;;0;;;0;0;0;17475;13;5;;2129;False
licitacoes;108/2017;Pregão Eletrônico;;Homologada;SECRETARIA MUNICIPAL DE INFRAESTRUTURA E SERVIÇOS PÚBLICOS;3500;2017-07-05;108;2017015682;2017;2017-08-10;2017-07-20 00:00:00;;;;149000.00;;AQUISIÇÃO DE TANQUE RESERVATÓRIO PARA EMULSÃO ASFÁLTICA E TAMBOR PARA TRANSPORTE DE COMBUSTÍVEL.;;0;;;0;0;0;17448;13;5;;2129;False
licitacoes;095/2017;Pregão Eletrônico;;Homologada;SECRETARIA MUNICIPAL DA SAÚDE;8600;2017-06-09;95;2017023699;2017;2017-11-16;2017-06-23 00:00:00;;;;564000.00;;A AQUISIÇÃO DE EQUIPAMENTOS MÉDICOS E HOSPITALARES PARA ATENDER AS UNIDADES DE SAÚDE, POR MEIO DA EMENDAS PARLAMENTARES DE Nº 11320420000-116001, 11320420000-114001, 11320420000-114002 E 11320420000-116016, CONFORME CONDIÇÕES, QUANTIDADES E EXIGÊNCIAS ESTABELECIDAS NO EDITAL E SEUS ANEXOS.;;0;;;0;0;0;17081;13;5;;2129;False
licitacoes;094/2017;Pregão Eletrônico;;Homologada;SECRETARIA MUNICIPAL DA SAÚDE;8600;2017-06-09;94;2017022168;2017;2017-07-20;2017-06-23 00:00:00;;;;7821.60;;AQUISIÇÃO DE MATERIAIS E INSUMOS DE LABORATORIOS ;;0;;;0;0;0;17039;13;5;;2129;False
licitacoes;090/2017;Pregão Eletrônico;;Homologada;SECRETARIA MUNICIPAL DA SAÚDE;8600;2017-06-07;90;2017019865;2017;2017-09-15;2017-06-23 00:00:00;;;;183188.00;;AQUISIÇÃO DE MATERIAL HIDRAULICOS PARA ATENDER AS UNIDADES DE SAÚDE.;;0;;;0;0;0;17037;13;5;;2129;False
licitacoes;089/2017;Pregão Eletrônico;;Homologada;AGÊNCIA MUNICIPAL DE TURISMO;1400;2017-06-07;89;2017027004;2017;2017-07-13;2017-06-21 00:00:00;;;;31721.00;;AQUISIÇÃO DE AGUA MINERAL E GELO;;0;;;0;0;0;17016;13;5;;2129;False
licitacoes;087/2017;Pregão Eletrônico;;Homologada;FUNDO MUNICIPAL DE  ILUMINAÇÃO PÚBLICA;6300;2017-06-07;87;2017025811;2017;2017-07-31;2017-06-21 00:00:00;;;;23628.00;;AQUIISIÇÃO DE PERFURATIZ HIDRÁULICA ;;0;;;0;0;0;17010;13;5;;2129;False
licitacoes;086/2017;Pregão Eletrônico;;Homologada;SECRETARIA MUNICIPAL DA SAÚDE;8600;2017-07-11;86;2017008464;2017;2017-08-30;2017-07-24 00:00:00;;;;391077.98;;O REGISTRO DE PREÇOS TEM POR OBJETO A FUTURA AQUISIÇÃO DE MEDICAMENTOS (INSULINAS), PARA MANUTENÇÃO DAS DEMANDAS JUDICIAIS, CONFORME CONDIÇÕES, QUANTIDADES E EXIGÊNCIAS ESTABELECIDAS NESTE EDITAL E SEUS ANEXOS;;0;;;0;0;0;17030;13;5;;2129;False
licitacoes;084/2017;Pregão Eletrônico;;Homologada;FUNDO MUNICIPAL DE ASSISTÊNCIA SOCIAL;5800;2017-06-02;84;2017026509;2017;2017-07-05;2017-06-19 00:00:00;;;;68000.00;;A CONTRATAÇÃO DE EMPRESA ESPECIALIZADA EM SERVIÇOS DE BUFFET E COFFEE BREAK, CONFORME CONDIÇÕES, QUANTIDADES E EXIGÊNCIAS ESTABELECIDAS NESTE EDITAL E SEUS ANEXOS.;;0;;;0;0;0;16982;13;5;;2129;False
licitacoes;083/2017;Pregão Eletrônico;;Homologada;FUNDO MUNICIPAL DE ASSISTÊNCIA SOCIAL;5800;2017-06-02;83;2017020482;2017;2017-08-29;2017-06-19 00:00:00;;;;28899.90;;A CONTRATAÇÃO DE EMPRESA ESPECIALIZADA PARA PRESTAÇÃO DE 10 SERVIÇOS ARTÍSTICOS DE APRESENTAÇÕES TEATRAIS COM DURAÇÃO DE 30 A 40 MINUTOS. SENDO: FORMAÇÃO DE EQUIPE DE TEATRO, CRIAÇÃO DE ESQUETES TEATRAIS, MONTAGEM DE CENÁRIOS, ALEGORIAS, TEATRO DE BONECOS E CONFECÇÃO DE FIGURINOS, CONFORME CONDIÇÕES, QUANTIDADES E EXIGÊNCIAS ESTABELECIDAS NESTE EDITAL E SEUS ANEXOS;;0;;;0;0;0;16981;13;5;;2129;False
licitacoes;081/2017;Pregão Eletrônico;;Homologada;SECRETARIA MUNICIPAL DA SAÚDE;8600;2017-05-30;81;2017021670;2017;2017-09-29;2017-06-12 00:00:00;;;;35668.85;;O REGISTRO DE PREÇOS TEM POR OBJETO A FUTURA AQUISIÇÃO DE MEDICAMENTOS PARA USO VETERINÁRIO, PARA ATENDER O CENTRO DE CONTROLE DE ZOONOSES,(CCZ) CONFORME CONDIÇÕES, QUANTIDADES E EXIGÊNCIAS ESTABELECIDAS NESTE EDITAL E SEUS ANEXOS.;;0;;;0;0;0;16938;13;5;;2129;False
licitacoes;079/2017;Pregão Eletrônico;;Aberta;SECRETARIA MUNICIPAL DE INFRAESTRUTURA E SERVIÇOS PÚBLICOS;3500;2017-05-30;79;2017015682;2017;;2017-06-13 00:00:00;;;;0.00;;AQUISIÇÃO DE TANQUE RESERVATÓRIO PARA EMULSÃO ASFÁLTICA E TAMBOR PARA TRANSPORTE DE COMBUSTÍVEL.;;0;;;0;0;0;16936;13;1;;2129;False
licitacoes;075/2017;Pregão Eletrônico;;Homologada;SECRETARIA MUNICIPAL DA SAÚDE;8600;2017-05-25;75;2017016717;2017;2017-08-24;2017-06-09 00:00:00;;;;146261.90;;AQUISIÇÃO DE MATERIAIS ELETRICOS PARA ATENDER A SECRETARIA MUNICIPAL DE SAÚDE.;;0;;;0;0;0;16902;13;5;;2129;False
licitacoes;073/2017;Pregão Eletrônico;;Homologada;SECRETARIA MUNICIPAL DE INFRAESTRUTURA E SERVIÇOS PÚBLICOS;3500;2017-05-26;73;2017000978;2017;2017-07-26;2017-06-07 00:00:00;;;;570900.00;; O REGISTRO DE PREÇOS TEM POR OBJETO A FUTURA AQUISIÇÃO DE SACOS DE LIXO PARA ATENDER AS ATIVIDADES DA DIRETORIA DE PARQUES E JARDINS E DIRETORIA DE LIMPEZA PÚBLICA DA  SECRETARIA MUNICIPAL DE INFRAESTRUTURA, SERVIÇOS PÚBLICOS, TRÂNSITO E TRANSPORTE, CONFORME CONDIÇÕES, QUANTIDADES E EXIGÊNCIAS ESTABELECIDAS NESTE EDITAL E SEUS ANEXOS.;;0;;;0;0;0;16896;13;5;;2129;False
licitacoes;072/2017;Pregão Eletrônico;;Homologada;SECRETARIA MUNICIPAL DA SAÚDE;8600;2017-05-23;72;2017020877;2017;2017-07-11;2017-06-05 00:00:00;;;;96000.00;;AQUISIÇÃO E INSTALAÇÃO DE UM GRUPO GERADOR NO PRÉDIO DO SAMU.;;0;;;0;0;0;16876;13;5;;2129;False
licitacoes;070/2017;Pregão Eletrônico;;Homologada;SECRETARIA MUNICIPAL DE GOVERNO E RELAÇÕES INSTITUCIONAIS;7900;2017-05-22;70;2016040017;2017;2017-08-24;2017-06-06 00:00:00;;;;6706.00;;AQUISIÇÃO DE EQUIPAMENTOS DE SONORIZAÇÃO (PEDESTAL PARA MICROFONE EM FIO, CABOS PARA ÁUDIO, MESA DE SONORIZAÇÃO E CAIXA AMPLIFICADA) PARA ATENDER A IMPLANTAÇÃO DA ESTAÇÃO DA JUVENTUDE DE PALMAS, POR MEIO DE CONVÊNIO Nº792939/2013, CONFORME ESPECIFICAÇÕES DO ANEXO I DESTE EDITAL.;;0;;;0;0;0;16832;13;5;;2129;False
licitacoes;069/2017;Pregão Eletrônico;;Homologada;FUNDAÇÃO CULTURAL DE PALMAS;7100;2017-05-24;69;2017024686;2017;2018-08-24;2018-08-24 00:00:00;;;;4800.00;;FORNECIMENTO DE ALIMENTAÇÃO;;0;;;0;0;0;21568;13;5;;2129;False
licitacoes;068/2017;Pregão Eletrônico;;Homologada;FUNDAÇÃO CULTURAL DE PALMAS;7100;2017-06-05;68;2017021072;2017;2017-07-21;2017-06-20 00:00:00;;;;12980.00;;A CONTRATAÇÃO DE EMPRESA ESPECIALIZADA NA IMPRESSÃO E MONTAGEM DE CATÁLOGO (REVISTA) PARA ATENDER AO PROJETO DE IMPLEMENTAÇÃO DO PROGRAMA CULTURA VIVA NO MUNICÍPIO DE PALMAS/TO CONFORME ESPECIFICAÇÕES DO ANEXO I DESTE EDITAL;;0;;;0;0;0;16831;13;5;;2129;False
licitacoes;067/2017;Pregão Eletrônico;;Homologada;SECRETARIA MUNICIPAL DA SAÚDE;8600;2017-05-18;67;2017023611;2017;2017-07-03;2017-06-01 00:00:00;;;;7584.64;;CONTRATAÇÃO DE EMPRESA ESPECIALIZADA PARA A PRESTAÇÃO DE SERVIÇOS SECURITÁRIOS AO CENTRO DE LOGÍSTICA DA SECRETARIA MUNICIPAL DE SAÚDE, LOCALIZADO NO ENDEREÇO: 912 SUL (ASR-SE 95), ALAMEDA 04, QI A, LOTE 06-A, COM COBERTURA DE INCÊNDIOS, RAIOS, EXPLOSÃO, IMPLOSÃO, DANOS ELÉTRICOS, ALAGAMENTO, INUNDAÇÕES E VIDROS.;;0;;;0;0;0;16806;13;5;;2129;False
licitacoes;066/2017;Pregão Eletrônico;;Homologada;SECRETARIA MUNICIPAL DA SAÚDE;8600;2017-05-19;66;2017016712;2017;2017-08-03;2017-06-01 00:00:00;;;;181384.00;;"O REGISTRO DE PREÇOS TEM POR OBJETO AQUISIÇÃO DE MATERIAIS DE CONSTRUÇÃO (TINTAS, SELADORA, VERNIZ E OUTROS, PARA ATENDIMENTO E APLICAÇÃO DA MANUTENÇÃO DOS 65(SESSENTA E CINCO) PRÉDIOS DA REDE MUNICIPAL DE SAÚDE - FMS, CONFORME AS ESPECIFICAÇÕES DO ANEXO I DO EDITAL.";;0;;;0;0;0;16812;13;5;;2129;False
licitacoes;065/2017;Pregão Eletrônico;;Homologada;FUNDAÇÃO CULTURAL DE PALMAS;7100;2017-05-17;65;2017024018;2017;2017-06-23;2017-05-31 00:00:00;;;;34800.00;;CONTRATAÇÃO DE EMPRESA ESPECIALIZADA EM SERVIÇOS DE BUFFET, PARA EVENTOS DA FUNDAÇÃO CULTURAL DE PALMAS.;;0;;;0;0;0;16805;13;5;;2129;False
licitacoes;064/2017;Pregão Eletrônico;;Aberta;SECRETARIA MUNICIPAL DE INFRAESTRUTURA E SERVIÇOS PÚBLICOS;3500;2017-05-19;64;2017017164;2017;;2017-05-31 00:00:00;;;;906970.00;;O REGISTRO DE PREÇOS TEM POR OBJETO A FUTURA AQUISIÇÃO DE MATERIAIS DE SINALIZAÇÃO(CONES, CAVALETES PLÁSTICO DOBRÁVEL, GRADES E OUTROS), PARA ATENDER A SECRETARIA MUNICIPAL DE INFRAESTRUTURA, SERVIÇOS PÚBLICOS, TRÂNSITO E TRANSPORTE, CONFORME CONDIÇÕES, QUANTIDADES E EXIGÊNCIAS ESTABELECIDAS NESTE EDITAL E SEUS ANEXOS.;;0;;;0;0;0;16814;13;1;;2129;False
licitacoes;063/2017;Pregão Eletrônico;;Homologada;SECRETARIA MUNICIPAL DE INFRAESTRUTURA E SERVIÇOS PÚBLICOS;3500;2017-05-16;63;2016052216;2017;2017-07-03;2017-05-30 00:00:00;;;;1729200.00;;REGISTRO DE PREÇOS PREÇOS TEM POR OBJETO A FUTURA AQUISIÇÃO E INSTALAÇÃO DE CONJUNTOS DE PLAYGROUNDS PRODUZIDAS EM PEÇAS PLÁSTICAS PARA SEREM INSTALADAS EM ÁREAS DE PRAÇAS E PÚBLICAS DA CAPITAL, CONFORME CONDIÇÕES, QUANTIDADES E EXIGÊNCIAS ESTABELECIDAS NESTE EDITAL E EM SEUS ANEXOS.;;0;;;0;0;0;16797;13;5;;2129;False
licitacoes;062/2017;Pregão Eletrônico;;Homologada;SECRETARIA MUNICIPAL DA FAZENDA E TRANSFORMAÇÃO DIGITAL;2700;2017-05-16;62;2017023275;2017;2017-06-14;2017-05-30 00:00:00;;;;56672.00;;"1.1.A CONTRATAÇÃO DE EMPRESA ESPECIALIZADA NA PRESTAÇÃO DE SERVIÇOS DE ALIMENTAÇÃO, (CAFÉ DA MANHÃ E LANCHES) PARA ATENDER OS SERVIDORES DA SECRETARIA MUNICIPAL DE FINANÇAS, DE ACORDO COM AS ESPECIFICAÇÕES DO ANEXO I DO EDITAL.";;0;;;0;0;0;16779;13;5;;2129;False
licitacoes;060/2017;Pregão Eletrônico;;Homologada;SECRETARIA MUNICIPAL DA SAÚDE;8600;2017-06-06;60;2017017740;2017;2017-11-14;2017-07-18 00:00:00;;;;119160.00;;A FUTURA AQUISIÇÃO DE MATÉRIA-PRIMA PARA CONFECÇÃO DE FRALDAS INFANTIS E GERIÁTRICAS, PARA ATENDER ÀS NECESSIDADES DA SECRETARIA MUNICIPAL DE SAÚDE, CONFORME ESPECIFICAÇÕES E QUANTITATIVOS CONSTANTES NESTE EDITAL E SEUS ANEXOS;;0;;;0;0;0;16761;13;5;;2129;False
licitacoes;058/2017;Pregão Eletrônico;;Homologada;FUNDO MUNICIPAL DE HABITAÇÃO DE INTERESSE SOCIAL;6500;2017-05-15;58;2017020103;2017;2017-07-12;2017-05-30 00:00:00;;;;22959.00;;AQUISIÇÃO DE INSTRUMENTOS MUSICAIS E ACESSÓRIOS PARA O ESPAÇO MAIS CULTURA.;;0;;;0;0;0;16729;13;5;;2129;False
licitacoes;056/2017;Pregão Eletrônico;;Homologada;FUNDAÇÃO MUNICIPAL DE ESPORTES E LAZER DE PALMAS;1600;2017-05-12;56;2017014760;2017;2017-07-05;2017-05-29 00:00:00;;;;13300.00;;SERVIÇOS DE CONFECÇÃO DE BONÉS PERSONALIZADOS, ONDE SERÃO REALIZADAS NO PROGRAMA VIDA SAUDÁVEL PELC DO GOVERNO FEDERAL, EM PARCERIA COM O MUNICÍPIO DE PALMAS TO, ATRAVÉS DA FUNDESPORTES, CONFORME CONDIÇÕES, QUANTIDADES E EXIGÊNCIAS ESTABELECIDAS NESTE EDITAL E SEUS ANEXOS.;;0;;;0;0;0;16734;13;5;;2129;False
licitacoes;055/2017;Pregão Eletrônico;;Homologada;FUNDAÇÃO MUNICIPAL DE ESPORTES E LAZER DE PALMAS;1600;2017-05-12;55;2016072691;2017;2019-04-11;2017-05-29 00:00:00;;;;21964.01;;LICITAÇÃO AQUISIÇÃO DE MATERIAIS ESPORTIVOS PARA ESTRUTURAÇÃO DOS 10  NÚCLEOS ESPORTIVOS ONDE SERÁ REALIZADO O PROGRAMA VIDA SAUDÁVEL - PELC DO GOVERNO FEDERAL, EM PARCERIA COM O MUNICÍPIO DE PALMAS  TO, ATRAVÉS DA FUNDESPORTES, CONFORME CONDIÇÕES, QUANTIDADES E EXIGÊNCIAS ESTABELECIDAS NESTE EDITAL E SEUS ANEXOS;;0;;;0;0;0;16732;13;5;;2129;False
licitacoes;052/2017;Pregão Eletrônico;;Homologada;SECRETARIA MUNICIPAL DE INFRAESTRUTURA E SERVIÇOS PÚBLICOS;3500;2017-05-11;52;2017008218;2017;2017-07-03;2017-05-25 00:00:00;;;;70227.42;;CONFECÇÃO DE BANDEIRAS OFICIAIS.;;0;;;0;0;0;16693;13;5;;2129;False
licitacoes;050/2017;Pregão Eletrônico;;Homologada;SECRETARIA MUNICIPAL DA SAÚDE;8600;2017-05-11;50;2017013641;2017;2017-07-21;2017-05-24 00:00:00;;;;108917.00;;AQUISIÇÃO DE KIT PARA GESTANTES.;;0;;;0;0;0;16687;13;5;;2129;False
licitacoes;049/2017;Pregão Eletrônico;;Homologada;FUNDO MUNICIPAL DE ASSISTÊNCIA SOCIAL;5800;2017-05-11;49;2017019398;2017;2017-06-22;2017-05-23 00:00:00;;;;29000.00;;CONTRATAÇÃO DE EMPRESA PARA SERVIÇOS DE BUFFET.;;0;;;0;0;0;16674;13;5;;2129;False
licitacoes;047/2017;Registro de Preço;;Homologada;FUNDAÇÃO CULTURAL DE PALMAS;7100;2017-12-11;47;2017061978;2017;2018-02-08;2017-11-30 00:00:00;;;;510100.00;;CONTRATAÇÃO DE EMPRESA PARA ORGANIZAÇÃO DE EVENTOS;;0;;;0;0;0;18818;90;5;;2129;False
licitacoes;046/2017;Registro de Preço;;Homologada;SECRETARIA MUNICIPAL DA SAÚDE;8600;2017-11-21;46;2017053271;2017;2018-08-17;2017-12-06 00:00:00;;;;75000.00;;CONTRATAÇÃO DE AGÊNCIA DE VIAGEM/TURISMO PARA FORNECIMENTO DE PASSAGENS TERRESTRES.;;0;;;0;0;0;18741;90;5;;2129;False
licitacoes;045/2017;Pregão Eletrônico;;Homologada;FUNDAÇÃO CULTURAL DE PALMAS;7100;2017-11-21;45;2017062758;2017;2018-03-12;2017-12-04 00:00:00;;;;670000.00;;FUTURA CONTRATAÇÃO DE EMPRESA ESPECIALIZADA NA PRESTAÇÃO DE SERVIÇOS DE COMUNICAÇÃO VISUAL (LONAS, VINIL, VINIL EM PVC, ENTRE OUTROS), PARA ATENDER ÀS NECESSIDADES DA FUNDAÇÃO CULTURAL DE PALMAS EM SUA ATIVIDADE E EVENTOS.;;0;;;0;0;0;18745;13;5;;2129;False
licitacoes;045/2017;Pregão Eletrônico;;Homologada;SECRETARIA MUNICIPAL DA SAÚDE;8600;2017-05-09;45;2017009805;2017;2017-08-15;2017-05-24 00:00:00;;;;245450.00;;AQUISIÇÃO DE COFFEE-BREAK;;0;;;0;0;0;16668;13;5;;2129;False
licitacoes;044/2017;Pregão Eletrônico;;Homologada;SECRETARIA MUNICIPAL DE INFRAESTRUTURA E SERVIÇOS PÚBLICOS;3500;2017-05-09;44;2017001883;2017;2017-06-29;2017-05-23 00:00:00;;;;252068.00;;AQUISIÇÃO DE CAL DE PINTURA HIDRATADA;;0;;;0;0;0;16667;13;5;;2129;False
licitacoes;043/2017;Pregão Presencial;;Homologada;SECRETARIA MUNICIPAL DA EDUCAÇÃO;2900;2017-11-10;43;2017059062;2017;2017-12-18;2017-11-13 00:00:00;;;;246765.52;;PRETAÇÃO DE SERVIÇOS REFORMAS PARCIAL DOCENTRO MUNICIPAL DE EDUCAÇÃO INFANTIL;;0;;;0;0;0;18653;12;5;;2129;False
licitacoes;043/2017;Pregão Eletrônico;;Homologada;SECRETARIA MUNICIPAL DE INFRAESTRUTURA E SERVIÇOS PÚBLICOS;3500;2017-05-09;43;2017000354;2017;2017-07-21;2017-05-23 00:00:00;;;;278400.00;;AQUISIÇÃO DE BANCO DE JARDIM;;0;;;0;0;0;16666;13;5;;2129;False
licitacoes;042/2017;Pregão Presencial;;Homologada;SECRETARIA MUNICIPAL DA EDUCAÇÃO;2900;2017-11-10;42;2017048723;2017;2017-12-19;2017-11-13 00:00:00;;;;187370.75;;REFORMA PARCIAL DO CMEI CANTIGA DE NINAR PROGRAMA BRASIL CARINHOSO;;0;;;0;0;0;18657;12;5;;2129;False
licitacoes;042/2017;Pregão Eletrônico;;Homologada;SECRETARIA MUNICIPAL DE INFRAESTRUTURA E SERVIÇOS PÚBLICOS;3500;2017-05-09;42;2017019959;2017;2017-07-03;2017-05-22 00:00:00;;;;78000.00;;REGISTRO DE PREÇOS VISANDO AQUISIÇÃO DE VASOS PARA PLANTAS.;;0;;;0;0;0;16664;13;5;;2129;False
licitacoes;040/2017;Registro de Preço;;Homologada;FUNDAÇÃO CULTURAL DE PALMAS;7100;2017-11-06;40;2017061848;2017;2017-11-30;2017-11-17 00:00:00;;;;7150650.00;;O REGISTRO DE PREÇOS POSSUI COMO OBJETO A FUTURA CONTRATAÇÃO DE EMPRESA ESPECIALIZADA NA PRESTAÇÃO DE SERVIÇOS DE LOCAÇÃO DE ESTRUTURAS TEMPORÁRIAS (SOM, PALCO, ARQUIBANCADAS, CADEIRAS, MESAS, DENTRE OUTROS), PARA ATENDER AOS EVENTOS PRODUZIDOS OU APOIADOS PELA PREFEITURA DE PALMAS, POR MEIO DA FUNDAÇÃO CULTURAL, CONFORME CONDIÇÕES, QUANTIDADES E EXIGÊNCIAS ESTABELECIDAS NESTE EDITAL E SEUS ANEXOS.;;0;;;0;0;0;18597;90;5;;2129;False
licitacoes;038/2017;Registro de Preço;;Aberta;AGÊNCIA MUNICIPAL DE TURISMO;1400;2017-10-19;38;2017039442;2017;;2017-11-06 00:00:00;;;;;;AQUISIÇÃO DE CAMISETAS PARA ATENDER DEMANDA DA AGTUR;;0;;;0;0;0;18464;90;1;;2129;False
licitacoes;038/2017;Pregão Eletrônico;;Homologada;SECRETARIA MUNICIPAL DE INFRAESTRUTURA E SERVIÇOS PÚBLICOS;3500;2017-05-23;38;2017013114;2017;2017-06-28;2017-05-05 00:00:00;;;;120000.00;;CONTRATAÇÃO DE EMPRESA ESPECIALIZADA EM  FORNECIMENTO DE ALIMENTAÇÃO PRONTA ACONDICIONADA EM EMBALAGENS TIPO MARMITEX, CONFORME CONDIÇÕES, QUANTIDADES E EXIGÊNCIAS ESTABELECIDAS NESTE EDITAL E SEUS ANEXOS.;;0;;;0;0;0;16455;13;5;;2129;False
licitacoes;037/2017;Registro de Preço;;Homologada;SECRETARIA MUNICIPAL DE DESENVOLVIMENTO RURAL;3300;2017-10-18;37;2017019035;2017;2018-02-26;2017-11-01 00:00:00;;;;909000.00;;CONTRATAÇÃO DE EMPRESA ESPECIALIZADA EM PRESTAÇÃO DE SERVIÇOS DE GERENCIAMENTO DE MANUTENÇÃO (PREVENTIVA E CORRETIVA) COM FORNECIMENTO DE PEÇAS, OPERADA POR MEIO DE SISTEMA VIA WEB PRÓPRIO DA CONTRATADA.;;0;;;0;0;0;18439;90;5;;2129;False
licitacoes;036/2017;Pregão Presencial;;Homologada;SECRETARIA MUNICIPAL DA EDUCAÇÃO;2900;2017-10-19;36;2017038464;2017;2017-11-24;2017-11-01 00:00:00;;;;106040.60;;CONTRATAÇÃO DE EMPRESA ESPECIALIZADA PARA A REALIZAÇÃO DE REFORMA PARCIAL DO CENTRO MUNICIPAL DE EDUCAÇÃO INFANTIL  CMEI AMÂNCIO JOSÉ DE MORAES, SITUADO NA 206 SUL, ALAMEDA 06, AI 08  PALMAS,TO, CONFORME CONDIÇÕES, QUANTIDADES E ESPECIFICAÇÕES DOS ANEXOS DESTE EDITAL, BEM COMO, SEUS ELEMENTOS INSTRUTORES;;0;;;0;0;0;18452;12;5;;2129;False
licitacoes;035/2017;Registro de Preço;;Homologada;FUNDO MUNICIPAL DE  ILUMINAÇÃO PÚBLICA;6300;2017-10-13;35;2017053746;2017;2017-11-28;2017-10-26 00:00:00;;;;4248094.80;;O REGISTRO DE PREÇOS POSSUI COMO OBJETO A FUTURA AQUISIÇÃO DE MATERIAIS ELÉTRICOS PARA  ILUMINAÇÃO NATALINA, CONFORME CONDIÇÕES, QUANTIDADES E EXIGÊNCIAS ESTABELECIDAS NESTE EDITAL E SEUS ANEXOS.;;0;;;0;0;0;18413;90;5;;2129;False
licitacoes;034/2017;Pregão Eletrônico;;Aberta;SECRETARIA MUNICIPAL DE INFRAESTRUTURA E SERVIÇOS PÚBLICOS;3500;2017-04-17;34;2017004480;2017;;2017-04-28 00:00:00;;;;5342330.00;;FUTURA AQUISIÇÃO DE BRITA, PÓ DE BRITA, PEDRA MARRUADA E PEDRISCO.;;0;;;0;0;0;16380;13;1;;2129;False
licitacoes;033/2017;Pregão Eletrônico;;Homologada;SECRETARIA MUNICIPAL DE INFRAESTRUTURA E SERVIÇOS PÚBLICOS;3500;2017-04-17;33;2017010566;2017;2017-06-27;2017-04-28 00:00:00;;;;1186350.00;;AQUISIÇÃO DE TUBOS, ADUELAS, MEIO-FIO, PRÉ-MOLDADOS, GRELHAS E CAVALETE;;0;;;0;0;0;16379;13;5;;2129;False
licitacoes;032/2017;Pregão Presencial;;Homologada;SECRETARIA MUNICIPAL DE SEGURANCA E MOBILIDADE URBANA;1200;2017-09-21;32;2017048931;2017;2017-10-19;2017-10-04 00:00:00;;;;628000.00;;CONTRATAÇÃO DE EMPRESA ESPECIALIZADA PARA PRESTAÇÃO DE SERVIÇOS TÉCNICOS DE ENGENHARIA, ARQUITETURA E ECONOMIA PARA ELABORAÇÃO DE ESTUDO DE VIABILIDADE TÉCNICA, ECONÔMICA E AMBIENTAL (EVTEA) DO CORREDOR DE TRANSPORTE DE PASSAGEIROS, CONFORME CONDIÇÕES, QUANTIDADES E EXIGÊNCIAS ESTABELECIDAS NESTE EDITAL E SEUS ANEXOS;;0;;;0;0;0;18184;12;5;;2129;False
licitacoes;032/2017;Pregão Eletrônico;;Homologada;SECRETARIA MUNICIPAL DE INFRAESTRUTURA E SERVIÇOS PÚBLICOS;3500;2017-05-09;32;2017004478;2017;2017-07-12;2017-05-05 00:00:00;;;;3524000.00;;O REGISTRO DE PREÇOS, VISANDO A CONTRATAÇÃO DE EMPRESS ESPECIALIZADAS NO FORNECIMENTO DE AREIA GROSSA LAVADA, AREIA MEDIA LAVADA, AREIA FINA LAVADA, SEIXO ROLADO Nº1, SEIXO BRITADO Nº0, PEDRISCO DE SEIXO BRITADO E PÓ DE SEIXO BRITADO.;;0;;;0;0;0;16392;13;5;;2129;False
licitacoes;031/2017;Registro de Preço;;Homologada;FUNDO MUNICIPAL DE APOIO À CULTURA;6800;2017-08-02;31;2017027481;2017;2017-11-07;2017-08-16 00:00:00;;;;79830.00;;CONTRATAÇÃO DE EMPRESA ESPECIALIZADA EM SERVIÇOS DE ENGENHARIA, MANUTENÇÃO CORRETIVA E PREVENTIVA PREDIAL.;;0;;;0;0;0;17717;90;5;;2129;False
licitacoes;030/2017;Registro de Preço;;Homologada;SECRETARIA MUNICIPAL DE INFRAESTRUTURA E SERVIÇOS PÚBLICOS;3500;2017-08-28;30;2017040090;2017;2017-10-09;2017-09-13 00:00:00;;;;1171900.00;;O REGISTRO DE PREÇOS TEM POR OBJETO A FUTURA CONTRATAÇÃO DE EMPRESA PARA PRESTAR SERVIÇOS DE EXECUÇÃO E RECUPERAÇÃO DE GUIAS SEM SARJETA, SENDO FORNECIMENTO DE MATERIAL, MÃO-DE-OBRA, TRANSPORTE DE MATERIAL E MÁQUINA, NO MUNICÍPIO DE PALMAS/TO, CONFORME CONDIÇÕES, QUANTIDADES E ESPECIFICAÇÕES DOS ANEXOS DESTE EDITAL;;0;;;0;0;0;17966;90;5;;2129;False
licitacoes;028/2017;Registro de Preço;;Homologada;SECRETARIA MUNICIPAL DE DESENVOLVIMENTO URBANO E SERVIÇOS REGIONAIS;9400;2017-09-04;28;2017025631;2017;2018-08-17;2017-09-18 00:00:00;;;;367741.41;;O REGISTRO DE PREÇOS TEM POR OBJETO A FUTURA CONTRATAÇÃO DE EMPRESA PARA PRESTAR SERVIÇOS DE  APOIO A REGULARIZAÇÃO FUNDIÁRIA DE INTERESSE SOCIAL DO MUNICÍPIO DE PALMAS, ATRAVÉS DE PROJETOS TÉCNICOS DE REGULARIZAÇÃO PARA OS SETORES HABITACIONAIS: LAGO NORTE, IRMÃ DULCE, TAQUARUSSU 2ª ETAPA, UNIÃO SUL, VISTA ALEGRE E BELO HORIZONTE;;0;;;0;0;0;17807;90;5;;2129;False
licitacoes;028/2017;Pregão Eletrônico;;Homologada;FUNDO MUNICIPAL DE ASSISTÊNCIA SOCIAL;5800;2017-04-24;28;2016005562;2017;2017-11-17;2017-04-24 00:00:00;;;;5544000.00;;PREPARO, TRANSPORTE E FORNECIMENTO DE REFEIÇÕES;;0;;;0;0;0;16306;13;5;;2129;False
licitacoes;027/2017;Pregão Presencial;;Homologada;INSTITUTO MUNICIPAL DE PLANEJAMENTO URBANO DE PALMAS;5200;2017-08-07;27;2017036208;2017;2017-09-12;2017-08-18 00:00:00;;;;332875.18;;CONTRATAÇÃO DE EMPRESA ESPECIALIZADA PARA PRESTAÇÃO DE SERVIÇOS DE CONSULTORIA PARA ELABORAÇÃO DE UM MASTERPLAN, ESTUDO TÉCNICO QUE DEVERÁ ABORDAR SIMULTANEAMENTE O REORDENAMENTO TERRITORIAL DA PORÇÃO SUL DE PALMAS E O DESENHO PRELIMINAR DA ÁREA DESTINADA AO PORTO SECO, CENTRO DE APOIO DE LOGÍSTICA E PARQUE TECNOLÓGICO.;;0;;;0;0;0;17764;12;5;;2129;False
licitacoes;026/2017;Pregão Eletrônico;;Homologada;SECRETARIA MUNICIPAL DA SAÚDE;8600;2017-04-05;26;2017005019;2017;2017-08-14;2017-04-25 00:00:00;;;;1522861.00;;FUTURA AQUISIÇÃO DE MEDICAMENTOS TAIS COMO (DOMPERIDONA E OUTROS), PARA ATENDER PACIENTES USUÁRIOS DO SUS REDE MUNICIPAL DE SAÚDE;;0;;;0;0;0;16218;13;5;;2129;False
licitacoes;025/2017;Pregão Eletrônico;;Homologada;SECRETARIA MUNICIPAL DA SAÚDE;8600;2017-10-13;25;2017005017;2017;2018-03-07;2017-11-13 00:00:00;;;;158690.00;;AQUISÇÃO MEDICAMENTOS INJETAVEIS  PARA ATENDER PACIENTES USUARIOS DO SUS REDE MUNICIPAL  SAUDE....;;0;;;0;0;0;18658;13;5;;2129;False
licitacoes;025/2017;Pregão Eletrônico;;Homologada;SECRETARIA MUNICIPAL DA SAÚDE;8600;2017-04-05;25;2017005017;2017;2017-08-11;2017-04-20 00:00:00;;;;1857154.00;;REGISTRO DE PREÇOS TEM POR OBJETO A FUTURA AQUISIÇÃO DE MEDICAMENTOS (INJETÁVEIS), PARA ATENDER PACIENTES USUÁRIOS DO SUS REDE MUNICIPAL DE SAÚDE.;;0;;;0;0;0;16215;13;5;;2129;False
licitacoes;024/2017;Pregão Eletrônico;;Homologada;SECRETARIA MUNICIPAL DA SAÚDE;8600;2017-10-26;24;2017005016;2017;2018-03-09;2017-11-09 00:00:00;;;;36120.00;;AQUISIÇÃO DE MEDICAMENTOS CONTROLADOS PARA ATENDER PACIENTES USUARIOS DO SUS / REDE MUNICIPAL DE SAÚDE;;0;;;0;0;0;18641;13;5;;2129;False
licitacoes;024/2017;Registro de Preço;;Homologada;SECRETARIA MUNICIPAL DA SAÚDE;8600;2017-07-26;24;2017024477;2017;2017-09-13;2017-07-09 00:00:00;;;;217000.00;;O REGISTRO DE PREÇOS TEM POR OBJETO A FUTURA CONTRATAÇÃO DE EMPRESA ESPECIALIZADA EM SERVIÇOS DE CARACTERIZAÇÃO VISUAL E APLICAÇÃO DE ADESIVO VINÍLICO EM PORTAS DE VIDRO, CONFORME CONDIÇÕES, QUANTIDADES E EXIGÊNCIAS ESTABELECIDAS NO EDITAL E E ANEXOS.;;0;;;0;0;0;17636;90;5;;2129;False
licitacoes;024/2017;Pregão Eletrônico;;Homologada;SECRETARIA MUNICIPAL DA SAÚDE;8600;2017-04-05;24;2017005016;2017;2017-08-30;2017-04-20 00:00:00;;;;1004989.00;;FUTURA AQUISIÇÃO DE MEDICAMENTOS CONTROLADOS, PARA ATENDER PACIENTES USUÁRIOS DO SUS/REDE MUNICIPAL DE SAÚDE;;0;;;0;0;0;16216;13;5;;2129;False
licitacoes;023/2017;Registro de Preço;;Homologada;SECRETARIA MUNICIPAL DA FAZENDA E TRANSFORMAÇÃO DIGITAL;2700;2017-07-03;23;2017028513;2017;2017-08-17;2017-07-17 00:00:00;;;;9994960.01;;O REGISTRO DE PREÇOS VISANDO A FUTURA CONTRATAÇÃO DE EMPRESA ESPECIALIZADA PARA PRESTAÇÃO DE SERVIÇOS DE GERENCIAMENTO DE FROTA E ADMINISTRAÇÃO DE ABASTECIMENTO DE VEÍCULOS, POR MEIO DE UM SISTEMA INFORMATIZADO, COM UTILIZAÇÃO DE CARTÃO MAGNÉTICO, ATRAVÉS DE REDE DE POSTOS CREDENCIADOS DISPONIBILIZADOS PELA CONTRATADA, PARA ATENDER A FROTA DE VEÍCULOS DA PREFEITURA DE PALMAS, CONFORME CONDIÇÕES, QUANTIDADES E ESPECIFICAÇÕES CONSTANTES NESTE EDITAL E EM SEUS ANEXOS;;0;;;0;0;0;17409;90;5;;2129;False
licitacoes;022/2017;Pregão Eletrônico;;Homologada;SECRETARIA MUNICIPAL DE INFRAESTRUTURA E SERVIÇOS PÚBLICOS;3500;2017-05-12;22;2016047372;2017;2018-02-27;2017-05-26 00:00:00;;;;837600.00;;O REGISTRO DE PREÇOS TEM POR OBJETO A FUTURA AQUISIÇÃO DE ACADEMIAS AO AR LIVRE, CONFORME CONDIÇÕES, QUANTIDADES E EXIGÊNCIAS ESTABELECIDAS NESTE EDITAL E SEUS ANEXOS.;;0;;;0;0;0;16694;13;5;;2129;False
licitacoes;022/2017;Pregão Eletrônico;;Homologada;SECRETARIA MUNICIPAL DE INFRAESTRUTURA E SERVIÇOS PÚBLICOS;3500;2017-04-04;22;2017000090;2017;2017-07-12;2017-04-18 00:00:00;;;;102671.84;;AQUISIÇÃO DE FERRAMENTAS, CONFORME CONDIÇÕES, QUANTIDADES E EXIGÊNCIAS ESTABELECIDAS NO EDITAL E SEUS ANEXOS.;;0;;;0;0;0;16217;13;5;;2129;False
licitacoes;021/2017;Pregão Eletrônico;;Homologada;SECRETARIA MUNICIPAL DE INFRAESTRUTURA E SERVIÇOS PÚBLICOS;3500;2017-04-03;21;2017009346;2017;2017-05-18;2017-04-17 00:00:00;;;;10747.89;;AQUISIÇÃO DE MATERIAL DE EXPEDIENTE;;0;;;0;0;0;16166;13;5;;2129;False
licitacoes;020/2017;Registro de Preço;;Homologada;SECRETARIA MUNICIPAL DE COMUNICAÇÃO;5600;2017-06-06;20;2016066285;2017;2017-08-07;2017-06-20 00:00:00;;;;6870280.00;;O REGISTRO DE PREÇOS TEM POR OBJETO A FUTURA CONTRATAÇÃO DE EMPRESA ESPECIALIZADA NA PRESTAÇÃO DE SERVIÇOS GRÁFICOS (CONFECÇÃO, IMPRESSÃO E ACABAMENTO) DE MATERIAL SOB DEMANDA, PARA ATENDER AS NECESSIDADES DE TODAS AS UNIDADES GESTORAS, CONFORME CONDIÇÕES, QUANTIDADES E EXIGÊNCIAS ESTABELECIDAS NO EDITAL E E ANEXOS.;;0;;;0;0;0;17000;90;5;;2129;False
licitacoes;020/2017;Pregão Eletrônico;;Homologada;SECRETARIA MUNICIPAL DA SAÚDE;8600;2017-03-29;20;2017003372;2017;2017-08-09;2017-03-29 00:00:00;;;;70000.00;;AQUISIÇÃO DE BEBEDOUROS INDUSTRIAIS PARA ATENDER A SECRETARIA MUNICIPAL DE SAÚDE;;0;;;0;0;0;16062;13;5;;2129;False
licitacoes;018/2017;Pregão Eletrônico;;Homologada;SECRETARIA MUNICIPAL DE INFRAESTRUTURA E SERVIÇOS PÚBLICOS;3500;2017-09-05;18;2017000538;2017;2018-03-13;2017-04-07 00:00:00;;;;489715.00;;A FUTURA AQUISIÇÃO DE SEMENTES E MUDAS DE FLORES TIPO PLUGS, PARA ATENDER A SECRETARIA MUNICIPAL DE INFRAESTRUTURA, SERVIÇOS PÚBLICOS, TRÂNSITO E TRANSPORTE, CONFORME CONDIÇÕES, QUANTIDADES E EXIGÊNCIAS ESTABELECIDAS NESTE EDITAL E SEUS ANEXOS;;0;;;0;0;0;15927;13;5;;2129;False
licitacoes;018/2017;Pregão Presencial;;Homologada;FUNDAÇÃO MUNICIPAL DA JUVENTUDE DE PALMAS;8900;2017-05-24;18;2017024355;2017;2017-06-26;2017-06-06 00:00:00;;;;99600.00;;A CONTRATAÇÃO DE EMPRESA ESPECIALIZADA EM CURSO PRÉ-VESTIBULAR, VISANDO ATENDER A 200 (DUZENTOS) JOVENS, POR MEIO DE OFERTA DE AULAS COM ESPECIALISTAS DAS DIFERENTES ÁREAS DO CONHECIMENTO, DENTRO DOS PARÂMETROS DO ENEM  EXAME NACIONAL DO ENSINO MÉDIO, PARA DESENVOLVIMENTO DO PROJETO PALMAS APROVA, CONFORME CONDIÇÕES, QUANTIDADES E EXIGÊNCIAS ESTABELECIDAS NESTE EDITAL E E SEUS ANEXOS.;;0;;;0;0;0;16886;12;5;;2129;False
licitacoes;016/2017;Pregão Eletrônico;;Homologada;SECRETARIA MUNICIPAL DE INFRAESTRUTURA E SERVIÇOS PÚBLICOS;3500;2017-03-29;16;2017004482;2017;2017-03-20;2017-03-29 00:00:00;;;;159714.00;; O REGISTRO DE PREÇOS TEM POR OBJETO A FUTURA CONTRATAÇÃO DE EMPRESA ESPECIALIZADA PARA PARA PRESTAÇÃO DE SERVIÇOS DE CONFECÇÃO DE UNIFORMES CONTENDO CAMISETAS DE MALHA, CALÇAS EM BRIM E JALECOS, CONFORME CONDIÇÕES, QUANTIDADES E EXIGÊNCIAS ESTABELECIDAS NESTE EDITAL E SEUS ANEXOS;;0;;;0;0;0;15752;13;5;;2129;False
licitacoes;015/2017;Pregão Eletrônico;;Homologada;SECRETARIA MUNICIPAL DA SAÚDE;8600;2017-03-15;15;2016071529;2017;2017-05-25;2017-03-28 00:00:00;;;;788892.75;; O REGISTRO DE PREÇOS PARA FUTURA CONTRATAÇÃO DE EMPRESA ESPECIALIZADA EM FORNECIMENTO DE LANCHES, PARA ATENDIMENTO AOS SERVIDORES PLANTONISTAS DAS UNIDADES DE PRONTO ATENDIMENTO NORTE (UPA NORTE), UNIDADES DE PRONTO ATENDIMENTO SUL, (UPA SUL) E SERVIÇOS MÓVEL DE URGÊNCIA(SAMU),.;;0;;;0;0;0;15494;13;5;;2129;False
licitacoes;013/2017;Pregão Presencial;;Aberta;FUNDO MUNICIPAL DE ASSISTÊNCIA SOCIAL;5800;2017-04-19;13;2017018315;2017;;2017-07-14 00:00:00;;;;0.00;;AQUISIÇÃO DE PASSAGENS TERRESTRES.;;0;;;0;0;0;16424;12;1;;2129;False
licitacoes;013/2017;Pregão Eletrônico;;Homologada;SECRETARIA MUNICIPAL DA SAÚDE;8600;2017-03-06;13;2016066947;2017;2017-05-24;2017-03-21 00:00:00;;;;99982.90;;AQUISIÇÃO DE GÊNEROS ALIMENTICIOS PARA PRODUÇÕES DAS REFEIÇÕES PARA OS SERVIDORES DAS EQUIPES DE SAÚDE.;;0;;;0;0;0;15362;13;5;;2129;False
licitacoes;012/2017;Pregão Eletrônico;;Homologada;SECRETARIA MUNICIPAL DA SAÚDE;8600;2017-04-04;12;2017003501;2017;2017-05-24;2017-03-16 00:00:00;;;;13807.20;;AQUISIÇÃO DE MEDICAMENTOS PAR ATENDIMENTO DE DEMANDA JUDICIAL;;0;;;0;0;0;15323;13;5;;2129;False
licitacoes;011/2017;Registro de Preço;;Homologada;SECRETARIA MUNICIPAL DE INFRAESTRUTURA E SERVIÇOS PÚBLICOS;3500;2017-04-17;11;2017008502;2017;2017-05-15;2017-05-02 00:00:00;;;;3850875.00;;AQUISIÇÃO DE MATERIAL BETUMINOSO CM-30.;;0;;;0;0;0;16382;90;5;;2129;False
licitacoes;010/2017;Registro de Preço;;Aberta;SECRETARIA MUNICIPAL DE INFRAESTRUTURA E SERVIÇOS PÚBLICOS;3500;2017-11-20;10;2017055399;2017;;2017-12-21 00:00:00;;;;3232044.50;;O REGISTRO DE PREÇOS VISANDO A CONTRATAÇÃO DE EMPRESA ESPECIALIZADA PARA PRESTAÇÃO DE SERVIÇOS DE BASE DE SOLO ESTABILIZADO SEM MISTURA, COMPACTAÇÃO 100% PROCTOR NORMAL NAS VIAS PUBLICAS DE PALMAS, CONFORME ESPECIFICAÇÕES E CONDIÇÕES CONSTANTES DESTE EDITAL, SEU TERMO DE REFERÊNCIA E ANEXOS.;;0;;;0;0;0;18735;90;1;;2129;False
licitacoes;010/2017;Pregão Eletrônico;;Aberta;SECRETARIA MUNICIPAL DE INFRAESTRUTURA E SERVIÇOS PÚBLICOS;3500;2017-07-19;10;2017006599;2017;;2017-08-01 00:00:00;;;;2500000.00;;"AQUISIÇÃO DE CONCRETO USINADO FCK 20 COM BRITA 0.";;0;;;0;0;0;17021;13;1;;2129;False
licitacoes;010/2017;Registro de Preço;;Aberta;SECRETARIA MUNICIPAL DE INFRAESTRUTURA E SERVIÇOS PÚBLICOS;3500;2017-05-02;10;2017006599;2017;;2017-05-15 00:00:00;;;;;;O REGISTRO DE PREÇOS TEM POR OBJETO A FUTURA AQUISIÇÃO DE CONCRETO USINADO FCK-20 COM BRITA 0, CONFORME ESPECIFICAÇÕES DOS ANEXOS I E II DO EDITAL.;;0;;;0;0;0;16401;90;1;;2129;False
licitacoes;009/2017;Concorrência para Compras e Serviços;;Aberta;FUNDAÇÃO MUNICIPAL DE ESPORTES E LAZER DE PALMAS;1600;2017-06-14;9;2015003478;2017;;2017-12-18 00:00:00;;;;0.00;;CONTRATAÇÃO DE EMPRESA ESPECIALIZADA PARA PRESTAÇÃO  DE SERVIÇO DE CONSTRUÇÃO DO COMPLEXO POLIESPORTIVO NA VILA OLIMPICA DE PALMAS-TO, CONFORME ESPECIFICAÇÕES E CONDIÇÕES CONSTANTES DESTE EDITAL, SEU TERMO DE REFERÊNCIA E ANEXOS.;;0;;;0;0;0;17275;5;1;;2129;False
licitacoes;009/2017;Registro de Preço;;Homologada;SECRETARIA MUNICIPAL DE INFRAESTRUTURA E SERVIÇOS PÚBLICOS;3500;2017-04-17;9;2017009502;2017;2017-05-15;2017-04-28 00:00:00;;;;2000000.00;;O REGISTRO DE PREÇOS TEM POR OBJETO A FUTURA AQUISIÇÃO DE RECOMPOSITOR DE PISTA, USINADO A QUENTE, PREPARADO COM AGREGADOS PÉTREOS, CAP 50/70 MODIFICADO POR ADITIVO, PARA ATENDER A SECRETARIA MUNICIPAL DE INFRAESTRUTURA, SERVIÇOS PÚBLICOS, TRÂNSITO E TRANSPORTE, CONFORME ESPECIFICAÇÕES DOS ANEXOS I E II DO EDITAL.;;0;;;0;0;0;16400;90;5;;2129;False
licitacoes;009/2017;Pregão Eletrônico;;Homologada;SECRETARIA MUNICIPAL DA SAÚDE;8600;2017-02-24;9;2016065656;2017;2017-04-25;2017-03-15 00:00:00;;;;13450.00;;CONTRATAÇÃO DE EMPRESA ESPECIALIZADA PARA FORNECIMENTO/CONFECÇÃO DE CARIMBOS AUTOMÁTICOS, TROCA DE BORRACHA E TROCA DE ALMOFADA, PARA ATENDER AS NECESSIDADES DA SECRETARIA MUNICIPAL DE SAÚDE, CONFORME CONDIÇÕES, QUANTIDADES E EXIGÊNCIAS ESTABELECIDAS NO EDITAL E SEUS ANEXOS.;;0;;;0;0;0;15320;13;5;;2129;False
licitacoes;008/2017;Pregão Eletrônico;;Homologada;SECRETARIA MUNICIPAL DE INFRAESTRUTURA E SERVIÇOS PÚBLICOS;3500;2017-11-07;8;2017051479;2017;2018-03-20;2017-12-07 00:00:00;;;;5151105.00;;REGISTRO DE PREÇOS VISANDO A CONTRATAÇÃO DE EMPRESA ESPECIALIZADA PARA PRESTAÇÃO DE SERVIÇOS DE CONSTRUÇÃO DE CALÇADAS E CICLOVIAS COM SINALIZAÇÃO VERTICAL E HORIZONTAL, CONFORME ESPECIFICAÇÕES E CONDIÇÕES CONSTANTES DESTE EDITAL, SEU TERMO DE REFERÊNCIA E ANEXOS.;;0;;;0;0;0;18605;13;5;;2129;False
licitacoes;008/2017;Registro de Preço;;Homologada;SECRETARIA MUNICIPAL DE INFRAESTRUTURA E SERVIÇOS PÚBLICOS;3500;2017-04-17;8;2017009508;2017;2017-07-13;2017-04-28 00:00:00;;;;6080000.00;;O REGISTRO DE PREÇOS TEM POR OBJETO A FUTURA AQUISIÇÃO DE CBUQ-CONCRETO BETUMINOSO USINADO A QUENTE DOSADO COM CAP 50/70, FAIXA  C NIT, PARA ATENDER A SECRETARIA MUNICIPAL DE INFRAESTRUTURA, SERVIÇOS PÚBLICOS, TRÂNSITO E TRANSPORTE, CONFORME ESPECIFICAÇÕES DOS ANEXOS I E II DO EDITAL.;;0;;;0;0;0;16398;90;5;;2129;False
licitacoes;007/2017;Tomada de Preço para Compras e Serviços;;Homologada;SECRETARIA MUNICIPAL DE INFRAESTRUTURA E SERVIÇOS PÚBLICOS;3500;2017-11-21;7;2017051048;2017;2018-03-23;2017-12-08 00:00:00;;;;1181263.16;;CONTRATAÇÃO DE EMPRESA ESPECIALIZADA PARA A PRESTAÇÃO DE SERVIÇO DE REFORMA DA POLICLÍNICA DA 303 NORTE, CONFORME CONDIÇÕES, QUANTIDADES E EXIGÊNCIAS ESTABELECIDAS NESTE EDITAL E ANEXOS.;;0;;;0;0;0;18757;3;5;;2129;False
licitacoes;007/2017;Registro de Preço;;Aberta;SECRETARIA MUNICIPAL DE INFRAESTRUTURA E SERVIÇOS PÚBLICOS;3500;2017-08-08;7;2017021403;2017;;2017-09-11 00:00:00;;;;8149410.00;;REGISTRO DE PREÇOS VISANDO A CONTRATAÇÃO DE EMPRESA ESPECIALIZADA PARA PRESTAÇÃO DE SERVIÇOS DE SINALIZAÇÃO HORIZONTAL, VERTICAL E DISPOSITIVOS AUXILIARES E SEGURANÇA VIÁRIA PARA OPERAÇÕES DE TRÁFEGO NO MUNICÍPIO DE PALMAS, CONFORME ESPECIFICAÇÕES E CONDIÇÕES CONSTANTES DESTE EDITAL, SEU TERMO DE REFERÊNCIA E ANEXOS.;;0;;;0;0;0;17774;90;1;;2129;False
licitacoes;007/2017;Registro de Preço;;Homologada;SECRETARIA MUNICIPAL DE INFRAESTRUTURA E SERVIÇOS PÚBLICOS;3500;2017-05-24;7;2017007817;2017;2017-05-31;2017-05-08 00:00:00;;;;1073446.80;;CONTRATAÇÃO DE EMPRESA ESPECIALIZADA PARA PRESTAÇÃO DE SERVIÇOS CONTINUADOS DE GERENCIAMENTO DE MANUTENÇÃO (PREVENTIVA E CORRETIVA) DA FROTA DE VEÍCULOS, MÁQUINAS E EQUIPAMENTOS OPERADA ATRAVÉS DE CARTÃO COM UTILIZAÇÃO DE SISTEMA VIA WEB PRÓPRIO DA CONTRATADA, COMPREENDENDO ORÇAMENTO DOS MATERIAIS E SERVIÇOS ESPECIALIZADOS DE MANUTENÇÃO ATRAVÉS DA REDE DE OFICINAS CREDENCIADAS PELA CONTRATADA, E QUANDO NECESSÁRIO, TRANSPORTE EM SUSPENSO POR GUINCHAMENTO E SOCORRO MECÂNICO, PARA ATENDER À FROTA DE VEÍCULOS, MÁQUINAS E EQUIPAMENTOS DA SECRETARIA MUNICIPAL DE INFRAESTRUTURA E SERVIÇOS PÚBLICOS, TRÂNSITO E TRANSPORTE, CONFORME CONDIÇÕES, QUANTIDADES E ESPECIFICAÇÕES CONSTANTES NESTE EDITAL E EM SEUS ANEXOS.;;0;;;0;0;0;16875;90;5;;2129;False
licitacoes;006/2017;Concorrência para Compras e Serviços;;Homologada;FUNDO MUNICIPAL DO MEIO AMBIENTE;6700;2017-07-27;6;2017019957;2017;2017-12-01;2017-09-11 00:00:00;;;;172673.74;;CONTRATAÇÃO DE SERVIÇOS DE CONSULTORIA TÉCNICA PARA ELABORAÇÃO DO DIAGNÓSTICO DA POPULAÇÃO DE CAPIVARAS (HYDROCHAERIS HYDROCHAERIS) DO MUNICÍPIO DE PALMAS E ELABORAÇÃO DE UM PLANO DE MANEJO DE FAUNA PARA A ESPÉCIE, CONFORME CONDIÇÕES E ESPECIFICAÇÕES DESCRITAS NESTE EDITAL, TERMO DE REFERÊNCIA E ANEXOS.;;0;;;0;0;0;17679;5;5;;2129;False
licitacoes;006/2017;Registro de Preço;;Homologada;FUNDO MUNICIPAL DE  ILUMINAÇÃO PÚBLICA;6300;2017-04-05;6;2017009948;2017;2017-07-13;2017-04-19 00:00:00;;;;2690768.95;;AQUISIÇÃO DE MATERIAIS ELÉTRICOS, CONFORME CONDIÇÕES, QUANTIDADES E EXIGÊNCIAS ESTABELECIDAS NO EDITAL E SEUS ANEXOS.;;0;;;0;0;0;16223;90;5;;2129;False
licitacoes;006/2017;Pregão Eletrônico;;Homologada;FUNDO MUNICIPAL DE  ILUMINAÇÃO PÚBLICA;6300;2017-02-21;6;2016043277;2017;2017-06-29;2017-03-08 00:00:00;;;;629823.16;;AQUISIÇÃO DE EPI'S, EPC'S E FERRAMENTAS, CONFORME CONDIÇÕES, QUANTIDADES E EXIGÊNCIAS ESTABELECIDAS NO EDITAL E SEUS ANEXOS.;;0;;;0;0;0;15207;13;5;;2129;False
licitacoes;005/2017;Tomada de Preço para Compras e Serviços;;Aberta;SECRETARIA MUNICIPAL DE DESENVOLVIMENTO RURAL;3300;2017-09-06;5;2017035650;2017;;2017-09-26 00:00:00;;;;975000.00;;CONTRATAÇÃO DE EMPRESA ESPECIALIZADA PARA EXECUÇÃO DOS SERVIÇOS DE PASSARELA PARA CICLOVI DA AV. NS-01, SOBRE O CÓRREGO BREJO COMPRIDO, EM PALMAS -TO.;;0;;;0;0;0;18067;3;1;;2129;False
licitacoes;005/2017;Registro de Preço;;Homologada;SECRETARIA MUNICIPAL DE INFRAESTRUTURA E SERVIÇOS PÚBLICOS;3500;2017-03-23;5;2017011000;2017;2017-04-13;2017-04-04 00:00:00;;;;402160.02;;AQUISIÇÃO DE ENFEITES PARA PASCOA .;;0;;;0;0;0;16232;90;5;;2129;False
licitacoes;004/2017;Tomada de Preço para Compras e Serviços;;Aberta;SECRETARIA MUNICIPAL DE INFRAESTRUTURA E SERVIÇOS PÚBLICOS;3500;2017-08-31;4;2016041632;2017;;2017-09-18 00:00:00;;;;0.00;;CONSTRUÇÃO DE UMA PASSARELA PARA CICLOVIA NA AV. NS 01, SOBRE O CÓRREGO BREJO COMPRIDO.;;0;;;0;0;0;18051;3;1;;2129;False
licitacoes;004/2017;Registro de Preço;;Aberta;FUNDO MUNICIPAL DE  ILUMINAÇÃO PÚBLICA;6300;2017-06-08;4;2017020280;2017;;2017-06-10 00:00:00;;;;;;REGISTRO DE PREÇOS VISANDO A CONTRATAÇÃO DE EMPRESA ESPECIALIZADA PARA PRESTAÇÃO DE SERVIÇOS DE EXECUÇÃO DE IMPLANTAÇÃO DE ILUMINAÇÃO PÚBLICA NOS CANTEIROS CENTRAIS E PRAÇAS NO MUNICÍPIO DE PALMAS, CONFORME ESPECIFICAÇÕES E CONDIÇÕES CONSTANTES DESTE EDITAL, SEU TERMO DE REFERÊNCIA E ANEXOS.;;0;;;0;0;0;17043;90;1;;2129;False
licitacoes;004/2017;Pregão Eletrônico;;Aberta;SECRETARIA MUNICIPAL DA SAÚDE;8600;2017-02-06;4;2016064240;2017;;2017-04-03 00:00:00;;;;9970.00;;A AQUISIÇÃO DE MÁQUINAS PARA A FABRICAÇÃO/CONFECÇÃO DE FRALDAS GERIÁTRICAS DESCARTÁVEIS PARA ATENDER AS DEMANDAS DA SECRETARIA MUNICIPAL DE SAÚDE DE PALMAS, CONFORME ESPECIFICAÇÕES DO ANEXO I DESTE EDITAL.;;0;;;0;0;0;14692;13;1;;2129;False
licitacoes;003/2017;Tomada de Preço para Compras e Serviços;;Homologada;SECRETARIA MUNICIPAL DE INFRAESTRUTURA E SERVIÇOS PÚBLICOS;3500;2017-09-05;3;2017016476;2017;2018-05-18;2017-09-26 00:00:00;;;;53619.15;;CONSTRUÇÃO DE MURO, REFORMA DE MURO EXISTENTE, IMPLANTAÇÃO DE CERCA ELÉTRICA, CONCERTINA E SIRENES NA SECRETARIA MUNICIPAL DE INFRAESTRUTURA, SERVIÇOS PÚBLICOS, TRÂNSITO E TRANSPORTE.;;0;;;0;0;0;18080;3;5;;2129;False
licitacoes;003/2017;Concorrência para Compras e Serviços;;Homologada;SECRETARIA MUNICIPAL DE DESENVOLVIMENTO RURAL;3300;2017-06-06;3;2017027510;2017;2017-09-25;2017-06-07 00:00:00;;;;1462000.00;;CONTRATAÇÃO DE EMPRESA ESPECIALIZADA PARA PRESTAÇÃO DE SERVIÇOS DE REFORMA DA FEIRA COBERTA DA 307 NORTE, MUNICÍPIO DE PALMAS, CONFORME ESPECIFICAÇÕES E CONDIÇÕES CONSTANTES DESTE EDITAL, SEU TERMO DE REFERÊNCIA E ANEXOS.;;0;;;0;0;0;16996;5;5;;2129;False
licitacoes;003/2017;Concorrência para Compras e Serviços;;Homologada;SECRETARIA MUNICIPAL DE DESENVOLVIMENTO RURAL;3300;2017-06-05;3;2017027510;2017;2017-09-28;2017-07-07 00:00:00;;;;20000.00;;CONTRATAÇÃO DE EMPRESA ESPECIALIZADA PARA PRESTAÇÃO DE SERVIÇOS DE REFORMA DA FEIRA COBERTA DA 307 NORTE, MUNICÍPIO DE PALMAS, CONFORME ESPECIFICAÇÕES E CONDIÇÕES CONSTANTES DESTE EDITAL, SEU TERMO DE REFERÊNCIA E ANEXOS;;0;;;0;0;0;18190;5;5;;2129;False
licitacoes;002/2017;Pregão Eletrônico;;Homologada;SECRETARIA MUNICIPAL DA SAÚDE;8600;2017-12-19;2;2017062672;2017;2018-07-27;2018-01-03 00:00:00;;;;608841.60;;REGISTRO DE PREÇOS TEM POR OBJETO A FUTURA CONTRATAÇÃO DE EMPRESA ESPECIALIZADA PARA EXECUÇÃO DE SERVIÇOS, SOB DEMANDA, COM FORNECIMENTO DE MATERIAIS, OBJETIVANDO A COLOCAÇÃO DE VIDROS, ESPELHOS, ACESSÓRIOS, E SERVIÇOS AFINS PARA SECRETARIA MUNICIPAL DE SAÚDE;;0;;;0;0;0;18947;13;5;;2129;False
licitacoes;002/2017;Pregão Eletrônico;;Homologada;FUNDO MUNICIPAL DOS DIREITOS DA CRIANÇA E DO ADOLESCENTE;1500;2017-01-06;2;2016072844;2017;2017-03-13;2017-01-20 00:00:00;;;;53975.60;;AQUISIÇÃO DE ALIMENTOS PERECÍVEIS, CONFORME ESPECIFICAÇÕES DO ANEXO I DO EDITAL.;;0;;;0;0;0;15047;13;5;;2129;False
licitacoes;001/2017;Pregão Eletrônico;;Homologada;SECRETARIA MUNICIPAL DE DESENVOLVIMENTO SOCIAL;3700;2018-01-03;1;2017063953;2017;2018-05-03;2018-01-16 00:00:00;;;;25739.88;;CONTRATAÇÃO DE EMPRESA ESPECIALIZADA PARA PRESTAÇÃO DE SERVIÇOS PARA CONFECÇÃO DO KIT ALUNO, MATERIAIS GRÁFICOS E PRODUÇÃO DE VÍDEO PARA ATENDER AO PROJETO COQUELINO.;;0;;;0;0;0;19405;13;5;;2129;False
licitacoes;001/2017;Tomada de Preço para Compras e Serviços;;Homologada;FUNDAÇÃO MUNICIPAL DE ESPORTES E LAZER DE PALMAS;1600;2017-05-05;1;2015028087;2017;2017-08-11;2017-05-23 00:00:00;;;;851800.00;;CONTRATAÇÃO DE EMPRESA ESPECIALIZADA PARA A PRESTAÇÃO DE SERVIÇOS DE CONSTRUÇÃO DE UMA PISTA DE CICLISTA BICICROSS BMX-SX NO FORMATO DE SUPERCROSS MODALIDADE CICLISMO PISTA B, LOCALIZADO NA ALCSE, Q. 1506 SUL, VILA OLÍMPICA, CONFORME ESPECIFICAÇÕES E CONDIÇÕES CONSTANTES DESTE EDITAL, SEU TERMO DE REFERÊNCIA E ANEXOS.;;0;;;0;0;0;16610;3;5;;2129;False
licitacoes;001/2017;Concorrência para Compras e Serviços;;Aberta;SECRETARIA MUNICIPAL DE INFRAESTRUTURA E SERVIÇOS PÚBLICOS;3500;2017-01-10;1;2016068595;2017;;2017-02-13 00:00:00;;;;0.00;;REVITALIZAÇÃO DA ORLA DA PRAIA DA GRACIOSA.;;0;;;0;0;0;15050;5;1;;2129;False
licitacoes;001/2017;Pregão Eletrônico;;Homologada;FUNDO MUNICIPAL DOS DIREITOS DA CRIANÇA E DO ADOLESCENTE;1500;2017-01-06;1;2016072843;2017;2017-03-10;2017-01-19 00:00:00;;;;19957.80;;AQUISIÇÃO DE ALIMENTOS PERECÍVEIS(CARNE BOVINA, LINGUIÇA E FRANGO).;;0;;;0;0;0;15046;13;5;;2129;False
licitacoes;001/2017;Pregão Presencial;;Homologada;FUNDAÇÃO CULTURAL DE PALMAS;7100;2017-01-06;1;2016066430;2017;2017-04-10;2017-01-23 00:00:00;;;;15000.00;;CONTRATAÇÃO DE EMPRESA ESPECIALIZADA PARA PRESTAÇÃO DE SERVIÇOS DE PINTURA E REPAROS, COM FORNECIMENTO DE MATERIAIS, NA CASA SUSSUAPARA, LOCALIZADA NO PARQUE CESAMAR EM PALMAS-TO.;;0;;;0;0;0;15048;12;5;;2129;False
licitacoes;<b>Processo </b>2017035650/2017;Tomada de Preço para Compras e Serviços;;Aberta;SECRETARIA MUNICIPAL DE DESENVOLVIMENTO RURAL;3300;2017-09-05;;2017035650;2017;;2017-09-26 00:00:00;;;;0.00;;REFORMA DA FEIRA COBERTA JARDIM AURENY I.;;0;;;0;0;0;18079;3;1;;2129;False
licitacoes;<b>Processo </b>2017036912/2017;Pregão Eletrônico;;Aberta;FUNDO MUNICIPAL DE HABITAÇÃO DE INTERESSE SOCIAL;6500;2017-08-31;;2017036912;2017;;2017-09-18 00:00:00;;;;0.00;;CONTRATAÇÃO DE EMPRESA ESPECIALIZADA NA PRESTAÇÃO DE SERVIÇOS PARA MINISTRAR DIVERSAS PALESTRAS, EVENTOS, ATIVIDADES, PROJETOS E AVALIAÇÃO DE PÓS-OCUPAÇÃO COM FORNECIMENTO DE MATERIAL DIDÁTICO.;;0;;;0;0;0;18010;13;1;;2129;False
licitacoes;<b>Processo </b>2017031397/2017;Registro de Preço;;Homologada;SECRETARIA MUNICIPAL DE INFRAESTRUTURA E SERVIÇOS PÚBLICOS;3500;2017-08-10;;2017031397;2017;2017-09-25;2017-08-10 00:00:00;;;;6330070.00;;A FUTURA AQUISIÇÃO DE PEDRA BRITADA E MARROADA, PÓ DE BRITA DE GRANITO E PEDRISCO DE ROCHA BRITADA, COM TRANSPORTE INCLUSO, CONFORME CONDIÇÕES, QUANTIDADES E EXIGÊNCIAS ESTABELECIDAS NO EDITAL E SEUS ANEXOS;;0;;;0;0;0;17694;90;5;;2129;False
licitacoes;<b>Processo </b>2017027965/2017;Pregão Eletrônico;;Aberta;FUNDO MUNICIPAL DE HABITAÇÃO DE INTERESSE SOCIAL;6500;2017-08-04;;2017027965;2017;;2017-08-18 00:00:00;;;;0.00;;CONTRATAÇÃO DE EMPRESA ESPECIALIZADA NA PRESTAÇÃO DE SERVIÇO DE ADMINISTRAÇÃO DE IMÓVEIS DE TERCEIROS E CONDOMÍNIO, PARA GESTÃO E ADMINISTRAÇÃO DE IMÓVEIS RESIDENCIAIS E CONDOMÍNIO DE PROPRIEDADE DO FUNDO DE ARRENDAMENTO RESIDENCIAL.;;0;;;0;0;0;17757;13;1;;2129;False
licitacoes;<b>Processo </b>2017032330/2017;Pregão Eletrônico;;Homologada;SECRETARIA MUNICIPAL DA SAÚDE;8600;2017-08-03;;2017032330;2017;2017-09-12;2017-08-17 00:00:00;;;;22760.00;;CONTRATAÇÃO DE EMPRESA ESPECIALIZADA NO FORNECIMENTO DE BOTIJÃO DE GÁS, VASILHAME DE 45 KG E CARGA DE GÁS DE COZINHA GLP, 45 KG, PARA ATENDER AS UNIDADES DE ALIMENTAÇÃO E NUTRIÇÃO .;;0;;;0;0;0;17735;13;5;;2129;False
licitacoes;<b>Processo </b>2016069348/2017;Pregão Eletrônico;;Homologada;SECRETARIA MUNICIPAL DA SAÚDE;8600;2017-08-02;;2016069348;2017;2017-10-02;2017-08-18 00:00:00;;;;4441781.40;;OBJETO A FUTURA CONTRATAÇÃO PARA PRESTAÇÃO DE SERVIÇOS DE LIMPEZA HOSPITALAR-ASSEMELHADOS, VISANDO A OBTENÇÃO DE ADEQUADAS CONDIÇÕES DE SALUBRIDADE E HIGIENE EM DEPENDÊNCIAS MÉDICO-HOSPITALARES-ASSEMELHADAS, COM A DISPONIBILIZAÇÃO DE MÃO DE OBRA QUALIFICADA, PRODUTOS SANEANTES DOMISSANITÁRIOS, MATERIAIS E EQUIPAMENTOS, PARA ATENDER AS UNIDADES DE SAÚDE DA SECRETARIA MUNICIPAL DE SAÚDE, CONFORME CONDIÇÕES, QUANTIDADES E EXIGÊNCIAS ESTABELECIDAS NO EDITAL E SEUS ANEXOS.;;0;;;0;0;0;17197;13;5;;2129;False
licitacoes;<b>Processo </b>2017026558/2017;Pregão Eletrônico;;Homologada;SECRETARIA MUNICIPAL DA SAÚDE;8600;2017-08-02;;2017026558;2017;2017-08-28;2017-08-16 00:00:00;;;;15120.00;;AQUISIÇÃO DE FORMAS PARA CONFECÇÃO DE BLOCOS INTERTRAVADOS PARA ATENDER AS UNIDADES DE SAUDE.;;0;;;0;0;0;17721;13;5;;2129;False
licitacoes;<b>Processo </b>2017008190/2017;Pregão Eletrônico;;Homologada;SECRETARIA MUNICIPAL DA SAÚDE;8600;2017-07-25;;2017008190;2017;2017-08-23;2017-08-09 00:00:00;;;;161000.00;;AQUISIÇÃO DE MARMITEX PARA BURITIRANA.;;0;;;0;0;0;17630;13;5;;2129;False
licitacoes;<b>Processo </b>2017031219/2017;Pregão Eletrônico;;Homologada;SECRETARIA MUNICIPAL DA FAZENDA E TRANSFORMAÇÃO DIGITAL;2700;2017-07-18;;2017031219;2017;2017-09-27;2017-07-31 00:00:00;;;;407787.70;;AQUISIÇÃO DE MATERIAL DE COPA E COZINHA.;;0;;;0;0;0;17512;13;5;;2129;False
licitacoes;<b>Processo </b>2017026914/2017;Pregão Eletrônico;;Homologada;FUNDO MUNICIPAL DE CAPACITAÇÃO E APERFEIÇOAMENTO DOS SERVIDORES PÚBLICOS;6900;2017-07-12;;2017026914;2017;2017-08-23;2017-07-26 00:00:00;;;;115000.00;;FORNECIMENTO DE COFFE BREAK ;;0;;;0;0;0;17523;13;5;;2129;False
licitacoes;<b>Processo </b>2017021685/2017;Pregão Eletrônico;;Homologada;SECRETARIA MUNICIPAL DA SAÚDE;8600;2017-07-11;;2017021685;2017;2017-08-29;2017-07-25 00:00:00;;;;14554.57;;AQUISIÇÃO DE MICROSCOPIO PARA A REALIZAÇÃO DE EXAMES LABORATORIAIS ;;0;;;0;0;0;17511;13;5;;2129;False
licitacoes;<b>Processo </b>2017025215/2017;Pregão Eletrônico;;Homologada;SECRETARIA MUNICIPAL DA SAÚDE;8600;2017-07-06;;2017025215;2017;2017-08-08;2017-07-19 00:00:00;;;;105526.90;;AQUISIÇÃO DE EQUIPAMENTOS MÉDICOS E HOSPITALARES, PARA ATENDER AS UNIDADES DA ATENÇÃO SECUNDÁRIA EM SAÚDE  DA SECRETARIA MUNICIPAL DE SAÚDE - FMS;;0;;;0;0;0;17463;13;5;;2129;False
licitacoes;<b>Processo </b>2017026890/2017;Pregão Eletrônico;;Homologada;SECRETARIA MUNICIPAL DE INFRAESTRUTURA E SERVIÇOS PÚBLICOS;3500;2017-06-29;;2017026890;2017;2017-08-21;2017-07-13 00:00:00;;;;275194.05;;AQUISIÇÃO DE MATERIAIS DE IRRIGAÇÃO ;;0;;;0;0;0;17387;13;5;;2129;False
licitacoes;<b>Processo </b>2016066253/2017;Registro de Preço;;Homologada;SECRETARIA MUNICIPAL DE COMUNICAÇÃO;5600;2017-06-28;;2016066253;2017;2017-09-01;2017-07-11 00:00:00;;;;629100.00;;IDENTIDADE VISUAL;;0;;;0;0;0;17383;90;5;;2129;False
licitacoes;<b>Processo </b>2017003767/2017;Pregão Eletrônico;;Aberta;SECRETARIA MUNICIPAL DA SAÚDE;8600;2017-06-13;;2017003767;2017;;2017-06-28 00:00:00;;;;239000.00;;AQUISIÇÃO DE PORCELANATO DE ARGAMASSA ;;0;;;0;0;0;17154;13;1;;2129;False
licitacoes;<b>Processo </b>2017017385/2017;Pregão Eletrônico;;Homologada;SECRETARIA MUNICIPAL DA SAÚDE;8600;2017-06-12;;2017017385;2017;2017-09-05;2017-06-26 00:00:00;;;;417625.06;;A FUTURA AQUISIÇÃO DE MEDICAMENTOS PARA MANUTENÇÃO DAS DEMANDAS JUDICIAIS QUE SE ENCONTRAM ATIVAS NA SECRETARIA MUNICIPAL DE SAÚDE, CONFORME ESPECIFICAÇÕES E QUANTITATIVOS CONSTANTES NESTE EDITAL E SEUS ANEXOS;;0;;;0;0;0;17082;13;5;;2129;False
licitacoes;<b>Processo </b>2017017116/2017;Registro de Preço;;Aberta;FUNDO MUNICIPAL DE  ILUMINAÇÃO PÚBLICA;6300;2017-06-08;;2017017116;2017;;2017-06-22 00:00:00;;;;0.00;;AQUISIÇÃO DE MATERIAIS ELETRICOS ;;0;;;0;0;0;17059;90;1;;2129;False
licitacoes;<b>Processo </b>2017016577/2017;Pregão Eletrônico;;Homologada;SECRETARIA MUNICIPAL DA SAÚDE;8600;2017-06-02;;2017016577;2017;2017-08-29;2017-06-20 00:00:00;;;;447663.80;;A FUTURA AQUISIÇÃO DE MEDICAMENTOS DE CONTROLE ESPECIAL PARA ATENDER AS NECESSIDADES DOS PACIENTES DOS PROGRAMAS DE SAÚDE MENTAL, ELABORADOS E NORMATIZADOS PELO MINISTÉRIO DA SAÚDE, DE EXECUÇÃO EXCLUSIVA DOS CENTROS DE ATENÇÃO PSICOSSOCIAIS, CONFORME RESOLUÇÃO , DE INTERESSE DA SECRETARIA MUNICIPAL DE SAÚDE, CONFORME CONDIÇÕES, QUANTIDADES E EXIGÊNCIAS ESTABELECIDAS NESTE EDITAL E SEUS ANEXOS;;0;;;0;0;0;16826;13;5;;2129;False
licitacoes;<b>Processo </b>2017019381/2017;Pregão Eletrônico;;Homologada;FUNDO MUNICIPAL DE ASSISTÊNCIA SOCIAL;5800;2017-06-01;;2017019381;2017;2017-06-27;2017-05-09 00:00:00;;;;2977.00;;CONTRATAÇÃO DE EMPRESA PARA A LOCAÇÃO DE ONIBUS.;;0;;;0;0;0;16448;13;5;;2129;False
licitacoes;<b>Processo </b>2017018370/2017;Pregão Presencial;;Homologada;SECRETARIA MUNICIPAL DA SAÚDE;8600;2017-06-01;;2017018370;2017;2017-07-04;2017-06-14 00:00:00;;;;21566.00;;AQUISIÇÃO DE CARGA DE GAS DE COZINHA PARA ATENDER A REDE MUNICIPAL.;;0;;;0;0;0;16964;12;5;;2129;False
licitacoes;<b>Processo </b>2017024549/2017;Pregão Eletrônico;;Homologada;SECRETARIA MUNICIPAL DA SAÚDE;8600;2017-06-01;;2017024549;2017;2017-07-27;2017-06-20 00:00:00;;;;16106.98;;AQUISIÇÃO DE INSTRUMENTAL DE ENFERMAGEM, PARA INSERÇÃO DE DIU COMO ALTERNATIVA CONTRACEPTIVA, DE INTERESSE DA SECRETARIA MUNICIPAL DE SAÚDE - FMS.;;0;;;0;0;0;16967;13;5;;2129;False
licitacoes;<b>Processo </b>2017012809/2017;Registro de Preço;;Homologada;SECRETARIA MUNICIPAL DE SEGURANCA E MOBILIDADE URBANA;1200;2017-05-22;;2017012809;2017;2017-06-30;2017-06-02 00:00:00;;;;75750.00;;FORNECIMENTO DE KITS DE TECNOLOGIA EMBARCADA PARA A OTIMIZAÇÃO DAS ATIVIDADES OPERACIONAIS DA GUARDA MUNICIPAL DE PALMAS-TO, CONFORME AS CONDIÇÕES, QUANTIDADES E EXIGÊNCIAS ESTABELECIDAS NO EDITAL E SEUS ANEXOS.;;0;;;0;0;0;17389;90;5;;2129;False
licitacoes;<b>Processo </b>2017016796/2017;Pregão Eletrônico;;Homologada;FUNDO MUNICIPAL DE ASSISTÊNCIA SOCIAL;5800;2017-05-11;;2017016796;2017;2017-07-06;2017-05-25 00:00:00;;;;66478.50;;AQUISIÇÃO DE CESTAS BASICAS DE ALIMENTOS NAO PERECIVEIS.;;0;;;0;0;0;16688;13;5;;2129;False
licitacoes;<b>Processo </b>2017018370/2017;Pregão Eletrônico;;Aberta;SECRETARIA MUNICIPAL DA SAÚDE;8600;2017-05-11;;2017018370;2017;;2017-05-24 00:00:00;;;;0.00;;AQUISIÇÃO DE CARGA DE GÁS DE COZINHA .;;0;;;0;0;0;16696;13;1;;2129;False
licitacoes;<b>Processo </b>2017010239/2017;Pregão Eletrônico;;Homologada;SECRETARIA MUNICIPAL DE INFRAESTRUTURA E SERVIÇOS PÚBLICOS;3500;2017-05-10;;2017010239;2017;2017-07-31;2017-05-25 00:00:00;;;;528509.00;;AQUISIÇÃO DE MATERIAIS HIDRAULICOS .;;0;;;0;0;0;16676;13;5;;2129;False
licitacoes;<b>Processo </b>2017016284/2017;Registro de Preço;;Homologada;FUNDAÇÃO CULTURAL DE PALMAS;7100;2017-05-09;;2017016284;2017;2017-06-19;2017-05-22 00:00:00;;;;936328.00;;EMPRESA ESPECIALIZADA NA PRESTAÇÃO  DE SERVIÇOS DE LOCAÇÃO DE ESTRUTURAS  TEMPORÁRIAS.;;0;;;0;0;0;16672;90;5;;2129;False
licitacoes;<b>Processo </b>2017001787/2017;Tomada de Preço para Compras e Serviços;;Homologada;SECRETARIA MUNICIPAL DE INFRAESTRUTURA E SERVIÇOS PÚBLICOS;3500;2017-05-05;;2017001787;2017;2017-08-30;2017-05-23 00:00:00;;;;705124.20;;CONTRATAÇÃO DE EMPRESA ESPECIALIZADA PARA A PRESTAÇÃO DE SERVIÇOS DE CONSTRUÇÃO DE PRAÇA NO SETOR SANTO AMARO, CONFORME ESPECIFICAÇÕES E CONDIÇÕES CONSTANTES DESTE EDITAL, SEU TERMO DE REFERÊNCIA E ANEXOS;;0;;;0;0;0;16613;3;5;;2129;False
licitacoes;<b>Processo </b>2016072713/2017;Pregão Eletrônico;;Homologada;FUNDAÇÃO MUNICIPAL DE ESPORTES E LAZER DE PALMAS;1600;2017-04-25;;2016072713;2017;2017-05-30;2017-05-09 00:00:00;;;;4100.00;;SERVIÇO DE COMUNICAÇÃO VISUAL;;0;;;0;0;0;16489;13;5;;2129;False
licitacoes;<b>Processo </b>2017018809/2017;Pregão Eletrônico;;Homologada;FUNDO MUNICIPAL DE HABITAÇÃO DE INTERESSE SOCIAL;6500;2017-04-25;;2017018809;2017;2017-05-24;2017-05-10 00:00:00;;;;29600.00;;AQUISIÇÃO DE CONDICIONADOR DE AR TIPO SPLIT PARA ESPAÇO MAIS CULTURA.;;0;;;0;0;0;16491;13;5;;2129;False
licitacoes;<b>Processo </b>2017012347/2017;Pregão Presencial;;Homologada;SECRETARIA MUNICIPAL DE DESENVOLVIMENTO SOCIAL;3700;2017-04-20;;2017012347;2017;2017-05-18;2017-05-05 00:00:00;;;;7900.00;;CONFECÇÃO DE CÓPIA DE CHAVES ;;0;;;0;0;0;16447;12;5;;2129;False
licitacoes;<b>Processo </b>2017019351/2017;Pregão Eletrônico;;Homologada;FUNDO MUNICIPAL DE ASSISTÊNCIA SOCIAL;5800;2017-04-19;;2017019351;2017;2017-06-23;2017-05-05 00:00:00;;;;1545.15;;AQUISIÇÃO DE MATERIAIS DE EXPEDIENTE PARA ATENDIMENTO DO CMAS ;;0;;;0;0;0;16431;13;5;;2129;False
licitacoes;<b>Processo </b>2016072689/2017;Pregão Presencial;;Aberta;SECRETARIA MUNICIPAL DA FAZENDA E TRANSFORMAÇÃO DIGITAL;2700;2017-04-17;;2016072689;2017;;2017-03-31 00:00:00;;;;0.00;;A FUTURA CONTRATAÇÃO DE EMPRESA ESPECIALIZADA EM FORNECIMENTO DE COMBUSTÍVEL: ÓLEO DIESEL B S10 E GASOLINA COMUM, PARA ABASTECIMENTO DA FROTA MUNICIPAL, COM DISPONIBILIZAÇÃO-INSTALAÇÃO DE BOMBAS DIGITAIS, TANQUES PARA ARMAZENAMENTO E SISTEMA DE GERENCIAMENTO DE FROTA, CONFORME ESPECIFICAÇÕES DOS ANEXOS I E II DO EDITAL;;0;;;0;0;0;15774;12;1;;2129;False
licitacoes;<b>Processo </b>2017012674/2017;Pregão Eletrônico;;Homologada;SECRETARIA MUNICIPAL DE DESENVOLVIMENTO RURAL;3300;2017-04-13;;2017012674;2017;2017-06-21;2017-04-28 00:00:00;;;;17100.00;;CONFECÇÃO DE CHAPÉU JUTA NATURAL, TIPO AUSTRALIANO, BORDADO COM LOGOMARCA DA SECRETARIA, CONFORME AS ESPECIFICAÇÕES DO ANEXO I DO EDITAL.;;0;;;0;0;0;16374;13;5;;2129;False
licitacoes;<b>Processo </b>2017010128/2017;Pregão Eletrônico;;Aberta;SECRETARIA MUNICIPAL DA SAÚDE;8600;2017-04-11;;2017010128;2017;;2017-04-28 00:00:00;;;;0.00;;DEMANDA JUDICIAL LEILIANE LAUREANO;;0;;;0;0;0;16345;13;1;;2129;False
licitacoes;<b>Processo </b>2017010128/2017;Pregão Eletrônico;;Homologada;SECRETARIA MUNICIPAL DA SAÚDE;8600;2017-04-11;;2017010128;2017;2017-06-14;2017-04-28 00:00:00;;;;12438.00;;DEMANDA JUDICIAL LEILIANE SILVA LAUREANO;;0;;;0;0;0;16349;13;5;;2129;False
licitacoes;<b>Processo </b>2017011545/2017;Pregão Eletrônico;;Homologada;SECRETARIA MUNICIPAL DA SAÚDE;8600;2017-04-07;;2017011545;2017;2017-09-27;2017-04-27 00:00:00;;;;44258.94;;AQUISIÇÃO DE JOGOS E BRINQUEDOS EDUCATIVOS ;;0;;;0;0;0;16305;13;5;;2129;False
licitacoes;<b>Processo </b>2017003370/2017;Pregão Eletrônico;;Homologada;SECRETARIA MUNICIPAL DA SAÚDE;8600;2017-03-27;;2017003370;2017;2017-05-25;2017-03-28 00:00:00;;;;44950.00;;FORNECIMENTO DE AGUA MINERAL E GELO.;;0;;;0;0;0;16811;13;5;;2129;False
licitacoes;<b>Processo </b>2017006840/2017;Pregão Eletrônico;;Aberta;SECRETARIA MUNICIPAL DE INFRAESTRUTURA E SERVIÇOS PÚBLICOS;3500;2017-03-23;;2017006840;2017;;2017-04-06 00:00:00;;;;0.00;;"SOLUÇÃO AQUOSA  DE 32,5% DE UREIA DE ALTO GRAU DE PUREZA  EM ÁGUA DESMINERALIZADA; TRANSPARENTE, NÃO TÓXICA REDUTORA TIPO ARLA32 - GALÃO COM 20L(VINTE LITROS)";;0;;;0;0;0;15322;13;1;;2129;False
licitacoes;<b>Processo </b>2017008040/2017;Pregão Eletrônico;;Homologada;SECRETARIA MUNICIPAL DE DESENVOLVIMENTO RURAL;3300;2017-03-22;;2017008040;2017;2017-06-08;2017-04-04 00:00:00;;;;45000.00;;A CONTRATAÇÃO DE EMPRESA ESPECIALIZADA, PARA EXECUTAR SERVIÇOS DE LABORATÓRIO DE ANÁLISE DE SOLO, PARA ATENDER AOS PROJETOS PRODUTIVOS DOS PRODUTORES RURAIS DO MUNICÍPIO DE PALMAS-TO, CONFORME AS ESPECIFICAÇÕES DO ANEXO I DO EDITAL;;0;;;0;0;0;15918;13;5;;2129;False
licitacoes;<b>Processo </b>2016074240/2017;Pregão Presencial;;Homologada;FUNDO MUNICIPAL DE  ILUMINAÇÃO PÚBLICA;6300;2017-03-20;;2016074240;2017;2017-05-15;2017-05-04 00:00:00;;;;203000.00;;CONTRATAÇÃO DE EMPRESA ESPECIALIZADA PARA PRESTAÇÃO DE SERVIÇOS DE REMOÇÃO DE POSTES DE CONCRETO E DEVOLUÇÃO A ENERGISA, CONFORME CONDIÇÕES, QUANTIDADES E EXIGÊNCIAS ESTABELECIDAS NO EDITAL E SEUS ANEXOS.;;0;;;0;0;0;15319;12;5;;2129;False
licitacoes;<b>Processo </b>2016072842/2017;Pregão Eletrônico;;Homologada;FUNDO MUNICIPAL DOS DIREITOS DA CRIANÇA E DO ADOLESCENTE;1500;2017-02-23;;2016072842;2017;2017-04-25;2017-03-10 00:00:00;;;;79733.77;;AQUISIÇÃO DE GÊNEROS ALIMENTÍCIOS NÃO PERECÍVEIS PARA ATENDER A CASA ABRIGO RAIO DE SOL E CASA DE ACOLHIDA, EM CONFORMIDADE COM AS DISPOSIÇÕES DO ESTATUTO DA CRIANÇA E DO ADOLESCENTE ;;0;;;0;0;0;15265;13;5;;2129;False
licitacoes;<b>Processo </b>2016063568/2017;Pregão Eletrônico;;Homologada;SECRETARIA MUNICIPAL DA SAÚDE;8600;2017-02-23;;2016063568;2017;2017-06-20;2017-03-13 00:00:00;;;;410394.04;;AQUISIÇÃO DE MATERIAIS E INSUMOS DE LABORATÓRIO PARA ATENDER A DEMANDA DO LABORATÓRIO DE ANÁLISES CLÍNICAS, LABORATÓRIO UNIVERSITÁRIO DO CEULP ULBRA,  CONVENIADO A REDE MUNICIPAL DE SAÚDE DE PALMAS   TO, CONFORME ESPECIFICAÇÕES DO ANEXO I DO EDITAL;;0;;;0;0;0;15313;13;5;;2129;False
licitacoes;<b>Processo </b>2016063261/2017;Pregão Eletrônico;;Aberta;SECRETARIA MUNICIPAL DE INFRAESTRUTURA E SERVIÇOS PÚBLICOS;3500;2017-01-09;;2016063261;2017;;2017-01-24 00:00:00;;;;0.00;;REGISTRO DE PREÇO PARA FUTURA AQUSIÇÃO DE GRAMA ESMERALDA. ;;0;;;0;0;0;15049;13;1;;2129;False
licitacoes;143/2016;Pregão Eletrônico;;Aberta;SECRETARIA MUNICIPAL DE SEGURANCA E MOBILIDADE URBANA;1200;2016-12-28;143;2016069646;2016;;2017-01-11 00:00:00;;;;21560.00;;CONTRATAÇÃO DE EMPRESA ESPECIALIZADA PARA REALIZAÇÃO DE AVALIAÇÃO PSICOLÓGICA DOS GUARDAS METROPOLITANOS, POR MEIO DE  LAUDO, PARA RENOVAÇÃO E/OU AQUISIÇÃO DE REGISTRO DO USO DE ARMA DE FOGO, CONFORME ESPECIFICAÇÕES DO ANEXO I DO EDITAL.;;0;;;0;0;0;14981;13;1;;2129;False
licitacoes;141/2016;Pregão Eletrônico;;Aberta;SECRETARIA MUNICIPAL DE GOVERNO E RELAÇÕES INSTITUCIONAIS;7900;2016-12-01;141;2016051521;2016;;2016-12-19 00:00:00;;;;19840.00;;A CONTRATAÇÃO DE EMPRESA ESPECIALIZADA EM SERVIÇOS DE FORNECIMENTO DE ALIMENTAÇÃO, TIPO MARMITEX, CONFORME ESPECIFICAÇÕES DO ANEXO I.;;0;;;0;0;0;14740;13;1;;2129;False
licitacoes;139/2016;Pregão Eletrônico;;Aberta;FUNDO MUNICIPAL DE ASSISTÊNCIA SOCIAL;5800;2016-11-25;139;2016058243;2016;;2016-12-12 00:00:00;;;;99302.20;;AQUISIÇÃO DE MATERIAL DE LIMPEZA PARA ATENDER AS ATIVIDADES DESENVOLVIDAS PELOS CENTROS DE ASSISTÊNCIA  SOCIAL - CRAS.;;0;;;0;0;0;14640;13;1;;2129;False
licitacoes;134/2016;Pregão Eletrônico;;Homologada;SECRETARIA MUNICIPAL DA SAÚDE;8600;2016-11-10;134;2016061525;2016;2016-12-20;2016-11-25 00:00:00;;;;2881.56;;CONTRATAÇÃO DE EMPRESA PARA REALIZAR SERVIÇOS DE MONITORAMENTO INDIVIDUAL - DOSIMETRO;;0;;;0;0;0;14489;13;5;;2129;False
licitacoes;133/2016;Pregão Eletrônico;;Homologada;SECRETARIA MUNICIPAL DA SAÚDE;8600;2016-11-08;133;2016050859;2016;2017-03-22;2016-11-23 00:00:00;;;;202300.00;;A FUTURA CONTRATAÇÃO DE EMPRESA PARA FORNECIMENTO CONTÍNUO DE CARGA DE OXIGÊNIO MEDICINAL DESTINADOS PARA AS UNIDADES DA REDE MUNICIPAL DE SAÚDE, POLICLÍNICAS, SAMU, UPA NORTE, UPA SUL E PACIENTES DOMICILIARES, CONFORME ESPECIFICAÇÕES DO ANEXO I.;;0;;;0;0;0;14492;13;5;;2129;False
licitacoes;132/2016;Pregão Eletrônico;;Homologada;FUNDO MUNICIPAL DE HABITAÇÃO DE INTERESSE SOCIAL;6500;2016-11-08;132;2016053033;2016;2016-12-13;2016-11-23 00:00:00;;;;90750.00;;AQUISIÇÃO DE EQUIPAMENTO ELETRÔNICOS E DE INFORMÁTICA.;;0;;;0;0;0;14476;13;5;;2129;False
licitacoes;130/2016;Pregão Eletrônico;;Homologada;FUNDAÇÃO CULTURAL DE PALMAS;7100;2016-11-17;130;2016063536;2016;2017-07-20;2016-11-30 00:00:00;;;;5037.00;;A AQUISIÇÃO E INSTALAÇÃO DE CENTRAL DE ALARME E MONITORAMENTO PARA A CASA SUSSUAPARA, LOCALIZADA NO PARQUE CESAMAR EM PALMAS/TO, CONFORME ESPECIFICAÇÕES DO ANEXO I E ANEXO A DESTE EDITAL.;;0;;;0;0;0;14465;13;5;;2129;False
licitacoes;128/2016;Pregão Eletrônico;;Homologada;SECRETARIA MUNICIPAL DA SAÚDE;8600;2016-10-28;128;2016061042;2016;2016-12-05;2016-11-14 00:00:00;;;;1360.00;;A CONTRATAÇÃO DE EMPRESA ESPECIALIZADA EM CONFECÇÃO DE COLETES PARA ATENDER AO PROGRAMA CONSULTÓRIO NA RUA, CONFORME ESPECIFICAÇÕES DO ANEXO I DO EDITAL.;;0;;;0;0;0;14402;13;5;;2129;False
licitacoes;126/2016;Pregão Eletrônico;;Homologada;FUNDO MUNICIPAL DE ASSISTÊNCIA SOCIAL;5800;2016-10-26;126;2016058245;2016;2017-01-02;2016-11-14 00:00:00;;;;52007.42;;A AQUISIÇÃO DE MATERIAIS DE LIMPEZA;;0;;;0;0;0;14355;13;5;;2129;False
licitacoes;124/2016;Pregão Eletrônico;;Homologada;SECRETARIA MUNICIPAL DA SAÚDE;8600;2016-10-24;124;2016048699;2016;2017-03-21;2016-11-09 00:00:00;;;;1120538.00;;A FUTURA AQUISIÇÃO DE MEDICAMENTOS ESSENCIAIS, TAIS COMO: BUDESONIDA, DIPROPIONATO DE BECLOMETASONA, ESCOPOLAMINA, GLICAZIDA, ENTRE OUTROS, PARA ATENDER A REDE MUNICIPAL DE SAÚDE, CONFORME ESPECIFICAÇÕES DO ANEXO I DO EDITAL;;0;;;0;0;0;14338;13;5;;2129;False
licitacoes;123/2016;Pregão Eletrônico;;Homologada;SECRETARIA MUNICIPAL DA EDUCAÇÃO;2900;2016-10-14;123;2016037782;2016;2016-11-25;2016-10-28 00:00:00;;;;112110.27;;AQUISIÇÃO DE GÊNEROS ALIMENTÍCIOS.;;0;;;0;0;0;14230;13;5;;2129;False
licitacoes;122/2016;Pregão Eletrônico;;Homologada;SECRETARIA MUNICIPAL DE DESENVOLVIMENTO RURAL;3300;2016-10-10;122;2016052345;2016;2017-04-05;2016-10-24 00:00:00;;;;399980.00;;AQUISIÇÃO DE ADUBOS ORGÂNICOS PARA HORTAS COMUNITÁRIAS, CONFORME ANEXO I DO EDITAL.;;0;;;0;0;0;14167;13;5;;2129;False
licitacoes;120/2016;Pregão Eletrônico;;Homologada;FUNDO MUNICIPAL DE ASSISTÊNCIA SOCIAL;5800;2016-10-04;120;2016047598;2016;2017-05-05;2016-10-20 00:00:00;;;;47500.80;;CONTRATAÇÃO DE EMPRESA ESPECIALIZADA PARA AQUISIÇÃO DE EQUIPAMENTOS ATIVOS DE REDES DE TRANSPORTES DE DADOS E VOZ E SERVIÇOS DE INSTALAÇÃO CORRELATOS CONFORME O ANEXO 1 E 2 DO EDITAL.;;0;;;0;0;0;14150;13;5;;2129;False
licitacoes;115/2016;Pregão Eletrônico;;Homologada;SECRETARIA MUNICIPAL DA FAZENDA E TRANSFORMAÇÃO DIGITAL;2700;2016-09-20;115;2016018030;2016;2017-04-05;2016-10-04 00:00:00;;;;2012850.00;;AQUISIÇÃO DE EQUIPAMENTOS ELETRÔNICOS E DE INFORMÁTICA (NOBREAKS, SERVIDORES, NOTEBOOK E ESTAÇÃO DE TRABALHO).;;0;;;0;0;0;14068;13;5;;2129;False
licitacoes;110/2016;Pregão Eletrônico;;Homologada;SECRETARIA MUNICIPAL DA SAÚDE;8600;2016-09-06;110;2016052557;2016;2016-10-17;2016-09-06 00:00:00;;;;18300.00;;A CONTRATAÇÃO DE EMPRESA ESPECIALIZADA NA EXECUÇÃO DE SERVIÇO DE LIMPEZA E CONSERVAÇÃO DAS PISCINAS DO CENTRO DE ATENÇÃO PSICOSSOCIAL CAPS II, CENTRO DE ATENÇÃO PSICOSSOCIAL ÁLCOOL E DROGAS  CAPS AD III E CENTRO DE REFERÊNCIA EM FISIOTERAPIA DA REGIÃO SUL  CREFI SUL, NO MUNICÍPIO DE PALMAS  TO, INCLUINDO O FORNECIMENTO DE MÃO-DE-OBRA, MATERIAIS, EQUIPAMENTOS, FERRAMENTAS E UTENSÍLIOS NECESSÁRIOS PARA EXECUÇÃO DO SERVIÇO, CONFORME ESPECIFICAÇÕES DO ANEXO I DO EDITAL.;;0;;;0;0;0;13918;13;5;;2129;False
licitacoes;108/2016;Pregão Eletrônico;;Homologada;SECRETARIA MUNICIPAL DE DESENVOLVIMENTO SOCIAL;3700;2016-09-02;108;2016044360;2016;2016-10-04;2016-09-20 00:00:00;;;;19216.00;;CONTRATAÇÃO DE EMPRESA ESPECIALIZADA EM MANUTENÇÃO, CONSERVAÇÃO E LIMPEZA DAS PISCINAS DO PARQUE DO IDOSO.;;0;;;0;0;0;13849;13;5;;2129;False
licitacoes;104/2016;Pregão Eletrônico;;Aberta;SECRETARIA MUNICIPAL DA EDUCAÇÃO;2900;2016-08-29;104;2016045837;2016;;2016-09-13 00:00:00;;;;;;CONTRATAÇÃO DE EMPRESA ESPECIALIZADA EM SERVIÇOS DE REPRODUÇÃO DE CADERNO DO CAMPO;;0;;;0;0;0;13807;13;1;;2129;False
licitacoes;103/2016;Pregão Eletrônico;;Homologada;INSTITUTO DE PREVIDÊNCIA SOCIAL DO MUNICÍPIO DE PALMAS;6100;2016-08-29;103;2016048471;2016;2016-10-31;2016-09-14 00:00:00;;;;1125.20;;SERVIÇOS GRÁFICOS, PARA CONFECÇÃO DE CERTIFICADO PARA EMISSÃO POR TEMPO DE CONTRIBUÍÇÃO.;;0;;;0;0;0;13809;13;5;;2129;False
licitacoes;101/2016;Pregão Eletrônico;;Homologada;SECRETARIA MUNICIPAL DE INFRAESTRUTURA E SERVIÇOS PÚBLICOS;3500;2016-08-25;101;2016045004;2016;2016-10-21;2016-09-13 00:00:00;;;;13910000.00;;AQUISIÇÃO DE MATERIAL BETUMINOSO, DESTINADO À PAVIMENTAÇÃO ASFÁLTICA, RECUPERAÇÃO DE PAVIMENTOS E TAPA BURACOS.;;0;;;0;0;0;13785;13;5;;2129;False
licitacoes;100/2016;Pregão Eletrônico;;Homologada;SECRETARIA MUNICIPAL DE GOVERNO E RELAÇÕES INSTITUCIONAIS;7900;2016-08-19;100;2016032520;2016;2016-09-29;2016-09-02 00:00:00;;;;1520.00;;CONTRATAÇÃO DE EMPRESA ESPECIALIZADA EM CONFECÇÃO DE UNIFORMES PARA ATENDER À 20 BENEFICIÁRIOS DO PROJETO PALMAS QUE TE ACOLHE;;0;;;0;0;0;13698;13;5;;2129;False
licitacoes;099/2016;Pregão Eletrônico;;Homologada;SECRETARIA MUNICIPAL DA EDUCAÇÃO;2900;2016-08-18;99;2015029728;2016;2016-09-16;2016-09-01 00:00:00;;;;24581.27;;CONTRATAÇÃO DE EMPRESA ESPECIALIZADA EM PRESTAÇÃO DE SERVIÇOS DE SEGUROS DE VEÍCULOS DA FROTA ESCOLAR (ÔNIBUS ESCOLAR);;0;;;0;0;0;11435;13;5;;2129;False
licitacoes;098/2016;Pregão Eletrônico;;Homologada;SECRETARIA MUNICIPAL DA SAÚDE;8600;2016-08-17;98;2016036643;2016;2016-09-15;2016-08-30 00:00:00;;;;100000.00;;À CONTRATAÇÃO DE EMPRESA ESPECIALIZADA PARA EXECUÇÃO DOS SERVIÇOS DE MANUTENÇÃO PREVENTIVA E CORRETIVA NAS REDES DE GASES MEDICINAIS, CENTRAIS DE AR COMPRIMIDO E VÁCUO, INCLUINDO O FORNECIMENTO DE PEÇAS, MATERIAIS E INSUMOS, COM GARANTIA PELOS SERVIÇOS PRESTADOS;;0;;;0;0;0;13616;13;5;;2129;False
licitacoes;097/2016;Pregão Eletrônico;;Homologada;SECRETARIA MUNICIPAL DE DESENVOLVIMENTO RURAL;3300;2016-08-15;97;2016044557;2016;2016-09-21;2016-08-26 00:00:00;;;;15282.50;;AQUISIÇÃO DE MATERIAIS E EQUIPAMENTOS PARA SEREM UTILIZADOS NA ÁREA DE PISCICULTURA.;;0;;;0;0;0;13603;13;5;;2129;False
licitacoes;096/2016;Pregão Eletrônico;;Homologada;FUNDAÇÃO CULTURAL DE PALMAS;7100;2016-08-12;96;2016039274;2016;2016-09-23;2016-08-30 00:00:00;;;;29095.00;;CONTRATAÇÃO DE EMPRESA ESPECIALIZADA NA CRIAÇÃO, EDIÇÃO E MONTAGEM DE CATÁLOGO.;;0;;;0;0;0;13604;13;5;;2129;False
licitacoes;095/2016;Pregão Eletrônico;;Homologada;FUNDO MUNICIPAL DE ASSISTÊNCIA SOCIAL;5800;2016-08-11;95;2016037894;2016;2016-09-30;2016-08-25 00:00:00;;;;35700.00;;CONTRATAÇÃO DE EMPRESA ESPECIALIZADA EM LOCAÇÃO DE TENDAS, PARA ATENDER A DEMANDA DOS CRAS DA SECRETARIA MUNICIPAL DE DESENVOLVIMENTO SOCIAL - FMAS.;;0;;;0;0;0;13573;13;5;;2129;False
licitacoes;093/2016;Pregão Eletrônico;;Homologada;SECRETARIA MUNICIPAL DA SAÚDE;8600;2016-08-04;93;2016048621;2016;2016-09-05;2016-08-19 00:00:00;;;;9488.80;;AQUISIÇÃO DE MEDICAMENTOS ESPECIFICOS PARA USO VETERINARIO EM ANIMAIS ATENDIDOS NA UNIDADE DE VIGILANCIA E CONTROLE DE ZOONOSES;;0;;;0;0;0;13537;13;5;;2129;False
licitacoes;092/2016;Pregão Eletrônico;;Aberta;SECRETARIA MUNICIPAL DE DESENVOLVIMENTO SOCIAL;3700;2016-08-04;92;2016036984;2016;;2016-08-19 00:00:00;;;;34536.00;;A CONTRATAÇÃO DE EMPRESA PARA INSTALAÇÃO DE REDE DE TELECOMUNICAÇÃO E LÓGICA DO PARQUE DO IDOSO, CONFORME ESPECIFICAÇÕES DO ANEXO I DO EDITAL.;;0;;;0;0;0;13522;13;1;;2129;False
licitacoes;091/2016;Pregão Eletrônico;;Homologada;SECRETARIA MUNICIPAL DA SAÚDE;8600;2016-08-18;91;2016020700;2016;2017-03-23;2016-08-31 00:00:00;;;;533207.50;;"2ª PUBLICAÇÃO - CONSTITUI O OBJETO DA PRESENTE LICITAÇÃO CONTRATAÇÃO DE EMPRESA  DE ENGENHARIA ESPECIALIZADA EM MANUTENÇÃO PREDIAL DE SERVIÇOS CONTÍNUOS DE OPERAÇÃO, SUPERVISÃO, ASSESSORAMENTO TÉCNICO , PREVENTIVA E CORRETIVA, COM FORNECIMENTO DE MÃO DE OBRA ESPECIALIZADA, QUE ENGLOBARÁ; INSTALAÇÕES ELÉTRICAS, REDE ESTABILIZADA E LÓGICA, INSTALAÇÕES HIDRÁULICAS/BOMBAS, SANITÁRIAS, INSTALAÇÕES CIVIS, EM 65(SESSENTA E CINCO) IMÓVEIS CONFORME ANEXO I E II DO EDITAL, PARA FORMAÇÃO DE REGISTRO DE PREÇO, ONDE ESTÃO SEDIADAS AS UNIDADES DE SAÚDE E ADMINISTRATIVAS DA SECRETARIA DA SAÚDE DO MUNICÍPIO DE PALMAS, CONFORME ESPECIFICAÇÕES DO EDITAL E SEUS ANEXOS.";;0;;;0;0;0;13516;13;5;;2129;False
licitacoes;090/2016;Pregão Eletrônico;;Homologada;FUNDO MUNICIPAL DE ASSISTÊNCIA SOCIAL;5800;2016-08-02;90;2016033569;2016;2016-08-29;2016-08-17 00:00:00;;;;64400.00;;CONTRATAÇÃO DE EMPRESA ESPECIALIZADA EM SERVIÇOS DE LOCAÇÃO DE ÔNIBUS, PARA ATENDER DEMANDAS DA SECRETARIA MUNICIPAL DE DESENVOLVIMENTO SOCIAL. ;;0;;;0;0;0;13508;13;5;;2129;False
licitacoes;089/2016;Pregão Eletrônico;;Homologada;SECRETARIA MUNICIPAL DE DESENVOLVIMENTO SOCIAL;3700;2016-09-05;89;2016044592;2016;2016-10-20;2016-09-21 00:00:00;;;;34170.00;;2ª PUBLICAÇÃO - AQUISIÇÃO DE ESTRUTURAS AÇO  INOX PARA SEREM INSTALADAS REFORÇANDO A SEGURANÇA DOS USUÁRIOS DA PISCINA E BANHEIRO DO PARQUE DO IDOSO CONFORME ESPECIFICAÇÕES DO ANEXO I DO EDITAL;;0;;;0;0;0;13506;13;5;;2129;False
licitacoes;087/2016;Pregão Eletrônico;;Homologada;SECRETARIA MUNICIPAL DA SAÚDE;8600;2016-07-27;87;2016046607;2016;2016-09-06;2016-08-12 00:00:00;;;;24000.00;;AQUISIÇÃO DE PROTETOR SOLAR PARA OS AGENTES COMUNITÁRIOS DE SAÚDE.;;0;;;0;0;0;13450;13;5;;2129;False
licitacoes;085/2016;Pregão Eletrônico;;Homologada;FUNDO MUNICIPAL DOS DIREITOS DA CRIANÇA E DO ADOLESCENTE;1500;2016-07-27;85;2016043878;2016;2016-08-24;2016-08-10 00:00:00;;;;8752.94;;AQUISIÇÃO DE MATERIAL DE LIMPEZA;;0;;;0;0;0;13427;13;5;;2129;False
licitacoes;082/2016;Pregão Eletrônico;;Aberta;FUNDO MUNICIPAL DOS DIREITOS DA CRIANÇA E DO ADOLESCENTE;1500;2016-08-09;82;2016043993;2016;;2016-08-09 00:00:00;;;;;;AQUISIÇÃO DE MATERIAL DE HIGIENE PARA ATENDER DEMANDA DA CASA ABRIGO E CASA ACOLHIDA.;;0;;;0;0;0;13428;13;1;;2129;False
licitacoes;081/2016;Pregão Eletrônico;;Homologada;SECRETARIA MUNICIPAL DA SAÚDE;8600;2016-07-12;81;2016034009;2016;2016-08-19;2016-07-25 00:00:00;;;;5134.46;;A CONTRATAÇÃO DE EMPRESA ESPECIALIZADA PARA PRESTAÇÃO DE SERVIÇOS DE SEGUROS DOS VEÍCULOS MICRO ÔNIBUS PERTENCENTES A FROTA DA SECRETARIA MUNICIPAL DE SAÚDE FMS, CONFORME ANEXO I DO EDITAL.;;0;;;0;0;0;13235;13;5;;2129;False
licitacoes;080/2016;Pregão Eletrônico;;Homologada;SECRETARIA MUNICIPAL DA SAÚDE;8600;2016-07-12;80;2016030353;2016;2016-08-12;2016-07-25 00:00:00;;;;32171.32;;A AQUISIÇÃO DE INSUMOS PARA ATIVIDADES FUNCIONAIS DOS LABORATÓRIOS DA GERÊNCIA DE CONTROLE EM VIGÊNCIA DE ZOONOSES E GERÊNCIA DE VIGILÂNCIA AMBIENTAL DA SECRETARIA MUNICIPAL DE SAÚDE DE PALMAS - TO, CONFORME ESPECIFICAÇÕES DO ANEXO I DO EDITAL.;;0;;;0;0;0;13229;13;5;;2129;False
licitacoes;079/2016;Pregão Eletrônico;;Homologada;SECRETARIA MUNICIPAL DA SAÚDE;8600;2016-08-10;79;2016025033;2016;2016-09-28;2016-08-23 00:00:00;;;;424000.00;;2ª PUBLICAÇÃO - O REGISTRO DE PREÇOS VISANDO A FUTURA CONTRATAÇÃO DE EMPRESA ESPECIALIZADA EM PRESTAÇÃO DE SERVIÇOS DE MANUTENÇÃO (PREVENTIVA E CORRETIVA), COM REPOSIÇÃO DE PEÇAS ORIGINAIS EM EQUIPAMENTO MÉDICOS HOSPITALARES, PARA ATENDER AS DEMANDAS DA SECRETARIA MUNICIPAL DE SAÚDE- FMS.;;0;;;0;0;0;13212;13;5;;2129;False
licitacoes;078/2016;Pregão Eletrônico;;Homologada;SECRETARIA MUNICIPAL DA SAÚDE;8600;2016-08-17;78;2016019561;2016;2017-03-15;2016-08-18 00:00:00;;;;4403961.50;; AQUISIÇÃO DE MATERIAIS DE ENFERMAGEM (ATADURA DE CREPOM, LUVAS CIRÚRGICA, COLETOR INFANTIL, PAPEL GRAU CIRÚRGICO E OUTROS) PARA ATENDER AS NECESSIDADES DAS UNIDADES DE SAÚDE DA FAMÍLIA, CENTRO DE REFERÊNCIA, PRONTOS ATENDIMENTOS E SAMU, CONFORME ESPECIFICAÇÕES DO ANEXO I DO EDITAL.;;0;;;0;0;0;13220;13;5;;2129;False
licitacoes;075/2016;Pregão Eletrônico;;Homologada;SECRETARIA MUNICIPAL DA SAÚDE;8600;2016-07-06;75;2016019627;2016;2016-08-23;2016-07-19 00:00:00;;;;123800.00;;CONTRATAÇÃO DE EMPRESA ESPECIALIZADA EM EXECUÇÃO DE SERVIÇOS, SOB DEMANDA, COM FORNECIMENTO DE MATERIAIS, OBJETIVANDO A COLOCAÇÃO DE VIDROS, ESPELHOS, ACESSÓRIOS E SERVIÇOS AFINS.;;0;;;0;0;0;13173;13;5;;2129;False
licitacoes;074/2016;Pregão Eletrônico;;Homologada;SECRETARIA MUNICIPAL DA FAZENDA E TRANSFORMAÇÃO DIGITAL;2700;2016-08-22;74;2016033946;2016;2016-10-20;2016-09-05 00:00:00;;;;509081.60;;2ª PUBLICAÇÃO - AQUISIÇÃO DE EQUIPAMENTOS DE INFORMÁTICA PARA A CENTRAL DE ATENDIMENTO AO CIDADÃO - RESOLVE PALMAS;;0;;;0;0;0;13055;13;5;;2129;False
licitacoes;073/2016;Pregão Eletrônico;;Homologada;FUNDAÇÃO CULTURAL DE PALMAS;7100;2016-06-30;73;2016039273;2016;2016-08-01;2016-07-15 00:00:00;;;;15900.00;;CONTRATAÇÃO DE EMPRESA ESPECIALIZADA EM FORNECIMENTO DE ALIMENTAÇÃO (ALMOÇO E BUFFET);;0;;;0;0;0;13053;13;5;;2129;False
licitacoes;072/2016;Pregão Eletrônico;;Homologada;FUNDO MUNICIPAL DE ASSISTÊNCIA SOCIAL;5800;2016-06-29;72;2016009185;2016;2016-07-20;2016-05-19 00:00:00;;;;98373.60;;AQUISIÇÃO DE CESTAS BÁSICAS ;;0;;;0;0;0;11992;13;5;;2129;False
licitacoes;071/2016;Pregão Eletrônico;;Homologada;SECRETARIA MUNICIPAL DA SAÚDE;8600;2016-06-29;71;2016027933;2016;2016-08-10;2016-07-13 00:00:00;;;;346082.00;;AQUISIÇÃO DE MATERIAIS PARA ATENDER DEMANDAS JUDICIAIS .;;0;;;0;0;0;13041;13;5;;2129;False
licitacoes;070/2016;Pregão Eletrônico;;Homologada;SECRETARIA MUNICIPAL DA SAÚDE;8600;2016-06-29;70;2016016941;2016;2016-08-30;2016-07-12 00:00:00;;;;3606806.70;;AQUISIÇÃO DE MATERIAIS PARA ATENDER AS NECESSIDADES DAS UNIDADES DE SAUDE DA FAMILIA, CENTROS DE REFERENCIA, PONTOS DE ATENDIMENTO E SAMU.;;0;;;0;0;0;13043;13;5;;2129;False
licitacoes;066/2016;Pregão Eletrônico;;Homologada;SECRETARIA MUNICIPAL DA SAÚDE;8600;2016-05-30;66;2016032089;2016;2016-09-27;2016-06-10 00:00:00;;;;24075.00;;CONTRATAÇÃO DE EMPRESA PARA PRESTAÇÃO DE SERVIÇOS DE RECARGAS DE EXTINTORES DE INCÊNDIO, PARA REGISTRO DE PREÇOS, CONFORME ESPECIFICAÇÕES DOS ANEXOS I E II DO EDITAL.;;0;;;0;0;0;12507;13;5;;2129;False
licitacoes;064/2016;Pregão Eletrônico;;Homologada;SECRETARIA MUNICIPAL DE INFRAESTRUTURA E SERVIÇOS PÚBLICOS;3500;2016-05-25;64;2016020821;2016;2016-06-24;2016-06-08 00:00:00;;;;95920.00;;CONTRATAÇÃO DE EMPRESA ESPECIALIZADA PARA AQUISIÇÃO DE EQUIPAMENTOS ATIVOS DE REDE DE TRANSPORTE DE DADOS E VOZ E SERVIÇOS DE INSTALAÇÃO CORRELATOS, CONFORME ESPECIFICAÇÕES NOS ANEXOS I E II DO EDITAL.;;0;;;0;0;0;12485;13;5;;2129;False
licitacoes;063/2016;Pregão Eletrônico;;Homologada;FUNDAÇÃO CULTURAL DE PALMAS;7100;2016-05-25;63;2016024213;2016;2016-09-06;2016-06-14 00:00:00;;;;66475.00;;CONTRATAÇÃO DE EMPRESA ESPECIALIZADA EM SERVIÇOS DE BUFFET (COQUETEL, COFFEE BREAK, ALMOÇO, JANTAR E OUTROS);;0;;;0;0;0;12481;13;5;;2129;False
licitacoes;061/2016;Pregão Eletrônico;;Aberta;SECRETARIA MUNICIPAL DE DESENVOLVIMENTO ECONÔMICO E EMPREGO;2600;2016-05-16;61;2015060604;2016;;2016-05-31 00:00:00;;;;90125.00;;CONTRATAÇÃO DE EMPRESA ESPECIALIZADA PARA O FORNECIMENTO DE KITS(BLOCO, CANETA, CAMISETA E PASTA), PARA ATENDER OS CURSOS DO PROJETO DESENVOLVE PALMAS.;;0;;;0;0;0;12244;13;1;;2129;False
licitacoes;059/2016;Pregão Eletrônico;;Homologada;FUNDAÇÃO CULTURAL DE PALMAS;7100;2016-04-28;59;2016023095;2016;2016-06-01;2016-05-12 00:00:00;;;;19328.92;;CONTRATAÇÃO DE EMPRESA ESPECIALIZADA EM PRESTAÇÃO DE SERVIÇOS DE COMUNICAÇÃO PARA ATENDER AO EVENTO DAS CELEBRAÇÕES NAS CIDADES DO REVEZAMENTO DA TOCHA OLÍMPICA E PARAOLÍMPICA.;;0;;;0;0;0;11894;13;5;;2129;False
licitacoes;058/2016;Pregão Eletrônico;;Homologada;FUNDAÇÃO CULTURAL DE PALMAS;7100;2016-04-26;58;2016023096;2016;2016-06-01;2016-05-11 00:00:00;;;;25251.23;;CONTRATAÇÃO DE EMPRESA ESPECIALIZADA NA PRESTAÇÃO DE SERVIÇOS TÉCNICOS PROFISSIONAIS PARA ATENDER AO EVENTO DAS CELEBRAÇÕES NAS CIDADES DO REVEZAMENTO DA TOCHA OLÍMPICA E PARALÍMPICA, EM PALMAS, CONFORME ESPECIFICAÇÕES NOS ANEXOS I E II.;;0;;;0;0;0;11832;13;5;;2129;False
licitacoes;057/2016;Pregão Eletrônico;;Homologada;FUNDAÇÃO CULTURAL DE PALMAS;7100;2016-04-25;57;2016023099;2016;2016-06-06;2016-05-11 00:00:00;;;;36819.70;;CONTRATAÇÃO DE SERVIÇOS DE EMPRESA ESPECIALIZADA NA LOCAÇÃO DE ESTRUTURAS PARA EVENTOS, COMPREENDENDO: TABLADO, CAMARIM, SONORIZAÇÃO, ILUMINAÇÃO, BANHEIROS QUÍMICOS, TENDAS MEDINDO 5X5M, PALCO, E CONFECÇÃO DE PAINEL DE FUNDO (BANNER).;;0;;;0;0;0;11834;13;5;;2129;False
licitacoes;056/2016;Pregão Eletrônico;;Homologada;SECRETARIA MUNICIPAL DA SAÚDE;8600;2016-03-16;56;2016003911;2016;2016-06-06;2016-05-05 00:00:00;;;;146633.10;;CONTRATAÇÃO DE EMPRESA PARA FORNECIMENTO DE REFEIÇOES (LANCHES) PARA ATENDER OS USUARIOS DO CAPS II E CAPS AD III.;;0;;;0;0;0;11294;13;5;;2129;False
licitacoes;055/2016;Pregão Eletrônico;;Homologada;SECRETARIA MUNICIPAL DA SAÚDE;8600;2016-04-08;55;2016015525;2016;2016-05-19;2016-04-26 00:00:00;;;;66180.00;;REGISTRO DE PREÇOS TEM POR OBJETO A CONTRATAÇÃO DE EMPRESA ESPECIALIZADA NA PRESTAÇÃO DE SERVIÇOS DE MANUTENÇÃO PREVENTIVA E CORRETIVA, COM REPOSIÇÃO DE PEÇAS ORIGINAIS EM EQUIPAMENTOS ODONTOLÓGICOS.;;0;;;0;0;0;11645;13;5;;2129;False
licitacoes;054/2016;Pregão Eletrônico;;Homologada;SECRETARIA MUNICIPAL DA SAÚDE;8600;2016-04-06;54;2015069646;2016;2016-09-28;2016-04-20 00:00:00;;;;4000574.50;;AQUISIÇÃO DE MATERIAL DE CONSUMO E OUTROS, CONFORME ESPECIFICAÇÕES DO ANEXO I.;;0;;;0;0;0;11617;13;5;;2129;False
licitacoes;053/2016;Pregão Eletrônico;;Homologada;SECRETARIA MUNICIPAL DA SAÚDE;8600;2016-04-06;53;2015069181;2016;2016-05-10;2016-04-20 00:00:00;;;;241219.35;;CONTRATAÇÃO DE EMPRESA PARA PRESTAR SERVIÇOS COM SEGUROS DE VEICULOS DA REDE MUNICIPAL DE SAUDE ;;0;;;0;0;0;11598;13;5;;2129;False
licitacoes;052/2016;Pregão Eletrônico;;Homologada;SECRETARIA MUNICIPAL DA SAÚDE;8600;2016-04-05;52;2016008134;2016;2016-05-02;2016-04-20 00:00:00;;;;24047.20;;AQUISIÇÃO DE MATERIAIS DE AVIAMENTOS E OUTROS.;;0;;;0;0;0;11582;13;5;;2129;False
licitacoes;051/2016;Pregão Eletrônico;;Homologada;SECRETARIA MUNICIPAL DA SAÚDE;8600;2016-04-19;51;2016013000;2016;2016-06-28;2016-05-06 00:00:00;;;;0.00;;CONTRATAÇÃO DE EMPRESA PARA PRESTAR SERVIÇOS COM LOCAÇÃO DE UM GRUPO DE GERADOR - SAMU;;0;;;0;0;0;11580;13;5;;2129;False
licitacoes;050/2016;Pregão Eletrônico;;Homologada;SECRETARIA MUNICIPAL DA SAÚDE;8600;2016-04-05;50;2016012963;2016;2016-07-07;2016-04-19 00:00:00;;;;0.00;;REGISTRO DE PREÇOS VISANDO A FUTURA AQUISIÇÃO DE MEDICAMENTOS/REDE.;;0;;;0;0;0;11581;13;5;;2129;False
licitacoes;049/2016;Pregão Eletrônico;;Homologada;SECRETARIA MUNICIPAL DA SAÚDE;8600;2016-04-04;49;2016009918;2016;2016-05-09;2016-04-19 00:00:00;;;;172800.00;;CONTRATAÇÃO DE EMPRESA ESPECIALIZADA NA PRESTAÇÃO DE SERVIÇOS DE MANUTENÇÃO PREVENTIVA E CORRETIVA, COM REPOSIÇÃO DE PEÇAS ORIGINAIS, EM EQUIPAMENTOS ODONTOLÓGICOS, CONFORME ESPECIFICAÇÕES NOS ANEXOS I E II DO EDITAL.;;0;;;0;0;0;11546;13;5;;2129;False
licitacoes;048/2016;Pregão Eletrônico;;Homologada;SECRETARIA MUNICIPAL DA FAZENDA E TRANSFORMAÇÃO DIGITAL;2700;2016-04-04;48;2016010109;2016;2016-06-09;2016-04-15 00:00:00;;;;1320450.00;;AQUISIÇÃO DE EQUIPAMENTOS DE INFORMÁTICA PARA PROCESSAMENTO DE DADOS GERADOS ATRAVÉS DA REALIZAÇÃO DO GEOPROCESSAMENTO DO MUNICÍPIO DE PALMAS.;;0;;;0;0;0;11540;13;5;;2129;False
licitacoes;046/2016;Pregão Eletrônico;;Homologada;SECRETARIA MUNICIPAL DA SAÚDE;8600;2016-03-30;46;2016012310;2016;2016-05-09;2016-04-14 00:00:00;;;;0.00;;AQUISIÇÃO DE RÉPLICAS DE ALIMENTOS EM POLIURETANO OU RESINA CRISTAL PARA ATENDER O PROJETO ARMAZÉM DA SAÚDE.;;0;;;0;0;0;11447;13;5;;2129;False
licitacoes;045/2016;Pregão Eletrônico;;Homologada;SECRETARIA MUNICIPAL DA SAÚDE;8600;2016-03-30;45;2016010609;2016;2016-05-02;2016-04-13 00:00:00;;;;4250.00;;AQUISIÇÃO DE BAÚ E CAPACETES MOTOCICLISTICO - CCZ.;;0;;;0;0;0;11445;13;5;;2129;False
licitacoes;044/2016;Pregão Eletrônico;;Homologada;SECRETARIA MUNICIPAL DA SAÚDE;8600;2016-03-30;44;2016010615;2016;2016-05-02;2016-04-14 00:00:00;;;;9915.00;;LUPA DE PALA BINOCULAR COM SUPORTE DE METAL PARA PRENDER NA CABEÇA, COM LENTES EM CRISTAL  COM TAMANHOS MÍNIMOS DE 28X32MM, AUMENTO DE 2,5X, PINTURA BRANCA.;;0;;;0;0;0;11436;13;5;;2129;False
licitacoes;042/2016;Pregão Eletrônico;;Homologada;SECRETARIA MUNICIPAL DA SAÚDE;8600;2016-03-24;42;2016002318;2016;2016-06-07;2016-03-31 00:00:00;;;;2844277.00;;AQUISIÇÃO DE MEDICAMENTOS CONTROLADOS PARA ATENDER A REDE MUNICIPAL DE SAÚDE .;;0;;;0;0;0;11434;13;5;;2129;False
licitacoes;034/2016;Pregão Eletrônico;;Homologada;SECRETARIA MUNICIPAL DA SAÚDE;8600;2016-03-09;34;2016005463;2016;2016-06-02;2016-03-24 00:00:00;;;;0.00;;AQUISIÇÃO DE MEDICAMENTOS E MATERIAIS PARA USO VETERINARIO, DESTINADO PARA ATENDER O CENTRO DE CONTROLE DE ZOONOSES.;;0;;;0;0;0;11643;13;5;;2129;False
licitacoes;032/2016;Pregão Eletrônico;;Homologada;SECRETARIA MUNICIPAL DA SAÚDE;8600;2016-03-09;32;2016001979;2016;2016-06-01;2016-03-23 00:00:00;;;;2816085.00;;AQUISIÇÃO DE MEDICAMENTOS INJETÁVEIS.;;0;;;0;0;0;12530;13;5;;2129;False
licitacoes;031/2016;Pregão Eletrônico;;Homologada;SECRETARIA MUNICIPAL DA SAÚDE;8600;2016-03-14;31;2016004055;2016;2016-06-24;2016-04-01 00:00:00;;;;3594750.00;;CONTRATAÇÃO DE EMPRESA PARA FORNECIMENTO DE REFEIÇÕES ( ALMOÇO/JANTARES PARA ATENDER CAPS II, CAPS AD II, SAMU E UPAS NORTE E SUL.;;0;;;0;0;0;11295;13;5;;2129;False
licitacoes;030/2016;Pregão Eletrônico;;Homologada;SECRETARIA MUNICIPAL DA SAÚDE;8600;2016-03-09;30;2015064342;2016;2016-06-01;2016-03-23 00:00:00;;;;0.00;;AQUISIÇÃO DE MATERIAIS DE CONSTRUÇÃO/HIDRÁULICO;;0;;;0;0;0;11433;13;5;;2129;False
licitacoes;029/2016;Pregão Eletrônico;;Homologada;SECRETARIA MUNICIPAL DA SAÚDE;8600;2016-03-07;29;2015069577;2016;2016-06-06;2016-03-21 00:00:00;;;;2474056.00;;AQUISIÇÃO DE MEDICAMENTOS ;;0;;;0;0;0;12555;13;5;;2129;False
licitacoes;028/2016;Pregão Eletrônico;;Homologada;SECRETARIA MUNICIPAL DE INTEGRACAO SOCIAL E DEFESA DO CONSUMIDOR;7600;2016-03-07;28;2015059072;2016;2016-04-05;2016-03-21 00:00:00;;;;19980.00;;SERVIÇO DE FORNECIMENTO DE MARMITEX;;0;;;0;0;0;11800;13;5;;2129;False
licitacoes;026/2016;Pregão Eletrônico;;Homologada;FUNDAÇÃO MUNICIPAL DE ESPORTES E LAZER DE PALMAS;1600;2016-03-03;26;2015059460;2016;2016-05-03;2016-03-21 00:00:00;;;;97800.00;;FUTURA CONTRATAÇÃO DE EMPRESA ESPECIALIZADA NA PRESTAÇÃO DE SERVIÇOS DE CRONOMETRAGEM (LOCAÇÃO DE PONTOS, CRONOMETRAGEM DIGITAL, AQUISIÇÃO DE BRITAGS E PROFISSIONAIS HABILITADOS/CREDENCIADOS), PARA O CIRCUITO DE CORRIDA DE RUA VIRGÍLIO COELHO, EM PALMAS/TO;;0;;;0;0;0;11214;13;5;;2129;False
licitacoes;025/2016;Pregão Eletrônico;;Homologada;FUNDO MUNICIPAL DE DEFESA CIVIL;6200;2016-02-26;25;2016011178;2016;2016-04-08;2016-03-11 00:00:00;;;;75000.00;;SERVIÇOS DE FORNECIMENTO DE MARMITEX.;;0;;;0;0;0;11296;13;5;;2129;False
licitacoes;024/2016;Pregão Eletrônico;;Homologada;SECRETARIA MUNICIPAL DE INFRAESTRUTURA E SERVIÇOS PÚBLICOS;3500;2016-02-22;24;2016006320;2016;2016-03-31;2016-03-07 00:00:00;;;;0.00;;CONTRATAÇÃO DE EMPRESA ESPECIALIZADA PARA A PRESTAÇÃO DE SERVIÇOS DE LOCAÇÃO DE ONIBUS.;;0;;;0;0;0;11297;13;5;;2129;False
licitacoes;022/2016;Pregão Eletrônico;;Homologada;FUNDO MUNICIPAL DE SAÚDE;3200;2016-02-18;22;2015070049;2016;2016-06-13;2016-03-03 00:00:00;;;;65988.00;;REGISTRO DE PREÇOS VISANDO À FUTURA CONTRATAÇÃO DE EMPRESA ESPECIALIZADA EM LOCAÇÃO DE KIT CONCENTRADOR DE OXIGÊNIO.;;0;;;0;0;0;11337;13;5;;2129;False
licitacoes;020/2016;Pregão Eletrônico;;Homologada;SECRETARIA MUNICIPAL DA SAÚDE;8600;2016-02-11;20;2015061176;2016;2016-04-19;2016-02-24 00:00:00;;;;294743.20;;REGISTRO DE PREÇOS PARA FUTURA CONTRATAÇÃO DE EMPRESA ESPECIALIZADA EM SERVIÇOS GRÁFICOS (CONFECÇÃO DE CADERNETAS DA GESTANTE, FOLDERS, BANNER, CALENDÁRIO E SQUEEZE).;;0;;;0;0;0;11335;13;5;;2129;False
licitacoes;018/2016;Pregão Eletrônico;;Homologada;SECRETARIA MUNICIPAL DA SAÚDE;8600;2016-02-03;18;2016004020;2016;2016-02-25;2016-02-22 00:00:00;;;;48900.00;;REGISTRO DE PREÇOS PARA FUTURA CONTRATAÇÃO DE EMPRESA ESPECIALIZADA EM FORNECIMENTO DE ÁGUA MINERAL E GELO EM CUBO (GALÃO 20LT, COPO 200ML E GARRAFA 500ML);;0;;;0;0;0;11220;13;5;;2129;False
licitacoes;016/2016;Pregão Eletrônico;;Homologada;SECRETARIA MUNICIPAL DA SAÚDE;8600;2016-02-18;16;2015068448;2016;2016-06-28;2016-03-01 00:00:00;;;;77834.50;;CONTRATAÇÃO DE EMPRESA PARA PRESTAR SERVIÇOS COM HOSPEDAGENS E HOTELARIA PARA ATENDER A SECRETARIA MUNICIPAL DE SAÚDE.;;0;;;0;0;0;11421;13;5;;2129;False
licitacoes;015/2016;Registro de Preço;;Homologada;FUNDO MUNICIPAL DE CAPACITAÇÃO E APERFEIÇOAMENTO DOS SERVIDORES PÚBLICOS;6900;2016-10-20;15;2016052050;2016;2016-11-03;2016-11-03 00:00:00;;;;240477.00;;CONTRATAÇÃO DE EMPRESA ESPECIALIZADA EM SERVIÇOS DE IMPRESSÕES E DE MATERIAIS DE COMUNICAÇÃO/IDENTIDADE VISUAL.;;0;;;0;0;0;14328;90;5;;2129;False
licitacoes;012/2016;Pregão Presencial;;Homologada;SECRETARIA MUNICIPAL DA FAZENDA E TRANSFORMAÇÃO DIGITAL;2700;2016-10-07;12;2016052382;2016;2016-11-21;2016-10-24 00:00:00;;;;39935.55;;CONTRATAÇÃO DE EMPRESA ESPECIALIZADA EM SERVIÇOS DE REVITALIZAÇÃO DE SISTEMA DE ALIMENTAÇÃO DE QUADROS ELÉTRICOS DO PRÉDIO BURITI.;;0;;;0;0;0;14161;12;5;;2129;False
licitacoes;011/2016;Pregão Presencial;;Homologada;SECRETARIA MUNICIPAL DE DESENVOLVIMENTO RURAL;3300;2016-09-02;11;2016034742;2016;2016-10-13;2016-09-20 00:00:00;;;;59600.00;;REFORMA DA HORTA COMUNITÁRIA DA 303 NORTE;;0;;;0;0;0;13848;12;5;;2129;False
licitacoes;010/2016;Pregão Presencial;;Homologada;AGÊNCIA MUNICIPAL DE TURISMO;1400;2016-08-15;10;2016046290;2016;2017-03-08;2016-08-26 00:00:00;;;;17393.01;;AQUISIÇÃO DE MATERIAL PROMOCIONAL TAIS COMO (AVENTAIS, CAMISETAS, CHAPÉUS E TOALHAS);;0;;;0;0;0;13607;12;5;;2129;False
licitacoes;010/2016;Pregão Eletrônico;;Aberta;SECRETARIA MUNICIPAL DA FAZENDA E TRANSFORMAÇÃO DIGITAL;2700;2016-01-19;10;2015056848;2016;;2016-02-03 00:00:00;;;;0.00;;CONTRATAÇÃO DE EMPR.ESPEC. NA PRESTAÇÃO DE SERVIÇO TELEFÔNICO FIXO COMUTADO-STFC, ATRAVÉS DE TRONCO E1 DIGITAL, SERVIÇOS 0800, TRIDÍGITOS, SERVIÇOS DE LIGAÇÕES LOCAIS, LDN E LDI.;;0;;;0;0;0;11474;13;1;;2129;False
licitacoes;009/2016;Pregão Presencial;;Homologada;FUNDO MUNICIPAL DO MEIO AMBIENTE;6700;2016-07-19;9;2016037770;2016;2016-08-10;2016-08-01 00:00:00;;;;1976094.34;;CONTRATAÇÃO DE EMPRESA ESPECIALIZADA NA EXECUÇÃO DE SERVIÇO DE IMPERMEABILIZAÇÃO DE SUPERFÍCIE COM MANTA GEOMEMBRANA (MANTA TERMOPLÁSTICA LISA TIPO PEAD E=2 MM) NO ATERRO SANITÁRIO DE PALMAS, INCLUINDO O FORNECIMENTO E OS SERVIÇOS DE INSTALAÇÃO. CONFORME ESPECIFICAÇÕES CONSTANTES NOS ANEXOS I E II DO EDITAL.;;0;;;0;0;0;13373;12;5;;2129;False
licitacoes;008/2016;Pregão Eletrônico;;Homologada;SECRETARIA MUNICIPAL DE PLANEJAMENTO E DESENVOLVIMENTO HUMANO;2500;2016-02-15;8;2015010686;2016;2016-05-10;2016-02-26 00:00:00;;;;1612500.00;;FUTURA CONTRATAÇÃO DE EMPRESA PARA PRESTAÇÃO DE SERVIÇOS ESPECIALIZADOS EM REALIZAÇÃO DE AUDITORIA PÚBLICA EM SISTEMA PATRIMONIAL DE BENS MÓVEIS COM LEVANTAMENTO FÍSICO DOS BENS QUE COMPÕEM O ATIVO IMOBILIZADO;;0;;;0;0;0;12446;13;5;;2129;False
licitacoes;007/2016;Concorrência para Compras e Serviços;;Aberta;SECRETARIA MUNICIPAL DE INFRAESTRUTURA E SERVIÇOS PÚBLICOS;3500;2016-09-15;7;2016057163;2016;;2016-09-20 00:00:00;;;;0.00;;CONTRATAÇÃO DE EMPRESA PARA EXECUÇÃO DE SERVIÇOS DE DRENAGEM, TERRAPLANAGEM, PAVIMENTAÇÃO ASFÁLTICA, SINALIZAÇÃO VIÁRIA, CALÇADAS E CICLOVIAS DAS QUADRAS 1003 E 1103 SUL.;;0;;;0;0;0;14027;5;1;;2129;False
licitacoes;007/2016;Pregão Presencial;;Homologada;FUNDO MUNICIPAL DE ASSISTÊNCIA SOCIAL;5800;2016-07-06;7;2016036644;2016;2016-08-01;2016-07-20 00:00:00;;;;61296.00;;CONTRATAÇÃO DE EMPRESA ESPECIALIZADA EM SERVIÇOS DE GERENCIAMENTO DE MANUTENÇÃO (PREVENTIVA E CORRETIVA), COM FORNECIMENTO DE PEÇAS, OPERADA POR MEIO DE SISTEMA VIA WEB PRÓPRIO DA CONTRATADA;;0;;;0;0;0;13174;12;5;;2129;False
licitacoes;006/2016;Concorrência para Compras e Serviços;;Aberta;FUNDO MUNICIPAL DE HABITAÇÃO DE INTERESSE SOCIAL;6500;2016-09-27;6;2015051836;2016;;2016-10-31 00:00:00;;;;0.00;;CONTRATAÇÃO DE EMPRESA ESPECIALIZADA PARA CONCLUSÃO DE UNIDADES HABITACIONAIS;;0;;;0;0;0;14126;5;1;;2129;False
licitacoes;005/2016;Tomada de Preço para Compras e Serviços;;Aberta;SECRETARIA MUNICIPAL DE INFRAESTRUTURA E SERVIÇOS PÚBLICOS;3500;2016-12-15;5;2016041632;2016;;2016-11-03 00:00:00;;;;335085.14;;PRESTAÇÃO DE SERVIÇOS DE EXECUÇÃO DA PASSARELA PARA CICLOVIA DA AV. NS - 01 SOBRE COOREGO BREJO CUMPRIDO.;;0;;;0;0;0;14464;3;1;;2129;False
licitacoes;004/2016;Tomada de Preço para Compras e Serviços;;Aberta;FUNDAÇÃO MUNICIPAL DE ESPORTES E LAZER DE PALMAS;1600;2016-10-25;4;2015028087;2016;;2016-11-17 00:00:00;;;;0.00;;" A CONTRATAÇÃO DE EMPRESA ESPECIALIZADA PARA A PRESTAÇÃO DE SERVIÇOS DE CONSTRUÇÃO DE UMA PISTA DE CICLISTA BICICROSS BMX-SX NO FORMATO DE SUPERCROSS MODALIDADE CICLISMO PISTA B, LOCALIZADO NA ALCSE, Q. 1506 SUL, VILA OLÍMPICA, CONFORME ESPECIFICAÇÕES E CONDIÇÕES CONSTANTES DESTE EDITAL, SEU TERMO DE REFERÊNCIA E ANEXOS.";;0;;;0;0;0;14356;3;1;;2129;False
licitacoes;004/2016;Concorrência para Compras e Serviços;;Aberta;FUNDAÇÃO CULTURAL DE PALMAS;7100;2016-07-29;4;2016029140;2016;;2016-09-01 00:00:00;;;;0.00;;"3ª  PUBLICAÇÃO - PERMISSÃO DE USO A TITULO PRECARIO DE 01 (UM) MÓDULO MOBILIARIO URBANO, DENOMINADO DESDE JÁ ""BISTRÔ CULTURAL"" DESTINADO À EXPLORAÇAO DE ATIVIDADE ECONOMICA DE CARÁTER ALIMENTÍCIOS E SERVIÇOS, LOCALIZADO NO ESPAÇO CULTURAL, NO MUNICÍPIO DE PALMAS-TO.";;0;;;0;0;0;12903;5;1;;2129;False
licitacoes;004/2016;Pregão Presencial;;Homologada;FUNDO MUNICIPAL DE ASSISTÊNCIA SOCIAL;5800;2016-06-07;4;2016032755;2016;2016-07-22;2016-06-17 00:00:00;;;;45000.00;;CONTRATAÇÃO DE EMPRESA ESPECIALIZADA  PARA PRESTAÇÃO DE PASSAGENS AEREAS NACIONAIS.;;0;;;0;0;0;12597;12;5;;2129;False
licitacoes;003/2016;Pregão Presencial;;Aberta;SECRETARIA MUNICIPAL DA SAÚDE;8600;2016-04-01;3;2016016208;2016;;2016-04-15 00:00:00;;;;6600.00;;AQUISIÇÃO DE LONA E  CREDENCIAMENTO DE EMPRESA ESPECIALIZADA;;0;;;0;0;0;11500;12;1;;2129;False
licitacoes;003/2016;Tomada de Preço para Compras e Serviços;;Homologada;SECRETARIA MUNICIPAL DE INFRAESTRUTURA E SERVIÇOS PÚBLICOS;3500;2015-05-10;3;2016017909;2016;2016-06-21;2016-05-30 00:00:00;;;;169611.40;;PRESTAÇÃO DE SERVIÇOS  DE EXECUÇÃO DE OBRAS ;;0;;;0;0;0;12995;3;5;;2129;False
licitacoes;002/2016;Registro de Preço;;Homologada;SECRETARIA MUNICIPAL DA SAÚDE;8600;2016-03-30;2;2015069226;2016;2016-06-28;2016-04-13 00:00:00;;;;0.00;;CONTRATAÇÃO DE EMPRESA PARA PRESTAR SERVIÇOS COM PASSAGENS AEREAS PARA ATENDER A SECRETARIA MUNICIPAL DE SAÚDE ;;0;;;0;0;0;11441;90;5;;2129;False
licitacoes;002/2016;Concorrência para Compras e Serviços;;Homologada;SECRETARIA MUNICIPAL DE INFRAESTRUTURA E SERVIÇOS PÚBLICOS;3500;2016-03-24;2;2016011179;2016;2016-07-28;2016-04-29 00:00:00;;;;0.00;;"CONTRATAÇÃO DE EMPRESA PARA CONSTRUÇÃO DE CENTRO COMUNITÁRIO COM POSTO POLICIAL NO SETOR SANTO AMARO EM PALMAS-TO, CONFORME ESPECIFICAÇÕES E CONDIÇÕES CONSTANTES DESTE EDITAL, SEU TERMO DE REFERÊNCIA E ANEXOS.";;0;;;0;0;0;11419;5;5;;2129;False
licitacoes;001/2016;Concorrência para Compras e Serviços;;Aberta;SECRETARIA MUNICIPAL DE SEGURANCA E MOBILIDADE URBANA;1200;2016-04-18;1;2015014543;2016;;2016-05-23 00:00:00;;;;0.00;;CONCESSÃO DE SERVIÇO PÚBLICO, CONSISTENTE EM REMOÇÃO, GUARDA E DEPÓSITO DE VEÍCULOS APREENDIDOS OU RECOLHIDOS EM DECORRÊNCIA DE INFRAÇÃO DE TRÂNSITO, APLICAÇÃO DE MEDIDAS ADMINISTRATIVAS OU PENALIDADES, NO MUNICÍPIO DE PALMAS/TO, CONFORME ESPECIFICAÇÕES E CONDIÇÕES CONSTANTES DESTE EDITAL, SEU TERMO DE REFERÊNCIA E ANEXOS.;;0;;;0;0;0;11793;5;1;;2129;False
licitacoes;001/2016;Registro de Preço;;Homologada;SECRETARIA MUNICIPAL DE COMUNICAÇÃO;5600;2016-03-24;1;2016011103;2016;2016-04-12;2016-04-08 00:00:00;;;;0.00;;CONTRATAÇÃO DE EMPRESA ESPECIALIZADA EM SERVIÇOS DE IMPRESSÕES E DE MATERIAIS DE COMUNICAÇÃO/IDENTIDADE VISUAL, TAIS COMO: ADESIVOS, BANNERS, LONAS, PLACAS E OUTROS, CONFORME ESPECIFICAÇÕES CONSTANTES NO ANEXO I DO EDITAL.;;0;;;0;0;0;11464;90;5;;2129;False
licitacoes;001/2016;Pregão Eletrônico;;Homologada;SECRETARIA MUNICIPAL DE PLANEJAMENTO E DESENVOLVIMENTO HUMANO;2500;2016-01-04;1;2015009328;2016;2016-06-10;2016-01-18 00:00:00;;;;139700.00;;CONTRATAÇÃO DE EMP. ESPEC. EM SERV. ENGENHARIA DE SEGURANÇA DO TRABALHO E DE MEDICINA DO TRABALHO, PARA ELABORAÇÃO DE LTCAT, BEM COMO A ELABORAÇÃO DE LAUDOS DE INSALUBRIDADE E PERICULOSIDADE, CONF. ESPECIF. ANEXOS I E II DO EIDTAL.;;0;;;0;0;0;11541;13;5;;2129;False
licitacoes;<b>Processo </b>2016048481/2016;Pregão Eletrônico;;Aberta;SECRETARIA MUNICIPAL DA FAZENDA E TRANSFORMAÇÃO DIGITAL;2700;2016-11-16;;2016048481;2016;;2016-12-02 00:00:00;;;;;;REGISTRO DE PREÇOS  PARA A FUTURA CONTRATAÇÃO DE EMPRESA ESPECIALIZADA NA PRESTAÇÃO DE SERVIÇOS DE MAPEAMENTO, MODELAGEM DE PROCESSOS, GESTÃO DOCUMENTAL E FORNECIMENTO DE SOLUÇÕES TECNOLÓGICAS  SOFTWARE/SISTEMA DE GESTÃO DOCUMENTAL, PARA ATENDER A ADMINISTRAÇÃO PÚBLICA MUNICIPAL, CONFORME CONDIÇÕES E ESPECIFICAÇÕES CONTIDAS NOS ANEXOS I E II DO EDITAL.;;0;;;0;0;0;14606;13;1;;2129;False
licitacoes;<b>Processo </b>2016046656/2016;Registro de Preço;;Homologada;FUNDO MUNICIPAL DE ASSISTÊNCIA SOCIAL;5800;2016-11-14;;2016046656;2016;2016-12-21;2016-11-28 00:00:00;;;;174300.00;;CONTRATAÇÃO DE EMPRESA ESPECIALIZADA PARA ACOLHIMENTO DE PESSOA IDOSA.;;0;;;0;0;0;14242;90;5;;2129;False
licitacoes;<b>Processo </b>2016058200/2016;Pregão Eletrônico;;Homologada;SECRETARIA MUNICIPAL DA SAÚDE;8600;2016-11-11;;2016058200;2016;2017-04-11;2016-12-19 00:00:00;;;;12175.50;;AQUISIÇÃO DE PEÇAS DE EQUIPAMENTOS PARA INFORMÁTICA.;;0;;;0;0;0;14459;13;5;;2129;False
licitacoes;<b>Processo </b>2016065809/2016;Pregão Eletrônico;;Homologada;FUNDAÇÃO CULTURAL DE PALMAS;7100;2016-11-08;;2016065809;2016;2017-04-05;2016-11-23 00:00:00;;;;1028.33;;"PRESTAÇÃO DE SERVIÇOS GRAFICOS E REPRODUÇÃO DE FOTOS, COM FORNECIMENTO DE MATERIAIS.";;0;;;0;0;0;14482;13;5;;2129;False
licitacoes;<b>Processo </b>2016046191/2016;Pregão Eletrônico;;Homologada;SECRETARIA MUNICIPAL DE DESENVOLVIMENTO URBANO E SERVIÇOS REGIONAIS;9400;2016-10-11;;2016046191;2016;2016-11-30;2016-10-26 00:00:00;;;;98322.90;;AQUISIÇÃO DE FERRAMENTAS E EQUIPAMENTOS DE PROTEÇÃO INDIVIDUAL.;;0;;;0;0;0;14188;13;5;;2129;False
licitacoes;<b>Processo </b>2016050594/2016;Pregão Eletrônico;;Homologada;SECRETARIA MUNICIPAL DA SAÚDE;8600;2016-09-29;;2016050594;2016;2017-03-29;2016-10-17 00:00:00;;;;159200.00;;COMPRA DO SERVIÇO DE REFEIÇOES (QUENTINHAS) PARA ATENDER OS SERVIDORES PLANTONISTA DA CSC TAQUARUÇU.;;0;;;0;0;0;14136;13;5;;2129;False
licitacoes;<b>Processo </b>2016039806/2016;Pregão Eletrônico;;Homologada;SECRETARIA MUNICIPAL DA SAÚDE;8600;2016-09-20;;2016039806;2016;2016-12-22;2016-10-04 00:00:00;;;;158625.00;;AQUISIÇÃO DE MATERIAIS, PARA ATENDER AS NECESSIDADES DOS CENTROS DE REFERÊNCIAS;;0;;;0;0;0;14084;13;5;;2129;False
licitacoes;<b>Processo </b>2016036899/2016;Pregão Eletrônico;;Homologada;SECRETARIA MUNICIPAL DE INFRAESTRUTURA E SERVIÇOS PÚBLICOS;3500;2016-09-20;;2016036899;2016;2016-11-24;2016-10-04 00:00:00;;;;1438272.00;;PRESTAÇÃO DE SERVIÇOS DE MICRO TRATORES PARA PODA DE GRAMA.;;0;;;0;0;0;14087;13;5;;2129;False
licitacoes;<b>Processo </b>2016055279/2016;Pregão Eletrônico;;Aberta;FUNDO MUNICIPAL DE ASSISTÊNCIA SOCIAL;5800;2016-09-19;;2016055279;2016;;2016-10-04 00:00:00;;;;71846.25;;AQUISIÇÃO DE GÊNEROS ALIMENTÍCIOS PERECÍVEIS (BANANA PRATA, LARANJA, MAÇA E OUTROS);;0;;;0;0;0;14045;13;1;;2129;False
licitacoes;<b>Processo </b>2016035160/2016;Pregão Presencial;;Homologada;SECRETARIA MUNICIPAL DA SAÚDE;8600;2016-09-15;;2016035160;2016;2016-09-30;2016-07-19 00:00:00;;;;18480.00;; 3ª PUBLICAÇÃO - CONTRATAÇÃO DE EMPRESA PARA O FORNECIMENTO DE GÁS DE COZINHA, PARA ATENDER A REDE MUNICIPAL DE SAÚDE E SEDES ADMINISTRATIVAS;;0;;;0;0;0;13169;12;5;;2129;False
licitacoes;<b>Processo </b>2016044350/2016;Pregão Eletrônico;;Homologada;SECRETARIA MUNICIPAL DE DESENVOLVIMENTO SOCIAL;3700;2016-09-15;;2016044350;2016;2016-10-21;2016-09-29 00:00:00;;;;10231.40;;MATERIAL ESPORTIVO - PARQUE DO IDOSO;;0;;;0;0;0;14002;13;5;;2129;False
licitacoes;<b>Processo </b>2016054506/2016;Pregão Eletrônico;;Homologada;SECRETARIA MUNICIPAL DA SAÚDE;8600;2016-09-13;;2016054506;2016;2016-10-24;2016-09-28 00:00:00;;;;21380.00;;CONTRATAÇÃO DE EMPRESA ESPECIALIZADA EM CONFECÇÃO DE UNIFORMES A SEREM UTILIZADOS EXCLUSIVAMENTE PELOS SERVIDORES DE VIGILÂNCIA SANITÁRIA DA SECRETARIA MUNICIPAL DE SAÚDE.;;0;;;0;0;0;13967;13;5;;2129;False
licitacoes;<b>Processo </b>2016048862/2016;Pregão Eletrônico;;Homologada;SECRETARIA MUNICIPAL DA SAÚDE;8600;2016-09-05;;2016048862;2016;2016-10-21;2016-09-21 00:00:00;;;;32292.00;;AQUISIÇÃO BOTAS DE CANO MÉDIO EM COURO, CANO COM ZÍPER, FORRO DE ISOLAMENTO INTERNO E OUTROS, DESTINADO A TODOS OS PROFISSIONAIS DA ÁREA TÉCNICA (MÉDICOS, ENFERMEIROS, TÉCNICOS DE ENFERMAGEM E CONDUTORES).;;0;;;0;0;0;13912;13;5;;2129;False
licitacoes;<b>Processo </b>2016034767/2016;Pregão Eletrônico;;Homologada;SECRETARIA MUNICIPAL DA SAÚDE;8600;2016-08-29;;2016034767;2016;2016-10-03;2016-09-14 00:00:00;;;;109040.00;;AQUISIÇÃO DE EQUIPAMENTOS DE INFORMÁTICA ENTRE OUTROS, A FIM DE ATENDER AS ATIVIDADES BÁSICAS NO SERVIÇO DA SAMU 192.;;0;;;0;0;0;13827;13;5;;2129;False
licitacoes;<b>Processo </b>2016048628/2016;Pregão Eletrônico;;Homologada;SECRETARIA MUNICIPAL DA SAÚDE;8600;2016-08-25;;2016048628;2016;2016-10-03;2016-09-13 00:00:00;;;;2890.00;;AQUISIÇÃO DE UM SOMBRITE, PARA ATENDER O CENTRO DE SAÚDE DA COMUNIDADE TAQUARI SECRETARIA MUNICIPAL DE SAÚDE.;;0;;;0;0;0;13796;13;5;;2129;False
licitacoes;<b>Processo </b>2016046123/2016;Pregão Eletrônico;;Homologada;SECRETARIA MUNICIPAL DA SAÚDE;8600;2016-08-10;;2016046123;2016;2016-10-03;2016-08-23 00:00:00;;;;60260.00;;AQUISIÇÃO DE EQUIPAMENTOS DE PROTEÇÃO INDIVIDUAL (EPI) PARA OS TÉCNICOS DA VIGILÂNCIA EM SAÚDE DO TRABALHADOR - VISAT E DA UNIDADE DE VIGILANCIA CONTROLE DE ZOONOSES - UVCZ.;;0;;;0;0;0;13567;13;5;;2129;False
licitacoes;<b>Processo </b>2016042386/2016;Pregão Eletrônico;;Aberta;SECRETARIA MUNICIPAL DA SAÚDE;8600;2016-08-10;;2016042386;2016;;2016-08-24 00:00:00;;;;0.00;;AQUISIÇÃO DE SACHÊ DE REPELENTE, PARA REALIZAR AÇÕES EDUCATIVAS VOLTADA A POPULAÇÃO DO MUNICIPIO DE PALMAS- TO ;;0;;;0;0;0;13568;13;1;;2129;False
licitacoes;<b>Processo </b>2016039797/2016;Pregão Eletrônico;;Homologada;SECRETARIA MUNICIPAL DA SAÚDE;8600;2016-07-29;;2016039797;2016;2016-10-03;2016-08-01 00:00:00;;;;113938.00;;AQUISIÇÃO DE EQUIPAMENTOS DE REFRIGERAÇÃO PARA A ESTRUTURAÇÃO DA REDE DE FRIOS PARA ATENDER A REDE MUNICIPAL DE SAUDE.;;0;;;0;0;0;13478;13;5;;2129;False
licitacoes;<b>Processo </b>2016042064/2016;Pregão Eletrônico;;Homologada;SECRETARIA MUNICIPAL DE DESENVOLVIMENTO RURAL;3300;2016-07-06;;2016042064;2016;2016-08-03;2016-07-20 00:00:00;;;;79755.00;;AQUISIÇÃO DE RAÇÃO PARA PEIXES REDONDO;;0;;;0;0;0;13165;13;5;;2129;False
licitacoes;<b>Processo </b>2016021226/2016;Pregão Eletrônico;;Homologada;SECRETARIA MUNICIPAL DA SAÚDE;8600;2016-07-06;;2016021226;2016;2016-09-21;2016-07-19 00:00:00;;;;371468.80;;AQUISIÇÃO DE MATERIAIS DE ENFERMAGEM PARA ATENDER A REDE MUNICIPAL DE SAÚDE.;;0;;;0;0;0;13168;13;5;;2129;False
licitacoes;<b>Processo </b>2015068725/2016;Registro de Preço;;Homologada;SECRETARIA MUNICIPAL DA FAZENDA E TRANSFORMAÇÃO DIGITAL;2700;2016-07-04;;2015068725;2016;2017-06-23;2016-07-18 00:00:00;;;;46010.00;;CONTRATAÇÃO DE EMPRESA ESPECIALIZADA EM FORNECIEMNTO DE CARIMBOS.;;0;;;0;0;0;13136;90;5;;2129;False
licitacoes;<b>Processo </b>2016037334/2016;Registro de Preço;;Homologada;SECRETARIA MUNICIPAL DE INFRAESTRUTURA E SERVIÇOS PÚBLICOS;3500;2016-07-01;;2016037334;2016;2016-08-02;2016-07-14 00:00:00;;;;500010.90;;"CONTRATAÇÃO DE EMPRESA ESPECIALIZADA NO FORNECIMENTO DE CBUQ - CONCRETO BETUMINOSO USINADO A QUENTE DOSADO COM CAP 50/70, FAIXA ""C"" DO DNIT A SER UTILIZADO NO REPARO DA MALHA ASFÁLTICA URBANA E NOS SERVIÇOS TIPO TAPA BURACOS.";;0;;;0;0;0;13108;90;5;;2129;False
licitacoes;<b>Processo </b>2016030211/2016;Pregão Eletrônico;;Homologada;FUNDO MUNICIPAL DO MEIO AMBIENTE;6700;2016-06-24;;2016030211;2016;2016-08-10;2016-07-07 00:00:00;;;;10582.61;;MATERIAL DE EXPEDIENTE;;0;;;0;0;0;12994;13;5;;2129;False
licitacoes;<b>Processo </b>2016028059/2016;Pregão Eletrônico;;Aberta;SECRETARIA MUNICIPAL DA SAÚDE;8600;2016-06-20;;2016028059;2016;;2016-07-01 00:00:00;;;;3564.09;;AQUISIÇÃO DE MATERIAIS PARA ATENDER A GERENCIA DE VIGILÂNCIA EM CONTROLE DE ZOONOSES.;;0;;;0;0;0;12901;13;1;;2129;False
licitacoes;<b>Processo </b>2016029872/2016;Pregão Eletrônico;;Homologada;SECRETARIA MUNICIPAL DA SAÚDE;8600;2016-06-07;;2016029872;2016;2016-07-06;2016-06-22 00:00:00;;;;14745.44;;AQUISIÇÃO DE LIVROS TECNICOS UNIVERSITARIOS NACIONAIS E ESTRANGEIROS PARA ATENDER A FUNDAÇÃO ESCOLA DE SAUDE PUBLICA DE PALMAS.;;0;;;0;0;0;12617;13;5;;2129;False
licitacoes;<b>Processo </b>2016030387/2016;Pregão Eletrônico;;Homologada;SECRETARIA MUNICIPAL DA SAÚDE;8600;2016-05-31;;2016030387;2016;2016-07-04;2016-06-13 00:00:00;;;;13362.00;;AQUISIÇÃO DE MATERIAIS DIVERSOS;;0;;;0;0;0;12532;13;5;;2129;False
licitacoes;<b>Processo </b>2016028148/2016;Pregão Eletrônico;;Homologada;SECRETARIA MUNICIPAL DA SAÚDE;8600;2016-05-17;;2016028148;2016;2016-06-22;2016-04-28 00:00:00;;;;7885.40;;INSUMOS PARA LABORATÓRIO.;;0;;;0;0;0;11857;13;5;;2129;False
licitacoes;<b>Processo </b>2015059629/2016;Pregão Eletrônico;;Homologada;SECRETARIA MUNICIPAL DA SAÚDE;8600;2016-03-21;;2015059629;2016;2016-04-19;2016-04-04 00:00:00;;;;813100.00;;AQUISIÇÃO DE FRALDAS DESCARTAVEIS ;;0;;;0;0;0;11347;13;5;;2129;False
licitacoes;<b>Processo </b>2016014203/2016;Pregão Eletrônico;;Homologada;SECRETARIA MUNICIPAL DA SAÚDE;8600;2016-03-16;;2016014203;2016;2016-04-25;2016-04-01 00:00:00;;;;58725.00;;AQUISIÇÃO DE MATERIAIS DE EXPEDIENTE (APARELHOS TELEFÔNICOS, CANETAS, BOBINA DE PAPEL E PASTA SUSPENSA), A FIM DE ATENDER A REDE MUNICIPAL DE SAÚDE.;;0;;;0;0;0;11348;13;5;;2129;False
licitacoes;<b>Processo </b>2015064348/2016;Pregão Eletrônico;;Homologada;SECRETARIA MUNICIPAL DA SAÚDE;8600;2016-03-16;;2015064348;2016;2016-05-31;2016-04-01 00:00:00;;;;181389.35;;CONTRATAÇÃO DA EMPRESA PARA PRESTAR SERVIÇOS COM FORNECIMENTO DE MATERIAIS DE PINTURA ;;0;;;0;0;0;11363;13;5;;2129;False
licitacoes;<b>Processo </b>2015069737/2016;Pregão Eletrônico;;Homologada;SECRETARIA MUNICIPAL DA SAÚDE;8600;2016-03-09;;2015069737;2016;2016-04-19;2016-03-23 00:00:00;;;;2915950.00;;AQUISIÇÃO DE MEDICAMENTOS PARA ATENDER A REDE MUNICIPAL DE SAÚDE.;;0;;;0;0;0;11276;13;5;;2129;False
licitacoes;<b>Processo </b>2016006320/2016;Pregão Eletrônico;;Aberta;SECRETARIA MUNICIPAL DE INFRAESTRUTURA E SERVIÇOS PÚBLICOS;3500;2016-02-22;;2016006320;2016;;2016-03-07 00:00:00;;;;176880.00;;CONTRATAÇÃO DE EMPRESA ESPECIALIZADA PARA PRESTAÇÃO DE SERVIÇOS DE LOCAÇÃO DE ONIBUS.;;0;;;0;0;0;11339;13;1;;2129;False
licitacoes;<b>Processo </b>2015048124/2016;Pregão Eletrônico;;Homologada;FUNDO MUNICIPAL DO MEIO AMBIENTE;6700;2016-02-15;;2015048124;2016;2016-09-27;2016-02-29 00:00:00;;;;24800.30;;MONITORAMENTO DA QUALIDADE DA AGUA E DE EFLUENTES;;0;;;0;0;0;13496;13;5;;2129;False
licitacoes;<b>Processo </b>2015068001/2016;Pregão Eletrônico;;Aberta;SECRETARIA MUNICIPAL DE SEGURANCA E MOBILIDADE URBANA;1200;2016-02-05;;2015068001;2016;;2016-02-22 00:00:00;;;;284202.70;;AQUISIÇÃO DE UNIFORMES.;;0;;;0;0;0;13495;13;1;;2129;False
licitacoes;<b>Processo </b>2015040872/2016;Pregão Eletrônico;;Homologada;AGÊNCIA MUNICIPAL DE TURISMO;1400;2016-01-27;;2015040872;2016;2016-05-19;2016-02-12 00:00:00;;;;37390.00;;IMPLANTAÇÃO DE PLACAS DE INFORMAÇAO TURISTICAS E EDUCATIVAS PARA TAQUARUÇU;;0;;;0;0;0;11362;13;5;;2129;False
licitacoes;<b>Processo </b>2015026891/2016;Registro de Preço;;Aberta;FUNDO MUNICIPAL DE  ILUMINAÇÃO PÚBLICA;6300;2015-10-16;;2015026891;2016;;2015-11-03 00:00:00;;;;1195675.26;;AQUISIÇÃO DE MATERIAL ELÉTRICO PARA INSTALAÇÃO NO PARQUE CESAMAR E CICLOVIA;;0;;;0;0;0;13256;90;1;;2129;False
licitacoes;<b>Processo </b>2015015542/2016;Pregão Eletrônico;;Aberta;SECRETARIA MUNICIPAL DE DESENVOLVIMENTO ECONÔMICO E EMPREGO;2600;2015-07-15;;2015015542;2016;;2015-07-30 00:00:00;;;;0.00;;FORNECIMENTO DE EQUIPAMENTO DE INFORMATICA.;;0;;;0;0;0;13497;13;1;;2129;False
licitacoes;<b>Processo </b>2014033076/2016;Registro de Preço;;Homologada;SECRETARIA MUNICIPAL DA FAZENDA E TRANSFORMAÇÃO DIGITAL;2700;2015-02-12;;2014033076;2016;2015-11-05;2015-03-05 00:00:00;;;;11100013.32;;VIGILANCIA ARMADA / DESARMADA E SEGURANÇA PATRIMONIAL , A SEREM  REALIZADO EM PREDIOS ;;0;;;0;0;0;13927;90;5;;2129;False
licitacoes;179/2015;Pregão Eletrônico;;Homologada;FUNDO MUNICIPAL DO MEIO AMBIENTE;6700;2016-03-08;179;2015032323;2015;2016-04-12;2016-03-23 00:00:00;;;;10429.10;;ENTRETANTO , O VALOR DA REQUISIÇÃO FOI FEITA  NO VALOR DE  10.429,10  POI ESSE E O VALOR A SER UTILIZADOS NOS MESES DE MAIO A DEZEMBRO DE 2016 , HAJA VISTA  QUE A NOTA DE EMPENHO NAO PODE ULTRAPASSAR DE UM ANO PARA OUTRO .;;0;;;0;0;0;11898;13;5;;2129;False
licitacoes;171/2015;Pregão Eletrônico;;Homologada;SECRETARIA MUNICIPAL DA FAZENDA E TRANSFORMAÇÃO DIGITAL;2700;2015-10-29;171;2015022353;2015;2016-03-08;2015-11-12 00:00:00;;;;576745.00;;AQUISIÇ]ÃO DE SOFTWARE DE ANTIVIRUS PARA ESTAÇÃO DE TRABALHO. ;;0;;;0;0;0;11977;13;5;;2129;False
licitacoes;170/2015;Pregão Eletrônico;;Homologada;SECRETARIA MUNICIPAL DA EDUCAÇÃO;2900;2015-10-26;170;2015048029;2015;2016-03-22;2016-03-21 00:00:00;;;;5241.13;;AQUISIÇÃO DE MATERIAIS ELETRICOS HIDRAULICOS E FERRAMENTAS ;;0;;;0;0;0;11274;13;5;;2129;False
licitacoes;170/2015;Pregão Eletrônico;;Homologada;SECRETARIA MUNICIPAL DA EDUCAÇÃO;2900;2015-10-26;170;2015048029;2015;2016-03-22;2016-03-22 00:00:00;;;;21.00;;AQUISIÇÃO DE MATERIAIS ELETRICOS ,HIDROULICOS E FERRAMENTAS ;;0;;;0;0;0;11306;13;5;;2129;False
licitacoes;034/2015;Pregão Eletrônico;;Homologada;SECRETARIA MUNICIPAL DA EDUCAÇÃO;2900;2015-10-08;34;2015012008;2015;2016-04-14;2015-08-24 00:00:00;;;;54700.00;;CONTRATAÇÃO DE EMPRESA  ESPECIALIZADA PARA PRESTAÇÃO DE SERVIÇOS EM TRANSPORTE ESCOLAR ;;0;;;0;0;0;11709;13;5;;2129;False
licitacoes;014/2015;Concorrência para Compras e Serviços;;Homologada;FUNDO MUNICIPAL DE HABITAÇÃO DE INTERESSE SOCIAL;6500;2015-12-18;14;2015051836;2015;2016-03-28;2015-12-18 00:00:00;;;;2890777.35;;CONTRATAÇÃO DE EMPRESA ESPECIALIZADA  PARA CONCLUSÃO DE 128 UNIDADES  HABITACIONAIS  META 03 ;;0;;;0;0;0;11739;5;5;;2129;False
licitacoes;013/2015;Concorrência para Compras e Serviços;;Homologada;FUNDO MUNICIPAL DE HABITAÇÃO DE INTERESSE SOCIAL;6500;2015-12-17;13;2015051842;2015;2016-03-28;2015-12-17 00:00:00;;;;2255798.94;;CONTRATAÇÃO DE EMPRESA  PRESTAÇÃO DE SERVIÇOS  META 01 NA QUADRA 1.304 SUL ;;0;;;0;0;0;11766;5;5;;2129;False
licitacoes;001/2013;Convite para Compras e Serviços;;Aberta;SECRETARIA MUNICIPAL DE INFRAESTRUTURA E SERVIÇOS PÚBLICOS;3500;2013-04-26;1;2013009643;2013;;2013-05-08 00:00:00;;;;91486.15;;EXECUÇÃO SERVIÇOS DE ADEQUAÇÃO DO PRÉDIO CETIPA;;0;;;0;0;0;4195;1;1;;2129;False
licitacoes;002/2012;Convite para Compras e Serviços;;Homologada;SECRETARIA MUNICIPAL DE DESENVOLVIMENTO RURAL;3300;2012-05-25;2;2011018571;2012;2012-08-20;2012-04-24 00:00:00;;;;;;.;;0;;;0;0;0;3185;1;5;;2129;False
licitacoes;005/2011;Convite para Compras e Serviços;;Homologada;SECRETARIA MUNICIPAL DE GOVERNO E RELAÇÕES INSTITUCIONAIS;7900;2012-04-09;5;2011027853;2011;2012-08-20;2011-11-24 00:00:00;;;;20509.65;;REFORMA DA CASA DE PASSAGEM;;0;;;0;0;0;2645;1;5;;2129;False
licitacoes;003/2011;Convite para Compras e Serviços;;Homologada;SECRETARIA MUNICIPAL DA EDUCAÇÃO;2900;2012-01-19;3;2011031059;2011;2012-08-20;2012-01-19 00:00:00;;;;116240.48;;CONCLUSÃO DA OBRA DE CONSTRUÇÃO DA QUADRA POLIESPORTIVA NA ESCOLA MUNICIPAL BEATRIZ RODRIGUES DA SILVA, LOCALIZADA A 405 NORTE LOTE 02 AMP 01, PALMAS TO;;0;;;0;0;0;1822;1;5;;2129;False
licitacoes;002/2011;Convite para Compras e Serviços;;Homologada;SECRETARIA MUNICIPAL DO MEIO AMBIENTE E SERVICOS PUBLICOS;4400;2011-09-21;2;2010041406;2011;2012-08-20;1911-02-26 00:00:00;;;;0.00;;CONSTRUÇÃO DO QUIOSQUE  E REPAROS NA PRAÇA OÁSIS, NA 103 SUL.;;0;;;0;0;0;1357;1;5;;2129;False
licitacoes;002/2011;Convite para Compras e Serviços;;Homologada;SECRETARIA MUNICIPAL DO MEIO AMBIENTE E SERVICOS PUBLICOS;4400;2011-06-20;2;2010041406;2011;2012-08-20;2011-06-20 00:00:00;;;;51907.90;;CONTRATAÇÃO DE EMPRESA PARA CONSTRUÇÃO DE QUIOSQUE E REPAROS NA PRAÇA OASIS, CONFORME CRONOGRAMA FISICO-FINANCEIRO.;;0;;;0;0;0;798;1;5;;2129;False
licitacoes;001/2011;Convite para Compras e Serviços;;Homologada;SECRETARIA MUNICIPAL DE DESENVOLVIMENTO RURAL;3300;2011-09-14;1;2011017541;2011;2012-08-20;2011-07-25 00:00:00;;;;98745.00;;CONSTRUÇÃO GALPÃO DE FLORES TROPICAIS QUADRA 304 SUL;;0;;;0;0;0;1309;1;5;;2129;False
licitacoes;001/2011;Convite para Compras e Serviços;;Homologada;SECRETARIA MUNICIPAL DE DESENVOLVIMENTO RURAL;3300;2011-09-12;1;2011017541;2011;2012-08-20;2011-07-25 00:00:00;;;;10840.00;;CONSTRUÇÃO GALPÃO FLORES TROPICAIS QD 304 SUL;;0;;;0;0;0;1301;1;5;;2129;False
